﻿<?xml version="1.0" encoding="UTF-8" ?><Production_Data Version="5.00"><HTMLTemplateFile>Template.htm</HTMLTemplateFile>
<HTMLTemplateBodyFile>expressShow\SSWFTemplate-body.htm</HTMLTemplateBodyFile>
<HTMLTemplateHeaderFile>expressShow\SSWFTemplate-header.htm</HTMLTemplateHeaderFile>
<VideoFilenameWithPath>C:\Documents and Settings\Mark\My Documents\Camtasia Studio\Total Beginners\output-200711\lesson08\lesson08.swf</VideoFilenameWithPath>
<AddIPodFileSize>0 bytes</AddIPodFileSize>
<AddMP3FileSize>0 bytes</AddMP3FileSize>
<AddPPTFileSize>0 bytes</AddPPTFileSize>
<ProjectName>lesson08</ProjectName>
<MediaDir></MediaDir>
<ShouldCreateMediaDir>0</ShouldCreateMediaDir>
<MaxTimelineWidth>800</MaxTimelineWidth>
<MaxTimelineHeight>600</MaxTimelineHeight>
<MaxTimelineFPS>15.00</MaxTimelineFPS>
<MaxVideoWidth>800</MaxVideoWidth>
<MaxVideoHeight>600</MaxVideoHeight>
<MaxVideoFPS>15.00</MaxVideoFPS>
<MaxPIPWidth>0</MaxPIPWidth>
<MaxPIPHeight>0</MaxPIPHeight>
<MaxPIPFPS>0.00</MaxPIPFPS>
<VideoDuration>792.13</VideoDuration>
<PIPVideoDuration>791.93</PIPVideoDuration>
<VideoFPS>30.00</VideoFPS>
<PIPVideoFPS>30.00</PIPVideoFPS>
<VideoWidth>800</VideoWidth>
<VideoHeight>618</VideoHeight>
<ActualVideoWidth>800</ActualVideoWidth>
<ActualVideoHeight>600</ActualVideoHeight>
<PIPVideoWidth>160</PIPVideoWidth>
<PIPVideoHeight>120</PIPVideoHeight>
<TOCWidth>-1</TOCWidth>
<MinTOCWidth>160</MinTOCWidth>
<TOCDividerHeight>18</TOCDividerHeight>
<TimelineHasAudio>1</TimelineHasAudio>
<TimelineDuration>7921333333</TimelineDuration>
<SWFControllerTotalHeight>18</SWFControllerTotalHeight>
<SWFMinWidth>320</SWFMinWidth>
<SWFTOCXPos>0</SWFTOCXPos>
<SWFTOCYPos>0</SWFTOCYPos>
<SWFTOCWidth>160</SWFTOCWidth>
<SWFTOCHeight>600</SWFTOCHeight>
<SWFHasPIPOverlay>0</SWFHasPIPOverlay>
<SWFControllerColor></SWFControllerColor>
<SWFTimeDispFontColor>0x000000</SWFTimeDispFontColor>
<SWFPlaybackConfigFileName>lesson08_config.xml</SWFPlaybackConfigFileName>
<SWFPlaybackControllerFileName>lesson08_controller.swf</SWFPlaybackControllerFileName>
<SWFPreloaderFileName></SWFPreloaderFileName>
<StripWhitespace>0</StripWhitespace>
<WritingImages>0</WritingImages>
<WritePreviewXML>0</WritePreviewXML>
<DisableTOC>0</DisableTOC>
<AutoPlay>0</AutoPlay>
<CancelledProduction>0</CancelledProduction>
<CancelledProdLength>7921000000</CancelledProdLength>
<Hotspot_Array>
<Hotspot_Array_Object>
               <array>
               <hotspot>
               </hotspot>
               <hotspot>
               </hotspot>
               <hotspot>
               </hotspot>
               <hotspot>
               </hotspot>
               <hotspot>
               </hotspot>
               <hotspot>
               </hotspot>
               <hotspot>
               </hotspot>
               <hotspot>
               </hotspot>
               <hotspot>
               </hotspot>
               <hotspot>
               </hotspot>
               <hotspot>
               </hotspot>
               <hotspot>
               </hotspot>
               <hotspot>
               </hotspot>
               <hotspot>
               </hotspot>
               <hotspot>
               </hotspot>
               <hotspot>
               </hotspot>
               <hotspot>
               </hotspot>
               <hotspot>
               </hotspot>
               <hotspot>
               </hotspot>
               </array>
</Hotspot_Array_Object>
</Hotspot_Array>
<AdjGlobalRenderRangeStart>-1</AdjGlobalRenderRangeStart>
<AdjGlobalRenderRangeStop>-1</AdjGlobalRenderRangeStop>
<AdjRenderRange_Array>
<AdjRenderRange_Obj>
<AdjRenderRangeStart>0</AdjRenderRangeStart>
<AdjRenderRangeStop>339333333</AdjRenderRangeStop>
</AdjRenderRange_Obj>
<AdjRenderRange_Obj>
<AdjRenderRangeStart>339333333</AdjRenderRangeStart>
<AdjRenderRangeStop>2859000000</AdjRenderRangeStop>
</AdjRenderRange_Obj>
<AdjRenderRange_Obj>
<AdjRenderRangeStart>2859000000</AdjRenderRangeStart>
<AdjRenderRangeStop>3608666667</AdjRenderRangeStop>
</AdjRenderRange_Obj>
<AdjRenderRange_Obj>
<AdjRenderRangeStart>3608666667</AdjRenderRangeStart>
<AdjRenderRangeStop>4208666667</AdjRenderRangeStop>
</AdjRenderRange_Obj>
<AdjRenderRange_Obj>
<AdjRenderRangeStart>4208666667</AdjRenderRangeStart>
<AdjRenderRangeStop>4599000000</AdjRenderRangeStop>
</AdjRenderRange_Obj>
<AdjRenderRange_Obj>
<AdjRenderRangeStart>4599000000</AdjRenderRangeStart>
<AdjRenderRangeStop>6590333333</AdjRenderRangeStop>
</AdjRenderRange_Obj>
<AdjRenderRange_Obj>
<AdjRenderRangeStart>6590333333</AdjRenderRangeStart>
<AdjRenderRangeStop>7921333333</AdjRenderRangeStop>
</AdjRenderRange_Obj>
</AdjRenderRange_Array>
<AdjMarkerDuration_Array>
<AdjMarkerDuration_Obj>
<AdjMarkerDuration>339333333</AdjMarkerDuration>
</AdjMarkerDuration_Obj>
<AdjMarkerDuration_Obj>
<AdjMarkerDuration>2519666667</AdjMarkerDuration>
</AdjMarkerDuration_Obj>
<AdjMarkerDuration_Obj>
<AdjMarkerDuration>749666667</AdjMarkerDuration>
</AdjMarkerDuration_Obj>
<AdjMarkerDuration_Obj>
<AdjMarkerDuration>600000000</AdjMarkerDuration>
</AdjMarkerDuration_Obj>
<AdjMarkerDuration_Obj>
<AdjMarkerDuration>390333333</AdjMarkerDuration>
</AdjMarkerDuration_Obj>
<AdjMarkerDuration_Obj>
<AdjMarkerDuration>1991333333</AdjMarkerDuration>
</AdjMarkerDuration_Obj>
<AdjMarkerDuration_Obj>
<AdjMarkerDuration>1331000000</AdjMarkerDuration>
</AdjMarkerDuration_Obj>
</AdjMarkerDuration_Array>
<AdjMarkerTimes_Array>
<AdjMarkerTime_Obj>
<AdjMarkerTime>0</AdjMarkerTime>
</AdjMarkerTime_Obj>
<AdjMarkerTime_Obj>
<AdjMarkerTime>339333333</AdjMarkerTime>
</AdjMarkerTime_Obj>
<AdjMarkerTime_Obj>
<AdjMarkerTime>2859000000</AdjMarkerTime>
</AdjMarkerTime_Obj>
<AdjMarkerTime_Obj>
<AdjMarkerTime>3608666667</AdjMarkerTime>
</AdjMarkerTime_Obj>
<AdjMarkerTime_Obj>
<AdjMarkerTime>4208666667</AdjMarkerTime>
</AdjMarkerTime_Obj>
<AdjMarkerTime_Obj>
<AdjMarkerTime>4599000000</AdjMarkerTime>
</AdjMarkerTime_Obj>
<AdjMarkerTime_Obj>
<AdjMarkerTime>6590333333</AdjMarkerTime>
</AdjMarkerTime_Obj>
</AdjMarkerTimes_Array>
<HasQuizQuestions>0</HasQuizQuestions>
<m_strQuizQuestionOfString>Question @ of @</m_strQuizQuestionOfString>
<m_strQuizPrevString>Prev</m_strQuizPrevString>
<m_strQuizSubmitString>Submit</m_strQuizSubmitString>
<m_strQuizNextString>Next</m_strQuizNextString>
<m_strQuizDoneString>Done</m_strQuizDoneString>
<m_strQuizPreviewString>Preview</m_strQuizPreviewString>
<m_strQuizSendString>Send</m_strQuizSendString>
<m_strQuizMainMessageString>You have reached the end of the questions and this video. Your answers are ready to be sent.</m_strQuizMainMessageString>
<m_strQuizEmailContentsString>E-mail Contents</m_strQuizEmailContentsString>
<m_strQuizEmailToString>E-mail to </m_strQuizEmailToString>
<m_strQuizAnswersSentString>Your answers have been sent.</m_strQuizAnswersSentString>
<m_strQuizSummaryString>You have completed @ of @ questions.</m_strQuizSummaryString>
<m_strQuizScoreString>Score = @/@</m_strQuizScoreString>
<m_strQuizSummaryTitleString>Answers Summary</m_strQuizSummaryTitleString>
<Quiz_Array>
</Quiz_Array>
<Markers_Array>
<Marker_Object>
<MarkerName>Introduction</MarkerName>
<MarkerImage></MarkerImage>
<MarkerTime>0</MarkerTime>
<IndentLevel>0</IndentLevel>
<ShouldIgnore>0</ShouldIgnore>
</Marker_Object>
<Marker_Object>
<MarkerName>testGetPerson() Method</MarkerName>
<MarkerImage></MarkerImage>
<MarkerTime>339333333</MarkerTime>
<IndentLevel>0</IndentLevel>
<ShouldIgnore>0</ShouldIgnore>
</Marker_Object>
<Marker_Object>
<MarkerName>setPerson() Method</MarkerName>
<MarkerImage></MarkerImage>
<MarkerTime>2859000000</MarkerTime>
<IndentLevel>0</IndentLevel>
<ShouldIgnore>0</ShouldIgnore>
</Marker_Object>
<Marker_Object>
<MarkerName>Access Modifiers</MarkerName>
<MarkerImage></MarkerImage>
<MarkerTime>3608666667</MarkerTime>
<IndentLevel>0</IndentLevel>
<ShouldIgnore>0</ShouldIgnore>
</Marker_Object>
<Marker_Object>
<MarkerName>getPerson() Method</MarkerName>
<MarkerImage></MarkerImage>
<MarkerTime>4208666667</MarkerTime>
<IndentLevel>0</IndentLevel>
<ShouldIgnore>0</ShouldIgnore>
</Marker_Object>
<Marker_Object>
<MarkerName>One-to-One Relationship</MarkerName>
<MarkerImage></MarkerImage>
<MarkerTime>4599000000</MarkerTime>
<IndentLevel>0</IndentLevel>
<ShouldIgnore>0</ShouldIgnore>
</Marker_Object>
<Marker_Object>
<MarkerName>JUnit Test Suite</MarkerName>
<MarkerImage></MarkerImage>
<MarkerTime>6590333333</MarkerTime>
<IndentLevel>0</IndentLevel>
<ShouldIgnore>0</ShouldIgnore>
</Marker_Object>
</Markers_Array>
<CaptionPlayerXML_Array>
<Caption_Array_Object>
<CaptionXML>   <array>
      <captionObject>
         <Time>0.000000</Time>
         <Caption><![CDATA[(Opening music ...)<BR><BR>]]></Caption>
      </captionObject>
      <captionObject>
         <Time>9.800000</Time>
         <Caption><![CDATA[Hello again and welcome back to Eclipse and Java <BR>for Total Beginners. In the last lesson, we <BR>started our Book class. ]]></Caption>
      </captionObject>
      <captionObject>
         <Time>18.433333</Time>
         <Caption><![CDATA[In this lesson, we&apos;re going to create a <BR>relationship between the Book class and our Person <BR>class.]]></Caption>
      </captionObject>
      <captionObject>
         <Time>23.500000</Time>
         <Caption><![CDATA[That way we can tell which person has a Book <BR>checked out. We&apos;re going to continue using the <BR>test-first methodology. So lets get started.]]></Caption>
      </captionObject>
      <captionObject>
         <Time>34.000000</Time>
         <Caption><![CDATA[We&apos;ll open our BookTest class for editing and add <BR>a new method called testGetPerson(). <BR>]]></Caption>
      </captionObject>
      <captionObject>
         <Time>42.300000</Time>
         <Caption><![CDATA[So we&apos;ll open up the project and the test folder, <BR>and open up BookTest for editing. We&apos;ll double-<BR>click to give ourselves more room. ]]></Caption>
      </captionObject>
      <captionObject>
         <Time>55.900000</Time>
         <Caption><![CDATA[We&apos;re going to create a test method for the <BR>getPerson() method, which we&apos;ll write in a few <BR>minutes. ]]></Caption>
      </captionObject>
      <captionObject>
         <Time>63.300000</Time>
         <Caption><![CDATA[As before, this test method will also in effect <BR>document what the getPerson method needs to do.<BR>]]></Caption>
      </captionObject>
      <captionObject>
         <Time>71.733333</Time>
         <Caption><![CDATA[So we&apos;ll start coding. First we&apos;ll create the test <BR>method. It&apos;s &quot;public void testGetPerson() {&quot;.<BR>]]></Caption>
      </captionObject>
      <captionObject>
         <Time>85.700000</Time>
         <Caption><![CDATA[Next, we&apos;ll create a new Book object called &quot;b2&quot; <BR>and we&apos;ll give it a name -- &quot;War And Peace&quot;.<BR>]]></Caption>
      </captionObject>
      <captionObject>
         <Time>95.933333</Time>
         <Caption><![CDATA[Then we&apos;ll create a new Person object, so we have <BR>a Person to work with.<BR>]]></Caption>
      </captionObject>
      <captionObject>
         <Time>107.300000</Time>
         <Caption><![CDATA[Then we&apos;ll give the Person a name. We&apos;ll call him <BR>&quot;Elvis&quot;. <BR>]]></Caption>
      </captionObject>
      <captionObject>
         <Time>117.933333</Time>
         <Caption><![CDATA[So these first three lines should be familiar. <BR>We&apos;re just setting up a couple of objects. <BR>		]]></Caption>
      </captionObject>
      <captionObject>
         <Time>124.600000</Time>
         <Caption><![CDATA[Now we&apos;ll type more of the method. This is the <BR>method that is going to say who the Book is loaned <BR>to. So the Book is loaned to this Person. ]]></Caption>
      </captionObject>
      <captionObject>
         <Time>136.033333</Time>
         <Caption><![CDATA[So it&apos;s &quot;b2.setPerson(p2);&quot;. Notice that code <BR>assist can&apos;t help us, because this method doesn&apos;t <BR>exist yet. ]]></Caption>
      </captionObject>
      <captionObject>
         <Time>143.533333</Time>
         <Caption><![CDATA[And we get the red underline, indicating a compile <BR>error (again, because the method doesn&apos;t exist). <BR>]]></Caption>
      </captionObject>
      <captionObject>
         <Time>150.633333</Time>
         <Caption><![CDATA[Now we&apos;re going to get the name of the Person who <BR>has the Book. So we&apos;re going to create a new <BR>Person, ]]></Caption>
      </captionObject>
      <captionObject>
         <Time>156.433333</Time>
         <Caption><![CDATA[and again the code assist can&apos;t help us because <BR>we&apos;re calling a new method that hasn&apos;t been <BR>written yet. ]]></Caption>
      </captionObject>
      <captionObject>
         <Time>165.100000</Time>
         <Caption><![CDATA[Then we&apos;ll create a String variable &quot;testName&quot; to <BR>hold the name of this Person.  <BR>]]></Caption>
      </captionObject>
      <captionObject>
         <Time>177.600000</Time>
         <Caption><![CDATA[Finally, we&apos;ll put in our assertEquals() <BR>statement. And we&apos;ll make sure that &quot;Elvis&quot; and <BR>our testName are equal. ]]></Caption>
      </captionObject>
      <captionObject>
         <Time>195.100000</Time>
         <Caption><![CDATA[Note that we are skipping over a subtle point <BR>here. <BR>]]></Caption>
      </captionObject>
      <captionObject>
         <Time>199.033333</Time>
         <Caption><![CDATA[We are not checking the the object p2 is equal to <BR>the object returned by the b2.getPerson() method. <BR>]]></Caption>
      </captionObject>
      <captionObject>
         <Time>209.533333</Time>
         <Caption><![CDATA[In Java, checking whether objects are equal can <BR>get a little complicated. <BR>]]></Caption>
      </captionObject>
      <captionObject>
         <Time>215.100000</Time>
         <Caption><![CDATA[For our purposes, we are going to assume that all <BR>of our Person objects have unique names, <BR>]]></Caption>
      </captionObject>
      <captionObject>
         <Time>221.700000</Time>
         <Caption><![CDATA[so we can just make sure we have the right person <BR>by checking the name.<BR>]]></Caption>
      </captionObject>
      <captionObject>
         <Time>227.300000</Time>
         <Caption><![CDATA[As we would expect, we have compile errors because <BR>the setPerson() and getPerson() methods don&apos;t <BR>exist. ]]></Caption>
      </captionObject>
      <captionObject>
         <Time>235.900000</Time>
         <Caption><![CDATA[So let&apos;s use Quick Fix to create those methods. So <BR>we&apos;ll click on the first one, hit Ctrl+1, select <BR>&quot;Create method&quot;, ]]></Caption>
      </captionObject>
      <captionObject>
         <Time>247.800000</Time>
         <Caption><![CDATA[and we&apos;ve created the setPerson() method in our <BR>Book class. <BR>]]></Caption>
      </captionObject>
      <captionObject>
         <Time>252.700000</Time>
         <Caption><![CDATA[We&apos;ll save that, go back, and do the same thing <BR>for the getPerson() -- Ctrl+1, Create method, and <BR>again we have the getPerson() method. ]]></Caption>
      </captionObject>
      <captionObject>
         <Time>266.300000</Time>
         <Caption><![CDATA[We&apos;ll save the Book class, and that way the <BR>BookTest class has the latest version of Book <BR>compiled. ]]></Caption>
      </captionObject>
      <captionObject>
         <Time>277.700000</Time>
         <Caption><![CDATA[So we&apos;ll save the BookTest class, and now we have <BR>no compile errors in our BookTest. <BR>]]></Caption>
      </captionObject>
      <captionObject>
         <Time>285.900000</Time>
         <Caption><![CDATA[Next, we&apos;ll go to the Book class to complete the <BR>set and get methods. The setPerson() method is <BR>very simple.]]></Caption>
      </captionObject>
      <captionObject>
         <Time>298.800000</Time>
         <Caption><![CDATA[It&apos;s just &quot;this.person = p2;&quot;. So we&apos;re going to <BR>take the Person object being passed in by the <BR>calling method -- which is &quot;p2&quot; --  ]]></Caption>
      </captionObject>
      <captionObject>
         <Time>311.166667</Time>
         <Caption><![CDATA[and set the person field in our Book class to <BR>that. However, we have a problem: &quot;person cannot <BR>be resolved or is not a field&quot;. ]]></Caption>
      </captionObject>
      <captionObject>
         <Time>323.700000</Time>
         <Caption><![CDATA[So we haven&apos;t yet create the person field. We can <BR>hit Ctrl+1 and let Quick Fix create that field for <BR>us. ]]></Caption>
      </captionObject>
      <captionObject>
         <Time>334.266667</Time>
         <Caption><![CDATA[And we now have a field named person of type <BR>Person. <BR>]]></Caption>
      </captionObject>
      <captionObject>
         <Time>339.500000</Time>
         <Caption><![CDATA[Notice that the class Person has an upper case <BR>&quot;P&quot;, whereas the field name person is lower case. <BR>]]></Caption>
      </captionObject>
      <captionObject>
         <Time>346.466667</Time>
         <Caption><![CDATA[That&apos;s why we always capitalize classes and start <BR>other members -- such as fields, methods, and <BR>variables -- with lower case. ]]></Caption>
      </captionObject>
      <captionObject>
         <Time>355.366667</Time>
         <Caption><![CDATA[That way, we can quickly tell whether a member is <BR>a class or some other kind of member. <BR>]]></Caption>
      </captionObject>
      <captionObject>
         <Time>360.866667</Time>
         <Caption><![CDATA[Also, notice that Eclipse has created the person <BR>field using the word “private”. <BR>]]></Caption>
      </captionObject>
      <captionObject>
         <Time>368.066667</Time>
         <Caption><![CDATA[The words public and private are called access <BR>modifiers. Access modifiers control whether other <BR>classes can use a field or a method. ]]></Caption>
      </captionObject>
      <captionObject>
         <Time>378.666667</Time>
         <Caption><![CDATA[There are 4 different access modifiers in Java, <BR>and we&apos;ll discuss 3 of them briefly. <BR>]]></Caption>
      </captionObject>
      <captionObject>
         <Time>384.266667</Time>
         <Caption><![CDATA[Public means that any class can have access. <BR>Private means that only this class has access.  <BR>]]></Caption>
      </captionObject>
      <captionObject>
         <Time>393.466667</Time>
         <Caption><![CDATA[If we leave the modifier off altogether, that <BR>means that access is limited to other classes in <BR>the same package. ]]></Caption>
      </captionObject>
      <captionObject>
         <Time>401.766667</Time>
         <Caption><![CDATA[Since we want our BookTest class to have access to <BR>our fields in order to test the constructor, we&apos;ll <BR>leave off the access modifier. ]]></Caption>
      </captionObject>
      <captionObject>
         <Time>411.666667</Time>
         <Caption><![CDATA[So we&apos;ll delete these and save. <BR><BR>]]></Caption>
      </captionObject>
      <captionObject>
         <Time>422.033333</Time>
         <Caption><![CDATA[Now let&apos;s code the getPerson() method. This is <BR>very, very simple. We just say &quot;return <BR>this.person;&quot;. ]]></Caption>
      </captionObject>
      <captionObject>
         <Time>434.533333</Time>
         <Caption><![CDATA[We&apos;re just getting the value of the person field <BR>with the getPerson() method. <BR>]]></Caption>
      </captionObject>
      <captionObject>
         <Time>441.300000</Time>
         <Caption><![CDATA[So we&apos;ll save. We&apos;ll go over to BookTest. And now <BR>let&apos;s run this by going Run / Run As / JUnit Test.<BR>And it runs with no errors or failures.  ]]></Caption>
      </captionObject>
      <captionObject>
         <Time>459.900000</Time>
         <Caption><![CDATA[At this point, we have created a relationship <BR>between the Book class and Person class. <BR>]]></Caption>
      </captionObject>
      <captionObject>
         <Time>468.766667</Time>
         <Caption><![CDATA[In this case, the Book class is said to depend on <BR>the Person class, since the Person class is named <BR>as a type inside the Book class. ]]></Caption>
      </captionObject>
      <captionObject>
         <Time>477.933333</Time>
         <Caption><![CDATA[Also, the relationship is said to be one-to-one, <BR>since one book can have only one reader at a time.<BR>]]></Caption>
      </captionObject>
      <captionObject>
         <Time>489.000000</Time>
         <Caption><![CDATA[In other words, we have one place to put a person <BR>inside our Book class. <BR>]]></Caption>
      </captionObject>
      <captionObject>
         <Time>496.200000</Time>
         <Caption><![CDATA[Also, notice that we use person just like any <BR>other variable. <BR>]]></Caption>
      </captionObject>
      <captionObject>
         <Time>505.166667</Time>
         <Caption><![CDATA[And we don&apos;t need an import statement to use <BR>Person, because the Book and Person classes are in <BR>the same package. ]]></Caption>
      </captionObject>
      <captionObject>
         <Time>512.800000</Time>
         <Caption><![CDATA[Next, let&apos;s look at a couple of things in the <BR>BookTest class. <BR>]]></Caption>
      </captionObject>
      <captionObject>
         <Time>516.833333</Time>
         <Caption><![CDATA[In the testGetPerson() method, notice that we&apos;re <BR>using two lines of code to get the name from the <BR>person field in the Book class. ]]></Caption>
      </captionObject>
      <captionObject>
         <Time>530.333333</Time>
         <Caption><![CDATA[We don&apos;t really need or want this testPerson <BR>variable. We&apos;re just creating it here so we can <BR>use it down here to invoke the getName() method.]]></Caption>
      </captionObject>
      <captionObject>
         <Time>539.866667</Time>
         <Caption><![CDATA[We can re-write this in one line. First, we&apos;ll use <BR>an Eclipse trick that allows us to quickly comment <BR>and un-comment sections of code. ]]></Caption>
      </captionObject>
      <captionObject>
         <Time>550.333333</Time>
         <Caption><![CDATA[If we just highlight a section of code we want to <BR>comment, we can press Ctrl+/, and Eclipse places <BR>comments in front of that section of code. ]]></Caption>
      </captionObject>
      <captionObject>
         <Time>562.366667</Time>
         <Caption><![CDATA[It&apos;s a toggle on and off, so I can highlight it <BR>again and toggle it on and off. <BR>]]></Caption>
      </captionObject>
      <captionObject>
         <Time>570.566667</Time>
         <Caption><![CDATA[Now, let&apos;s re-write this in one line of code. <BR>We&apos;ll enter &quot;String testName = b2.getPerson()&quot; and <BR>now when we type the dot, ]]></Caption>
      </captionObject>
      <captionObject>
         <Time>589.066667</Time>
         <Caption><![CDATA[we see the methods for the Person class. So, at <BR>this point, the compiler knows that we&apos;ve got a <BR>Person object, ]]></Caption>
      </captionObject>
      <captionObject>
         <Time>602.966667</Time>
         <Caption><![CDATA[so now we can run the getName() method on that <BR>Person. We can interpret this line of code as <BR>follows:]]></Caption>
      </captionObject>
      <captionObject>
         <Time>611.266667</Time>
         <Caption><![CDATA[use the b2 Book object to invoke the getPerson() <BR>method, and that will give us a Person object. So <BR>at this point we have a Person object. ]]></Caption>
      </captionObject>
      <captionObject>
         <Time>623.566667</Time>
         <Caption><![CDATA[And then by putting the dot here, we&apos;re running <BR>the getName() method on that Person object. <BR>]]></Caption>
      </captionObject>
      <captionObject>
         <Time>629.766667</Time>
         <Caption><![CDATA[So this one line of code is doing the exact same <BR>thing that these two lines of code were doing, <BR>]]></Caption>
      </captionObject>
      <captionObject>
         <Time>636.233333</Time>
         <Caption><![CDATA[except that we don&apos;t have to create a testPerson <BR>object. <BR>]]></Caption>
      </captionObject>
      <captionObject>
         <Time>640.366667</Time>
         <Caption><![CDATA[Now, let&apos;s re-run our test to make sure we didn&apos;t <BR>break anything. I can click on the JUnit icon to <BR>display the JUnit view. ]]></Caption>
      </captionObject>
      <captionObject>
         <Time>646.900000</Time>
         <Caption><![CDATA[Press Rerun Test. And the test still works. At <BR>this point, we have two test classes, and we&apos;ll be <BR>adding more. ]]></Caption>
      </captionObject>
      <captionObject>
         <Time>660.033333</Time>
         <Caption><![CDATA[It would be handy to be able to run all of the <BR>tests at the same time. We can do this just by <BR>creating a new test suite class. ]]></Caption>
      </captionObject>
      <captionObject>
         <Time>670.900000</Time>
         <Caption><![CDATA[We&apos;ll create the test suite class by opening the <BR>Package Explorer, highlighting our package under <BR>the test folder, ]]></Caption>
      </captionObject>
      <captionObject>
         <Time>682.933333</Time>
         <Caption><![CDATA[right-clicking, New / Other / JUnit. This time <BR>we&apos;ll select JUnit Test Suite. Press Next. <BR>]]></Caption>
      </captionObject>
      <captionObject>
         <Time>700.633333</Time>
         <Caption><![CDATA[It&apos;s defaulting to include our two test classes in <BR>it, which is fine. We hit Finish, and we have a <BR>new class called AllTests. ]]></Caption>
      </captionObject>
      <captionObject>
         <Time>715.866667</Time>
         <Caption><![CDATA[If we look at this test method, we see that it has <BR>created a TestSuite object add added our two tests <BR>to it. ]]></Caption>
      </captionObject>
      <captionObject>
         <Time>724.366667</Time>
         <Caption><![CDATA[We don&apos;t need to know all of the details about how <BR>this works. <BR>]]></Caption>
      </captionObject>
      <captionObject>
         <Time>727.200000</Time>
         <Caption><![CDATA[It&apos;s pretty obvious that, if we add a new test, we <BR>can just add another line here to include that in <BR>the suite. ]]></Caption>
      </captionObject>
      <captionObject>
         <Time>738.233333</Time>
         <Caption><![CDATA[We can run this AllTests in the same way as <BR>before. We can go Run / Run As / JUnit Test. And, <BR>again, it succeeds. ]]></Caption>
      </captionObject>
      <captionObject>
         <Time>750.266667</Time>
         <Caption><![CDATA[This time, if we expand it, we can see that we ran <BR>the BookTest and the PersonTest. And we can see <BR>all of the individual tests as well. ]]></Caption>
      </captionObject>
      <captionObject>
         <Time>757.800000</Time>
         <Caption><![CDATA[So now we can test our entire application just by <BR>pressing one button.<BR>]]></Caption>
      </captionObject>
      <captionObject>
         <Time>764.366667</Time>
         <Caption><![CDATA[In this lesson, we&apos;ve created a relationship <BR>between the Book class and Person class,<BR>]]></Caption>
      </captionObject>
      <captionObject>
         <Time>769.233333</Time>
         <Caption><![CDATA[and we&apos;ve created a one-button technique for <BR>testing our entire application. <BR>]]></Caption>
      </captionObject>
      <captionObject>
         <Time>773.800000</Time>
         <Caption><![CDATA[In the next lesson, we&apos;ll learn how to create and <BR>manage lists of objects using the Java ArrayList <BR>class. ]]></Caption>
      </captionObject>
      <captionObject>
         <Time>780.533333</Time>
         <Caption><![CDATA[This is the end of Lesson 8. I&apos;m Mark Dexter <BR>saying so long for now. <BR>]]></Caption>
      </captionObject>
      <captionObject>
         <Time>785.500000</Time>
         <Caption><![CDATA[(Closing music ...)]]></Caption>
      </captionObject>
   </array>
</CaptionXML>
</Caption_Array_Object>
</CaptionPlayerXML_Array>
<CaptionFontHeight>23</CaptionFontHeight>
<MaxCaptionsCharsPerLine>50</MaxCaptionsCharsPerLine>
<TimelineCaptionCount>85</TimelineCaptionCount>
<CaptionHeight>0</CaptionHeight>
<CloseCaptions_Array>
<captionObject>
<Time>0.000000</Time>
<Caption><![CDATA[(Opening music ...)<BR><BR>]]></Caption>
</captionObject>
<captionObject>
<Time>9.800000</Time>
<Caption><![CDATA[Hello again and welcome back to Eclipse and Java <BR>for Total Beginners. In the last lesson, we <BR>started our Book class. ]]></Caption>
</captionObject>
<captionObject>
<Time>18.433333</Time>
<Caption><![CDATA[In this lesson, we&apos;re going to create a <BR>relationship between the Book class and our Person <BR>class.]]></Caption>
</captionObject>
<captionObject>
<Time>23.500000</Time>
<Caption><![CDATA[That way we can tell which person has a Book <BR>checked out. We&apos;re going to continue using the <BR>test-first methodology. So lets get started.]]></Caption>
</captionObject>
<captionObject>
<Time>34.000000</Time>
<Caption><![CDATA[We&apos;ll open our BookTest class for editing and add <BR>a new method called testGetPerson(). <BR>]]></Caption>
</captionObject>
<captionObject>
<Time>42.300000</Time>
<Caption><![CDATA[So we&apos;ll open up the project and the test folder, <BR>and open up BookTest for editing. We&apos;ll double-<BR>click to give ourselves more room. ]]></Caption>
</captionObject>
<captionObject>
<Time>55.900000</Time>
<Caption><![CDATA[We&apos;re going to create a test method for the <BR>getPerson() method, which we&apos;ll write in a few <BR>minutes. ]]></Caption>
</captionObject>
<captionObject>
<Time>63.300000</Time>
<Caption><![CDATA[As before, this test method will also in effect <BR>document what the getPerson method needs to do.<BR>]]></Caption>
</captionObject>
<captionObject>
<Time>71.733333</Time>
<Caption><![CDATA[So we&apos;ll start coding. First we&apos;ll create the test <BR>method. It&apos;s &quot;public void testGetPerson() {&quot;.<BR>]]></Caption>
</captionObject>
<captionObject>
<Time>85.700000</Time>
<Caption><![CDATA[Next, we&apos;ll create a new Book object called &quot;b2&quot; <BR>and we&apos;ll give it a name -- &quot;War And Peace&quot;.<BR>]]></Caption>
</captionObject>
<captionObject>
<Time>95.933333</Time>
<Caption><![CDATA[Then we&apos;ll create a new Person object, so we have <BR>a Person to work with.<BR>]]></Caption>
</captionObject>
<captionObject>
<Time>107.300000</Time>
<Caption><![CDATA[Then we&apos;ll give the Person a name. We&apos;ll call him <BR>&quot;Elvis&quot;. <BR>]]></Caption>
</captionObject>
<captionObject>
<Time>117.933333</Time>
<Caption><![CDATA[So these first three lines should be familiar. <BR>We&apos;re just setting up a couple of objects. <BR>		]]></Caption>
</captionObject>
<captionObject>
<Time>124.600000</Time>
<Caption><![CDATA[Now we&apos;ll type more of the method. This is the <BR>method that is going to say who the Book is loaned <BR>to. So the Book is loaned to this Person. ]]></Caption>
</captionObject>
<captionObject>
<Time>136.033333</Time>
<Caption><![CDATA[So it&apos;s &quot;b2.setPerson(p2);&quot;. Notice that code <BR>assist can&apos;t help us, because this method doesn&apos;t <BR>exist yet. ]]></Caption>
</captionObject>
<captionObject>
<Time>143.533333</Time>
<Caption><![CDATA[And we get the red underline, indicating a compile <BR>error (again, because the method doesn&apos;t exist). <BR>]]></Caption>
</captionObject>
<captionObject>
<Time>150.633333</Time>
<Caption><![CDATA[Now we&apos;re going to get the name of the Person who <BR>has the Book. So we&apos;re going to create a new <BR>Person, ]]></Caption>
</captionObject>
<captionObject>
<Time>156.433333</Time>
<Caption><![CDATA[and again the code assist can&apos;t help us because <BR>we&apos;re calling a new method that hasn&apos;t been <BR>written yet. ]]></Caption>
</captionObject>
<captionObject>
<Time>165.100000</Time>
<Caption><![CDATA[Then we&apos;ll create a String variable &quot;testName&quot; to <BR>hold the name of this Person.  <BR>]]></Caption>
</captionObject>
<captionObject>
<Time>177.600000</Time>
<Caption><![CDATA[Finally, we&apos;ll put in our assertEquals() <BR>statement. And we&apos;ll make sure that &quot;Elvis&quot; and <BR>our testName are equal. ]]></Caption>
</captionObject>
<captionObject>
<Time>195.100000</Time>
<Caption><![CDATA[Note that we are skipping over a subtle point <BR>here. <BR>]]></Caption>
</captionObject>
<captionObject>
<Time>199.033333</Time>
<Caption><![CDATA[We are not checking the the object p2 is equal to <BR>the object returned by the b2.getPerson() method. <BR>]]></Caption>
</captionObject>
<captionObject>
<Time>209.533333</Time>
<Caption><![CDATA[In Java, checking whether objects are equal can <BR>get a little complicated. <BR>]]></Caption>
</captionObject>
<captionObject>
<Time>215.100000</Time>
<Caption><![CDATA[For our purposes, we are going to assume that all <BR>of our Person objects have unique names, <BR>]]></Caption>
</captionObject>
<captionObject>
<Time>221.700000</Time>
<Caption><![CDATA[so we can just make sure we have the right person <BR>by checking the name.<BR>]]></Caption>
</captionObject>
<captionObject>
<Time>227.300000</Time>
<Caption><![CDATA[As we would expect, we have compile errors because <BR>the setPerson() and getPerson() methods don&apos;t <BR>exist. ]]></Caption>
</captionObject>
<captionObject>
<Time>235.900000</Time>
<Caption><![CDATA[So let&apos;s use Quick Fix to create those methods. So <BR>we&apos;ll click on the first one, hit Ctrl+1, select <BR>&quot;Create method&quot;, ]]></Caption>
</captionObject>
<captionObject>
<Time>247.800000</Time>
<Caption><![CDATA[and we&apos;ve created the setPerson() method in our <BR>Book class. <BR>]]></Caption>
</captionObject>
<captionObject>
<Time>252.700000</Time>
<Caption><![CDATA[We&apos;ll save that, go back, and do the same thing <BR>for the getPerson() -- Ctrl+1, Create method, and <BR>again we have the getPerson() method. ]]></Caption>
</captionObject>
<captionObject>
<Time>266.300000</Time>
<Caption><![CDATA[We&apos;ll save the Book class, and that way the <BR>BookTest class has the latest version of Book <BR>compiled. ]]></Caption>
</captionObject>
<captionObject>
<Time>277.700000</Time>
<Caption><![CDATA[So we&apos;ll save the BookTest class, and now we have <BR>no compile errors in our BookTest. <BR>]]></Caption>
</captionObject>
<captionObject>
<Time>285.900000</Time>
<Caption><![CDATA[Next, we&apos;ll go to the Book class to complete the <BR>set and get methods. The setPerson() method is <BR>very simple.]]></Caption>
</captionObject>
<captionObject>
<Time>298.800000</Time>
<Caption><![CDATA[It&apos;s just &quot;this.person = p2;&quot;. So we&apos;re going to <BR>take the Person object being passed in by the <BR>calling method -- which is &quot;p2&quot; --  ]]></Caption>
</captionObject>
<captionObject>
<Time>311.166667</Time>
<Caption><![CDATA[and set the person field in our Book class to <BR>that. However, we have a problem: &quot;person cannot <BR>be resolved or is not a field&quot;. ]]></Caption>
</captionObject>
<captionObject>
<Time>323.700000</Time>
<Caption><![CDATA[So we haven&apos;t yet create the person field. We can <BR>hit Ctrl+1 and let Quick Fix create that field for <BR>us. ]]></Caption>
</captionObject>
<captionObject>
<Time>334.266667</Time>
<Caption><![CDATA[And we now have a field named person of type <BR>Person. <BR>]]></Caption>
</captionObject>
<captionObject>
<Time>339.500000</Time>
<Caption><![CDATA[Notice that the class Person has an upper case <BR>&quot;P&quot;, whereas the field name person is lower case. <BR>]]></Caption>
</captionObject>
<captionObject>
<Time>346.466667</Time>
<Caption><![CDATA[That&apos;s why we always capitalize classes and start <BR>other members -- such as fields, methods, and <BR>variables -- with lower case. ]]></Caption>
</captionObject>
<captionObject>
<Time>355.366667</Time>
<Caption><![CDATA[That way, we can quickly tell whether a member is <BR>a class or some other kind of member. <BR>]]></Caption>
</captionObject>
<captionObject>
<Time>360.866667</Time>
<Caption><![CDATA[Also, notice that Eclipse has created the person <BR>field using the word “private”. <BR>]]></Caption>
</captionObject>
<captionObject>
<Time>368.066667</Time>
<Caption><![CDATA[The words public and private are called access <BR>modifiers. Access modifiers control whether other <BR>classes can use a field or a method. ]]></Caption>
</captionObject>
<captionObject>
<Time>378.666667</Time>
<Caption><![CDATA[There are 4 different access modifiers in Java, <BR>and we&apos;ll discuss 3 of them briefly. <BR>]]></Caption>
</captionObject>
<captionObject>
<Time>384.266667</Time>
<Caption><![CDATA[Public means that any class can have access. <BR>Private means that only this class has access.  <BR>]]></Caption>
</captionObject>
<captionObject>
<Time>393.466667</Time>
<Caption><![CDATA[If we leave the modifier off altogether, that <BR>means that access is limited to other classes in <BR>the same package. ]]></Caption>
</captionObject>
<captionObject>
<Time>401.766667</Time>
<Caption><![CDATA[Since we want our BookTest class to have access to <BR>our fields in order to test the constructor, we&apos;ll <BR>leave off the access modifier. ]]></Caption>
</captionObject>
<captionObject>
<Time>411.666667</Time>
<Caption><![CDATA[So we&apos;ll delete these and save. <BR><BR>]]></Caption>
</captionObject>
<captionObject>
<Time>422.033333</Time>
<Caption><![CDATA[Now let&apos;s code the getPerson() method. This is <BR>very, very simple. We just say &quot;return <BR>this.person;&quot;. ]]></Caption>
</captionObject>
<captionObject>
<Time>434.533333</Time>
<Caption><![CDATA[We&apos;re just getting the value of the person field <BR>with the getPerson() method. <BR>]]></Caption>
</captionObject>
<captionObject>
<Time>441.300000</Time>
<Caption><![CDATA[So we&apos;ll save. We&apos;ll go over to BookTest. And now <BR>let&apos;s run this by going Run / Run As / JUnit Test.<BR>And it runs with no errors or failures.  ]]></Caption>
</captionObject>
<captionObject>
<Time>459.900000</Time>
<Caption><![CDATA[At this point, we have created a relationship <BR>between the Book class and Person class. <BR>]]></Caption>
</captionObject>
<captionObject>
<Time>468.766667</Time>
<Caption><![CDATA[In this case, the Book class is said to depend on <BR>the Person class, since the Person class is named <BR>as a type inside the Book class. ]]></Caption>
</captionObject>
<captionObject>
<Time>477.933333</Time>
<Caption><![CDATA[Also, the relationship is said to be one-to-one, <BR>since one book can have only one reader at a time.<BR>]]></Caption>
</captionObject>
<captionObject>
<Time>489.000000</Time>
<Caption><![CDATA[In other words, we have one place to put a person <BR>inside our Book class. <BR>]]></Caption>
</captionObject>
<captionObject>
<Time>496.200000</Time>
<Caption><![CDATA[Also, notice that we use person just like any <BR>other variable. <BR>]]></Caption>
</captionObject>
<captionObject>
<Time>505.166667</Time>
<Caption><![CDATA[And we don&apos;t need an import statement to use <BR>Person, because the Book and Person classes are in <BR>the same package. ]]></Caption>
</captionObject>
<captionObject>
<Time>512.800000</Time>
<Caption><![CDATA[Next, let&apos;s look at a couple of things in the <BR>BookTest class. <BR>]]></Caption>
</captionObject>
<captionObject>
<Time>516.833333</Time>
<Caption><![CDATA[In the testGetPerson() method, notice that we&apos;re <BR>using two lines of code to get the name from the <BR>person field in the Book class. ]]></Caption>
</captionObject>
<captionObject>
<Time>530.333333</Time>
<Caption><![CDATA[We don&apos;t really need or want this testPerson <BR>variable. We&apos;re just creating it here so we can <BR>use it down here to invoke the getName() method.]]></Caption>
</captionObject>
<captionObject>
<Time>539.866667</Time>
<Caption><![CDATA[We can re-write this in one line. First, we&apos;ll use <BR>an Eclipse trick that allows us to quickly comment <BR>and un-comment sections of code. ]]></Caption>
</captionObject>
<captionObject>
<Time>550.333333</Time>
<Caption><![CDATA[If we just highlight a section of code we want to <BR>comment, we can press Ctrl+/, and Eclipse places <BR>comments in front of that section of code. ]]></Caption>
</captionObject>
<captionObject>
<Time>562.366667</Time>
<Caption><![CDATA[It&apos;s a toggle on and off, so I can highlight it <BR>again and toggle it on and off. <BR>]]></Caption>
</captionObject>
<captionObject>
<Time>570.566667</Time>
<Caption><![CDATA[Now, let&apos;s re-write this in one line of code. <BR>We&apos;ll enter &quot;String testName = b2.getPerson()&quot; and <BR>now when we type the dot, ]]></Caption>
</captionObject>
<captionObject>
<Time>589.066667</Time>
<Caption><![CDATA[we see the methods for the Person class. So, at <BR>this point, the compiler knows that we&apos;ve got a <BR>Person object, ]]></Caption>
</captionObject>
<captionObject>
<Time>602.966667</Time>
<Caption><![CDATA[so now we can run the getName() method on that <BR>Person. We can interpret this line of code as <BR>follows:]]></Caption>
</captionObject>
<captionObject>
<Time>611.266667</Time>
<Caption><![CDATA[use the b2 Book object to invoke the getPerson() <BR>method, and that will give us a Person object. So <BR>at this point we have a Person object. ]]></Caption>
</captionObject>
<captionObject>
<Time>623.566667</Time>
<Caption><![CDATA[And then by putting the dot here, we&apos;re running <BR>the getName() method on that Person object. <BR>]]></Caption>
</captionObject>
<captionObject>
<Time>629.766667</Time>
<Caption><![CDATA[So this one line of code is doing the exact same <BR>thing that these two lines of code were doing, <BR>]]></Caption>
</captionObject>
<captionObject>
<Time>636.233333</Time>
<Caption><![CDATA[except that we don&apos;t have to create a testPerson <BR>object. <BR>]]></Caption>
</captionObject>
<captionObject>
<Time>640.366667</Time>
<Caption><![CDATA[Now, let&apos;s re-run our test to make sure we didn&apos;t <BR>break anything. I can click on the JUnit icon to <BR>display the JUnit view. ]]></Caption>
</captionObject>
<captionObject>
<Time>646.900000</Time>
<Caption><![CDATA[Press Rerun Test. And the test still works. At <BR>this point, we have two test classes, and we&apos;ll be <BR>adding more. ]]></Caption>
</captionObject>
<captionObject>
<Time>660.033333</Time>
<Caption><![CDATA[It would be handy to be able to run all of the <BR>tests at the same time. We can do this just by <BR>creating a new test suite class. ]]></Caption>
</captionObject>
<captionObject>
<Time>670.900000</Time>
<Caption><![CDATA[We&apos;ll create the test suite class by opening the <BR>Package Explorer, highlighting our package under <BR>the test folder, ]]></Caption>
</captionObject>
<captionObject>
<Time>682.933333</Time>
<Caption><![CDATA[right-clicking, New / Other / JUnit. This time <BR>we&apos;ll select JUnit Test Suite. Press Next. <BR>]]></Caption>
</captionObject>
<captionObject>
<Time>700.633333</Time>
<Caption><![CDATA[It&apos;s defaulting to include our two test classes in <BR>it, which is fine. We hit Finish, and we have a <BR>new class called AllTests. ]]></Caption>
</captionObject>
<captionObject>
<Time>715.866667</Time>
<Caption><![CDATA[If we look at this test method, we see that it has <BR>created a TestSuite object add added our two tests <BR>to it. ]]></Caption>
</captionObject>
<captionObject>
<Time>724.366667</Time>
<Caption><![CDATA[We don&apos;t need to know all of the details about how <BR>this works. <BR>]]></Caption>
</captionObject>
<captionObject>
<Time>727.200000</Time>
<Caption><![CDATA[It&apos;s pretty obvious that, if we add a new test, we <BR>can just add another line here to include that in <BR>the suite. ]]></Caption>
</captionObject>
<captionObject>
<Time>738.233333</Time>
<Caption><![CDATA[We can run this AllTests in the same way as <BR>before. We can go Run / Run As / JUnit Test. And, <BR>again, it succeeds. ]]></Caption>
</captionObject>
<captionObject>
<Time>750.266667</Time>
<Caption><![CDATA[This time, if we expand it, we can see that we ran <BR>the BookTest and the PersonTest. And we can see <BR>all of the individual tests as well. ]]></Caption>
</captionObject>
<captionObject>
<Time>757.800000</Time>
<Caption><![CDATA[So now we can test our entire application just by <BR>pressing one button.<BR>]]></Caption>
</captionObject>
<captionObject>
<Time>764.366667</Time>
<Caption><![CDATA[In this lesson, we&apos;ve created a relationship <BR>between the Book class and Person class,<BR>]]></Caption>
</captionObject>
<captionObject>
<Time>769.233333</Time>
<Caption><![CDATA[and we&apos;ve created a one-button technique for <BR>testing our entire application. <BR>]]></Caption>
</captionObject>
<captionObject>
<Time>773.800000</Time>
<Caption><![CDATA[In the next lesson, we&apos;ll learn how to create and <BR>manage lists of objects using the Java ArrayList <BR>class. ]]></Caption>
</captionObject>
<captionObject>
<Time>780.533333</Time>
<Caption><![CDATA[This is the end of Lesson 8. I&apos;m Mark Dexter <BR>saying so long for now. <BR>]]></Caption>
</captionObject>
<captionObject>
<Time>785.500000</Time>
<Caption><![CDATA[(Closing music ...)]]></Caption>
</captionObject>
</CloseCaptions_Array>
<NumMetaDataTypes>283</NumMetaDataTypes>
<MetaData_Array>
<MetaData_Object>
<MetaDataType>Date</MetaDataType>
<MetaDataValue>Thursday, June 21, 2007</MetaDataValue>
<MetaDataEmbedName>DC.date</MetaDataEmbedName>
</MetaData_Object>
<MetaData_Object>
<MetaDataType>Language</MetaDataType>
<MetaDataValue>ENU</MetaDataValue>
<MetaDataEmbedName>DC.language</MetaDataEmbedName>
</MetaData_Object>
<MetaData_Object>
<MetaDataType>Title</MetaDataType>
<MetaDataValue>lesson08</MetaDataValue>
<MetaDataEmbedName>DC.title</MetaDataEmbedName>
</MetaData_Object>
</MetaData_Array>
<NumFileTypesUsedByProduction>4</NumFileTypesUsedByProduction>
<FileTypesUsed_Array>
<FileTypeUsed_Object>
<FileTypeName>Video</FileTypeName>
</FileTypeUsed_Object>
<FileTypeUsed_Object>
<FileTypeName>HTMLFile</FileTypeName>
</FileTypeUsed_Object>
<FileTypeUsed_Object>
<FileTypeName>EmbededPlayerJS</FileTypeName>
</FileTypeUsed_Object>
<FileTypeUsed_Object>
<FileTypeName>ProductionInfoXML</FileTypeName>
</FileTypeUsed_Object>
</FileTypesUsed_Array>
<NumFilesTotal>4</NumFilesTotal>
<ProducedFiles_Array>
<ProducedFile_Object>
<FileName>C:\Documents and Settings\Mark\My Documents\Camtasia Studio\Total Beginners\output-200711\lesson08\lesson08.swf</FileName>
<FileSize>19747772</FileSize>
<FileType>Video</FileType>
<WhichFilesOfCurType>0</WhichFilesOfCurType>
<TotalFilesOfCurType>1</TotalFilesOfCurType>
</ProducedFile_Object>
<ProducedFile_Object>
<FileName>C:\Documents and Settings\Mark\My Documents\Camtasia Studio\Total Beginners\output-200711\lesson08\lesson08.html</FileName>
<FileSize>3086</FileSize>
<FileType>HTMLFile</FileType>
<WhichFilesOfCurType>0</WhichFilesOfCurType>
<TotalFilesOfCurType>1</TotalFilesOfCurType>
</ProducedFile_Object>
<ProducedFile_Object>
<FileName>C:\Documents and Settings\Mark\My Documents\Camtasia Studio\Total Beginners\output-200711\lesson08\swfobject.js</FileName>
<FileSize>6880</FileSize>
<FileType>EmbededPlayerJS</FileType>
<WhichFilesOfCurType>0</WhichFilesOfCurType>
<TotalFilesOfCurType>1</TotalFilesOfCurType>
</ProducedFile_Object>
<ProducedFile_Object>
<FileName>C:\Documents and Settings\Mark\My Documents\Camtasia Studio\Total Beginners\output-200711\lesson08\ProductionInfo.xml</FileName>
<FileSize>54138</FileSize>
<FileType>ProductionInfoXML</FileType>
<WhichFilesOfCurType>0</WhichFilesOfCurType>
<TotalFilesOfCurType>1</TotalFilesOfCurType>
</ProducedFile_Object>
</ProducedFiles_Array>
<OutputBasePath>C:\Documents and Settings\Mark\My Documents\Camtasia Studio\Total Beginners\output-200711\lesson08\</OutputBasePath>
<ProductionFormat>SWF</ProductionFormat>
<NumVideoSegments>1</NumVideoSegments>
<NumHTMLFiles>1</NumHTMLFiles>
<TotalProductionSize>19811876</TotalProductionSize>
<m_cf_rtRenderRangeStart>-1</m_cf_rtRenderRangeStart>
<m_cf_rtRenderRangeStop>-1</m_cf_rtRenderRangeStop>
<m_cf_strTempDir>C:\DOCUME~1\Mark\LOCALS~1\Temp\</m_cf_strTempDir>
<m_cf_bWritePIPFile>0</m_cf_bWritePIPFile>
<m_cf_bDisablePIPVideo>1</m_cf_bDisablePIPVideo>
<m_cf_bWriteIndex>1</m_cf_bWriteIndex>
<m_cf_bWriteMultipleFiles>0</m_cf_bWriteMultipleFiles>
<m_cf_strHTMLTemplateName>Template.htm</m_cf_strHTMLTemplateName>
<m_cf_HTMLAlignment>1</m_cf_HTMLAlignment>
<m_cf_bSCORMOutput>0</m_cf_bSCORMOutput>
<m_cf_bController>1</m_cf_bController>
<m_cf_bAutoPlay>1</m_cf_bAutoPlay>
<m_cf_bNumberIndexMarkers>0</m_cf_bNumberIndexMarkers>
<m_cf_bShortenIndexNames>1</m_cf_bShortenIndexNames>
<m_cf_nShortenedIndexLength>17</m_cf_nShortenedIndexLength>
<m_cf_bQuizShowFeedback>1</m_cf_bQuizShowFeedback>
<m_cf_bEMailQuizResults>0</m_cf_bEMailQuizResults>
<m_cf_bEMailIncludeScore>0</m_cf_bEMailIncludeScore>
<m_cf_bJavaScriptQuizResults>0</m_cf_bJavaScriptQuizResults>
<m_cf_bHTMLOutput>1</m_cf_bHTMLOutput>
<m_cf_SCORMVersion>0</m_cf_SCORMVersion>
<m_cf_strManifestID>ID-4DF422AB-19D4-447C-8143-3BCB270745F7</m_cf_strManifestID>
<m_cf_strManifestTitle></m_cf_strManifestTitle>
<m_cf_strDuration>0:13:12.04</m_cf_strDuration>
<m_cf_strSubject></m_cf_strSubject>
<m_cf_strManifestDescription></m_cf_strManifestDescription>
<m_cf_strLanguage>en</m_cf_strLanguage>
<m_cf_SCORMPackage>2</m_cf_SCORMPackage>
<m_cf_strSCOTitle></m_cf_strSCOTitle>
<m_cf_ProductionFormat>8</m_cf_ProductionFormat>
<m_cf_strTitle></m_cf_strTitle>
<m_cf_strAuthor></m_cf_strAuthor>
<m_cf_strCopyright></m_cf_strCopyright>
<m_cf_strDescription></m_cf_strDescription>
<m_cf_MultiFileOutputStyle>0</m_cf_MultiFileOutputStyle>
<m_cf_strVideoCompressor>Techsmith Screen Capture Codec</m_cf_strVideoCompressor>
<m_cf_bAddCaption>0</m_cf_bAddCaption>
<m_cf_bWriteCCInfo>1</m_cf_bWriteCCInfo>
<m_cf_bOverlayCaption>1</m_cf_bOverlayCaption>
<m_cf_strCaptionFontFamily>Microsoft Sans Serif</m_cf_strCaptionFontFamily>
<m_cf_bAddIPODFileToProduction>0</m_cf_bAddIPODFileToProduction>
<m_cf_bAddMP3FileToProduction>0</m_cf_bAddMP3FileToProduction>
<m_cf_bAddPPTFileToProduction>0</m_cf_bAddPPTFileToProduction>
<m_cf_strPPTFileToAddToProduction></m_cf_strPPTFileToAddToProduction>
<m_cf_bAviEncodeAudio>1</m_cf_bAviEncodeAudio>
<m_cf_AVIFrameRate>10</m_cf_AVIFrameRate>
<m_cf_nKeyFrameRate>30</m_cf_nKeyFrameRate>
<m_cf_PIP_nKeyFrameRate>30</m_cf_PIP_nKeyFrameRate>
<m_cf_PIP_AVIFrameRate>0</m_cf_PIP_AVIFrameRate>
<m_cf_SwfPlaybackControls>0</m_cf_SwfPlaybackControls>
<m_cf_strControllerSkinName>glass</m_cf_strControllerSkinName>
<m_cf_nSwfTargetVersion>7</m_cf_nSwfTargetVersion>
<m_cf_bSwfMatchPreloadMovieSize>0</m_cf_bSwfMatchPreloadMovieSize>
<m_cf_bSwfPauseAtStart>1</m_cf_bSwfPauseAtStart>
<m_cf_bSwfPreloadAdvanced>1</m_cf_bSwfPreloadAdvanced>
<m_cf_bSwfSingleSWF>1</m_cf_bSwfSingleSWF>
<m_cf_nSwfMainMovieLoadPercent>10</m_cf_nSwfMainMovieLoadPercent>
<m_cf_nSwfPreloadMinDisplayTime>3</m_cf_nSwfPreloadMinDisplayTime>
<m_cf_clrSwfControlColor>0x00C0C0C0</m_cf_clrSwfControlColor>
<m_cf_bSwfShowAboutBtn>1</m_cf_bSwfShowAboutBtn>
<m_cf_strSwfAboutBoxTxt>Copyright (c) 2007 Mark Dexter. Licensed under the Educational Community License version 1.0.</m_cf_strSwfAboutBoxTxt>
<m_cf_strSwfAboutBoxInfoTxt></m_cf_strSwfAboutBoxInfoTxt>
<m_cf_strSwfAboutTitle>Total Beginners</m_cf_strSwfAboutTitle>
<m_cf_strSwfStartTxt>Eclipse and Java for Total Beginners</m_cf_strSwfStartTxt>
<m_cf_SwfAboutBoxWidth>336</m_cf_SwfAboutBoxWidth>
<m_cf_SwfAboutBoxHeight>270</m_cf_SwfAboutBoxHeight>
<m_cf_bSwfAboutBoxTabSelected>1</m_cf_bSwfAboutBoxTabSelected>
<m_cf_strSwfTimeDisplayFormat>MM:SS</m_cf_strSwfTimeDisplayFormat>
<m_cf_bSwfCCInitiallyVisible>0</m_cf_bSwfCCInitiallyVisible>
<m_cf_bSwfFullScreen>0</m_cf_bSwfFullScreen>
<m_cf_bSwfAllowResizing>1</m_cf_bSwfAllowResizing>
<m_cf_nSwfVolueme>50</m_cf_nSwfVolueme>
<m_cf_bSwfBrandContextMenu>0</m_cf_bSwfBrandContextMenu>
<m_cf_SwfTOCType>1</m_cf_SwfTOCType>
<m_cf_SwfTOCTitle></m_cf_SwfTOCTitle>
<m_cf_bSwfShowMovieDuration>1</m_cf_bSwfShowMovieDuration>
<m_cf_bSwfShowTimeElapsed>1</m_cf_bSwfShowTimeElapsed>
<m_cf_strSwfTimeFont>Arial</m_cf_strSwfTimeFont>
<m_cf_clrSwfTimeFontColor>0x00000000</m_cf_clrSwfTimeFontColor>
<m_cf_SwfEndAction>0</m_cf_SwfEndAction>
<m_cf_strSwfEndActionUrl>http://</m_cf_strSwfEndActionUrl>
<m_cf_nSwfEndActionTarget>0</m_cf_nSwfEndActionTarget>
<m_cf_bPauseAfterJump>1</m_cf_bPauseAfterJump>
<m_cf_rtJumpPoint>0</m_cf_rtJumpPoint>
<m_cf_strSwfStartLogo></m_cf_strSwfStartLogo>
<m_cf_strSwfEndLogo>EndLogo</m_cf_strSwfEndLogo>
<m_cf_strSwfAboutLogo></m_cf_strSwfAboutLogo>
<m_cf_strSwfAboutTitleLogo></m_cf_strSwfAboutTitleLogo>
<m_cf_strSwfTocLogo></m_cf_strSwfTocLogo>
</Production_Data>
