﻿<?xml version="1.0" encoding="UTF-8" ?><Production_Data Version="5.00"><HTMLTemplateFile>Template.htm</HTMLTemplateFile>
<HTMLTemplateBodyFile>expressShow\SSWFTemplate-body.htm</HTMLTemplateBodyFile>
<HTMLTemplateHeaderFile>expressShow\SSWFTemplate-header.htm</HTMLTemplateHeaderFile>
<VideoFilenameWithPath>C:\Documents and Settings\Mark\My Documents\Camtasia Studio\Total Beginners\output-200711\lesson09\lesson09.swf</VideoFilenameWithPath>
<AddIPodFileSize>0 bytes</AddIPodFileSize>
<AddMP3FileSize>0 bytes</AddMP3FileSize>
<AddPPTFileSize>0 bytes</AddPPTFileSize>
<ProjectName>lesson09</ProjectName>
<MediaDir></MediaDir>
<ShouldCreateMediaDir>0</ShouldCreateMediaDir>
<MaxTimelineWidth>800</MaxTimelineWidth>
<MaxTimelineHeight>600</MaxTimelineHeight>
<MaxTimelineFPS>15.00</MaxTimelineFPS>
<MaxVideoWidth>800</MaxVideoWidth>
<MaxVideoHeight>600</MaxVideoHeight>
<MaxVideoFPS>15.00</MaxVideoFPS>
<MaxPIPWidth>0</MaxPIPWidth>
<MaxPIPHeight>0</MaxPIPHeight>
<MaxPIPFPS>0.00</MaxPIPFPS>
<VideoDuration>750.67</VideoDuration>
<PIPVideoDuration>750.37</PIPVideoDuration>
<VideoFPS>30.00</VideoFPS>
<PIPVideoFPS>30.00</PIPVideoFPS>
<VideoWidth>800</VideoWidth>
<VideoHeight>618</VideoHeight>
<ActualVideoWidth>800</ActualVideoWidth>
<ActualVideoHeight>600</ActualVideoHeight>
<PIPVideoWidth>160</PIPVideoWidth>
<PIPVideoHeight>120</PIPVideoHeight>
<TOCWidth>-1</TOCWidth>
<MinTOCWidth>160</MinTOCWidth>
<TOCDividerHeight>18</TOCDividerHeight>
<TimelineHasAudio>1</TimelineHasAudio>
<TimelineDuration>7506666667</TimelineDuration>
<SWFControllerTotalHeight>18</SWFControllerTotalHeight>
<SWFMinWidth>320</SWFMinWidth>
<SWFTOCXPos>0</SWFTOCXPos>
<SWFTOCYPos>0</SWFTOCYPos>
<SWFTOCWidth>160</SWFTOCWidth>
<SWFTOCHeight>600</SWFTOCHeight>
<SWFHasPIPOverlay>0</SWFHasPIPOverlay>
<SWFControllerColor></SWFControllerColor>
<SWFTimeDispFontColor>0x000000</SWFTimeDispFontColor>
<SWFPlaybackConfigFileName>lesson09_config.xml</SWFPlaybackConfigFileName>
<SWFPlaybackControllerFileName>lesson09_controller.swf</SWFPlaybackControllerFileName>
<SWFPreloaderFileName></SWFPreloaderFileName>
<StripWhitespace>0</StripWhitespace>
<WritingImages>0</WritingImages>
<WritePreviewXML>0</WritePreviewXML>
<DisableTOC>0</DisableTOC>
<AutoPlay>0</AutoPlay>
<CancelledProduction>0</CancelledProduction>
<CancelledProdLength>7506000000</CancelledProdLength>
<Hotspot_Array>
<Hotspot_Array_Object>
               <array>
               <hotspot>
               </hotspot>
               <hotspot>
               </hotspot>
               <hotspot>
               </hotspot>
               <hotspot>
               </hotspot>
               <hotspot>
               </hotspot>
               <hotspot>
               </hotspot>
               <hotspot>
               </hotspot>
               <hotspot>
               </hotspot>
               <hotspot>
               </hotspot>
               <hotspot>
               </hotspot>
               <hotspot>
               </hotspot>
               <hotspot>
               </hotspot>
               <hotspot>
               </hotspot>
               <hotspot>
               </hotspot>
               <hotspot>
               </hotspot>
               <hotspot>
               </hotspot>
               <hotspot>
               </hotspot>
               <hotspot>
               </hotspot>
               <hotspot>
               </hotspot>
               <hotspot>
               </hotspot>
               </array>
</Hotspot_Array_Object>
</Hotspot_Array>
<AdjGlobalRenderRangeStart>-1</AdjGlobalRenderRangeStart>
<AdjGlobalRenderRangeStop>-1</AdjGlobalRenderRangeStop>
<AdjRenderRange_Array>
<AdjRenderRange_Obj>
<AdjRenderRangeStart>0</AdjRenderRangeStart>
<AdjRenderRangeStop>856333333</AdjRenderRangeStop>
</AdjRenderRange_Obj>
<AdjRenderRange_Obj>
<AdjRenderRangeStart>856333333</AdjRenderRangeStart>
<AdjRenderRangeStop>1395333333</AdjRenderRangeStop>
</AdjRenderRange_Obj>
<AdjRenderRange_Obj>
<AdjRenderRangeStart>1395333333</AdjRenderRangeStart>
<AdjRenderRangeStop>2050666667</AdjRenderRangeStop>
</AdjRenderRange_Obj>
<AdjRenderRange_Obj>
<AdjRenderRangeStart>2050666667</AdjRenderRangeStart>
<AdjRenderRangeStop>2773666667</AdjRenderRangeStop>
</AdjRenderRange_Obj>
<AdjRenderRange_Obj>
<AdjRenderRangeStart>2773666667</AdjRenderRangeStart>
<AdjRenderRangeStop>3416666667</AdjRenderRangeStop>
</AdjRenderRange_Obj>
<AdjRenderRange_Obj>
<AdjRenderRangeStart>3416666667</AdjRenderRangeStart>
<AdjRenderRangeStop>4221333333</AdjRenderRangeStop>
</AdjRenderRange_Obj>
<AdjRenderRange_Obj>
<AdjRenderRangeStart>4221333333</AdjRenderRangeStart>
<AdjRenderRangeStop>5293000000</AdjRenderRangeStop>
</AdjRenderRange_Obj>
<AdjRenderRange_Obj>
<AdjRenderRangeStart>5293000000</AdjRenderRangeStart>
<AdjRenderRangeStop>5869000000</AdjRenderRangeStop>
</AdjRenderRange_Obj>
<AdjRenderRange_Obj>
<AdjRenderRangeStart>5869000000</AdjRenderRangeStart>
<AdjRenderRangeStop>6414666667</AdjRenderRangeStop>
</AdjRenderRange_Obj>
<AdjRenderRange_Obj>
<AdjRenderRangeStart>6414666667</AdjRenderRangeStart>
<AdjRenderRangeStop>7506666667</AdjRenderRangeStop>
</AdjRenderRange_Obj>
</AdjRenderRange_Array>
<AdjMarkerDuration_Array>
<AdjMarkerDuration_Obj>
<AdjMarkerDuration>856333333</AdjMarkerDuration>
</AdjMarkerDuration_Obj>
<AdjMarkerDuration_Obj>
<AdjMarkerDuration>539000000</AdjMarkerDuration>
</AdjMarkerDuration_Obj>
<AdjMarkerDuration_Obj>
<AdjMarkerDuration>655333333</AdjMarkerDuration>
</AdjMarkerDuration_Obj>
<AdjMarkerDuration_Obj>
<AdjMarkerDuration>723000000</AdjMarkerDuration>
</AdjMarkerDuration_Obj>
<AdjMarkerDuration_Obj>
<AdjMarkerDuration>643000000</AdjMarkerDuration>
</AdjMarkerDuration_Obj>
<AdjMarkerDuration_Obj>
<AdjMarkerDuration>804666667</AdjMarkerDuration>
</AdjMarkerDuration_Obj>
<AdjMarkerDuration_Obj>
<AdjMarkerDuration>1071666667</AdjMarkerDuration>
</AdjMarkerDuration_Obj>
<AdjMarkerDuration_Obj>
<AdjMarkerDuration>576000000</AdjMarkerDuration>
</AdjMarkerDuration_Obj>
<AdjMarkerDuration_Obj>
<AdjMarkerDuration>545666667</AdjMarkerDuration>
</AdjMarkerDuration_Obj>
<AdjMarkerDuration_Obj>
<AdjMarkerDuration>1092000000</AdjMarkerDuration>
</AdjMarkerDuration_Obj>
</AdjMarkerDuration_Array>
<AdjMarkerTimes_Array>
<AdjMarkerTime_Obj>
<AdjMarkerTime>0</AdjMarkerTime>
</AdjMarkerTime_Obj>
<AdjMarkerTime_Obj>
<AdjMarkerTime>856333333</AdjMarkerTime>
</AdjMarkerTime_Obj>
<AdjMarkerTime_Obj>
<AdjMarkerTime>1395333333</AdjMarkerTime>
</AdjMarkerTime_Obj>
<AdjMarkerTime_Obj>
<AdjMarkerTime>2050666667</AdjMarkerTime>
</AdjMarkerTime_Obj>
<AdjMarkerTime_Obj>
<AdjMarkerTime>2773666667</AdjMarkerTime>
</AdjMarkerTime_Obj>
<AdjMarkerTime_Obj>
<AdjMarkerTime>3416666667</AdjMarkerTime>
</AdjMarkerTime_Obj>
<AdjMarkerTime_Obj>
<AdjMarkerTime>4221333333</AdjMarkerTime>
</AdjMarkerTime_Obj>
<AdjMarkerTime_Obj>
<AdjMarkerTime>5293000000</AdjMarkerTime>
</AdjMarkerTime_Obj>
<AdjMarkerTime_Obj>
<AdjMarkerTime>5869000000</AdjMarkerTime>
</AdjMarkerTime_Obj>
<AdjMarkerTime_Obj>
<AdjMarkerTime>6414666667</AdjMarkerTime>
</AdjMarkerTime_Obj>
</AdjMarkerTimes_Array>
<HasQuizQuestions>0</HasQuizQuestions>
<m_strQuizQuestionOfString>Question @ of @</m_strQuizQuestionOfString>
<m_strQuizPrevString>Prev</m_strQuizPrevString>
<m_strQuizSubmitString>Submit</m_strQuizSubmitString>
<m_strQuizNextString>Next</m_strQuizNextString>
<m_strQuizDoneString>Done</m_strQuizDoneString>
<m_strQuizPreviewString>Preview</m_strQuizPreviewString>
<m_strQuizSendString>Send</m_strQuizSendString>
<m_strQuizMainMessageString>You have reached the end of the questions and this video. Your answers are ready to be sent.</m_strQuizMainMessageString>
<m_strQuizEmailContentsString>E-mail Contents</m_strQuizEmailContentsString>
<m_strQuizEmailToString>E-mail to </m_strQuizEmailToString>
<m_strQuizAnswersSentString>Your answers have been sent.</m_strQuizAnswersSentString>
<m_strQuizSummaryString>You have completed @ of @ questions.</m_strQuizSummaryString>
<m_strQuizScoreString>Score = @/@</m_strQuizScoreString>
<m_strQuizSummaryTitleString>Answers Summary</m_strQuizSummaryTitleString>
<Quiz_Array>
</Quiz_Array>
<Markers_Array>
<Marker_Object>
<MarkerName>Introduction</MarkerName>
<MarkerImage></MarkerImage>
<MarkerTime>0</MarkerTime>
<IndentLevel>0</IndentLevel>
<ShouldIgnore>0</ShouldIgnore>
</Marker_Object>
<Marker_Object>
<MarkerName>Import java.util Package</MarkerName>
<MarkerImage></MarkerImage>
<MarkerTime>856333333</MarkerTime>
<IndentLevel>0</IndentLevel>
<ShouldIgnore>0</ShouldIgnore>
</Marker_Object>
<Marker_Object>
<MarkerName>Create an ArrayList</MarkerName>
<MarkerImage></MarkerImage>
<MarkerTime>1395333333</MarkerTime>
<IndentLevel>0</IndentLevel>
<ShouldIgnore>0</ShouldIgnore>
</Marker_Object>
<Marker_Object>
<MarkerName>Java Generics Feature</MarkerName>
<MarkerImage></MarkerImage>
<MarkerTime>2050666667</MarkerTime>
<IndentLevel>0</IndentLevel>
<ShouldIgnore>0</ShouldIgnore>
</Marker_Object>
<Marker_Object>
<MarkerName>Inspecting an ArrayList</MarkerName>
<MarkerImage></MarkerImage>
<MarkerTime>2773666667</MarkerTime>
<IndentLevel>0</IndentLevel>
<ShouldIgnore>0</ShouldIgnore>
</Marker_Object>
<Marker_Object>
<MarkerName>Create an ArrayList&lt;Book&gt;</MarkerName>
<MarkerImage></MarkerImage>
<MarkerTime>3416666667</MarkerTime>
<IndentLevel>0</IndentLevel>
<ShouldIgnore>0</ShouldIgnore>
</Marker_Object>
<Marker_Object>
<MarkerName>Adding a Person</MarkerName>
<MarkerImage></MarkerImage>
<MarkerTime>4221333333</MarkerTime>
<IndentLevel>0</IndentLevel>
<ShouldIgnore>0</ShouldIgnore>
</Marker_Object>
<Marker_Object>
<MarkerName>Other ArrayList Methods</MarkerName>
<MarkerImage></MarkerImage>
<MarkerTime>5293000000</MarkerTime>
<IndentLevel>0</IndentLevel>
<ShouldIgnore>0</ShouldIgnore>
</Marker_Object>
<Marker_Object>
<MarkerName>Method Chaining</MarkerName>
<MarkerImage></MarkerImage>
<MarkerTime>5869000000</MarkerTime>
<IndentLevel>0</IndentLevel>
<ShouldIgnore>0</ShouldIgnore>
</Marker_Object>
<Marker_Object>
<MarkerName>More ArrayList Methods</MarkerName>
<MarkerImage></MarkerImage>
<MarkerTime>6414666667</MarkerTime>
<IndentLevel>0</IndentLevel>
<ShouldIgnore>0</ShouldIgnore>
</Marker_Object>
</Markers_Array>
<CaptionPlayerXML_Array>
<Caption_Array_Object>
<CaptionXML>   <array>
      <captionObject>
         <Time>0.000000</Time>
         <Caption><![CDATA[(Opening music ...)<BR><BR>]]></Caption>
      </captionObject>
      <captionObject>
         <Time>9.800000</Time>
         <Caption><![CDATA[Hello again. Welcome back to Eclipse and Java for <BR>Total Beginners. <BR>]]></Caption>
      </captionObject>
      <captionObject>
         <Time>13.900000</Time>
         <Caption><![CDATA[Although, if you&apos;ve been working along with these <BR>lessons and gotten this far, you&apos;re not really a <BR>total beginner anymore!]]></Caption>
      </captionObject>
      <captionObject>
         <Time>21.400000</Time>
         <Caption><![CDATA[So far, we&apos;ve created our Person class and our <BR>Book class, and we&apos;ve linked them together by <BR>making person a field in the Book class. ]]></Caption>
      </captionObject>
      <captionObject>
         <Time>31.700000</Time>
         <Caption><![CDATA[Now we&apos;re going to start putting it all together <BR>by creating our actual library class.<BR>]]></Caption>
      </captionObject>
      <captionObject>
         <Time>37.300000</Time>
         <Caption><![CDATA[What do we want our library class to do? <BR>Basically, we want to keep a list of books (our <BR>Book objects) ]]></Caption>
      </captionObject>
      <captionObject>
         <Time>45.000000</Time>
         <Caption><![CDATA[and a list of people (our Person objects). How <BR>many books and people will we have? Well, it&apos;s <BR>hard to say. ]]></Caption>
      </captionObject>
      <captionObject>
         <Time>53.500000</Time>
         <Caption><![CDATA[We might estimate that we&apos;ll have no more than 100 <BR>of each, but then we could give the program to a <BR>friend who has 200 books. ]]></Caption>
      </captionObject>
      <captionObject>
         <Time>60.600000</Time>
         <Caption><![CDATA[Clearly, it would be better if the program could <BR>handle any number of books and people.<BR>]]></Caption>
      </captionObject>
      <captionObject>
         <Time>66.300000</Time>
         <Caption><![CDATA[Fortunately, Java has a number of classes designed <BR>to make processing with lists easy. We&apos;re going to <BR>use one of them -- called the ArrayList. ]]></Caption>
      </captionObject>
      <captionObject>
         <Time>76.600000</Time>
         <Caption><![CDATA[The ArrayList let&apos;s us create a list of any <BR>length, <BR>]]></Caption>
      </captionObject>
      <captionObject>
         <Time>79.300000</Time>
         <Caption><![CDATA[so we don&apos;t need to worry about whether we need <BR>100, 500, or thousands of objects in our list. <BR>]]></Caption>
      </captionObject>
      <captionObject>
         <Time>85.566667</Time>
         <Caption><![CDATA[Let&apos;s start by going to the Eclipse scrapbook and<BR>getting familiar with the ArrayList. <BR>]]></Caption>
      </captionObject>
      <captionObject>
         <Time>91.466667</Time>
         <Caption><![CDATA[We&apos;ll open the scrapbook from the Package Explorer <BR>by double-clicking. If we have anything in the <BR>scrapbook, let&apos;s erase it and get started.]]></Caption>
      </captionObject>
      <captionObject>
         <Time>103.000000</Time>
         <Caption><![CDATA[The ArrayList is part of the java.util package, so <BR>the first thing we need to do is add the import<BR>statement into our scrapbook, ]]></Caption>
      </captionObject>
      <captionObject>
         <Time>112.700000</Time>
         <Caption><![CDATA[which we&apos;ll do by pressing the Import button. <BR>We&apos;ll press Add Packages, start typing java.util,<BR>and double-click on it. ]]></Caption>
      </captionObject>
      <captionObject>
         <Time>127.700000</Time>
         <Caption><![CDATA[And we&apos;ve added java.util.*. This will allow us to <BR>access the ArrayList class without having to type<BR>the full package name.]]></Caption>
      </captionObject>
      <captionObject>
         <Time>139.500000</Time>
         <Caption><![CDATA[Next, let&apos;s see how to create an ArrayList. <BR>We create the ArrayList using the &quot;new&quot; command. <BR>]]></Caption>
      </captionObject>
      <captionObject>
         <Time>147.733333</Time>
         <Caption><![CDATA[We create an ArrayList using the &quot;new&quot; command. <BR>We&apos;ll go &quot;new&quot;, press Ctrl+Space, select &quot;create<BR>new object&quot;, ]]></Caption>
      </captionObject>
      <captionObject>
         <Time>152.233333</Time>
         <Caption><![CDATA[type &quot;ArrayList&quot;. And this time we&apos;re going to<BR>type something new, which we&apos;ll talk about in a <BR>minute.]]></Caption>
      </captionObject>
      <captionObject>
         <Time>157.833333</Time>
         <Caption><![CDATA[We&apos;ll type &quot;&lt;String&gt;&quot;, then Tab. We&apos;ll call the <BR>variable &quot;list&quot;. There are no arguments. And<BR>that&apos;s our first line. ]]></Caption>
      </captionObject>
      <captionObject>
         <Time>165.033333</Time>
         <Caption><![CDATA[Next, we&apos;ll add two strings to the list using the<BR>ArrayList add() method.<BR>]]></Caption>
      </captionObject>
      <captionObject>
         <Time>172.333333</Time>
         <Caption><![CDATA[We type &quot;list.&quot; and now we get all of the methods <BR>available in the ArrayList. We can see there are<BR>quite a few. ]]></Caption>
      </captionObject>
      <captionObject>
         <Time>180.833333</Time>
         <Caption><![CDATA[This first one is add, and we&apos;ll just add a String<BR>called &quot;test1&quot;. <BR>]]></Caption>
      </captionObject>
      <captionObject>
         <Time>186.733333</Time>
         <Caption><![CDATA[Then we&apos;ll do the same thing and add a String<BR>called &quot;test2&quot;.  <BR>]]></Caption>
      </captionObject>
      <captionObject>
         <Time>193.333333</Time>
         <Caption><![CDATA[Let&apos;s look at this first line of code. We&apos;re <BR>creating a new ArrayList object, but we&apos;ve got a<BR>new construct –- ]]></Caption>
      </captionObject>
      <captionObject>
         <Time>201.033333</Time>
         <Caption><![CDATA[the word String inside the &lt; &gt; brackets. <BR><BR>]]></Caption>
      </captionObject>
      <captionObject>
         <Time>205.000000</Time>
         <Caption><![CDATA[This is using a Java feature called Generics. This <BR>tells the compiler that this particular list can<BR>only hold objects of type String. ]]></Caption>
      </captionObject>
      <captionObject>
         <Time>217.533333</Time>
         <Caption><![CDATA[We&apos;ll get a compiler error if we try to put in a <BR>different type of object, say an integer or some<BR>other type.    ]]></Caption>
      </captionObject>
      <captionObject>
         <Time>224.933333</Time>
         <Caption><![CDATA[If we leave this off, then an ArrayList can hold<BR>any type of object in Java. <BR>]]></Caption>
      </captionObject>
      <captionObject>
         <Time>232.133333</Time>
         <Caption><![CDATA[But usually when we create a list, we know that<BR>the list in only going to be holding one type of <BR>object. ]]></Caption>
      </captionObject>
      <captionObject>
         <Time>238.633333</Time>
         <Caption><![CDATA[If so, we always want to specify the type when we <BR>create the list. <BR>]]></Caption>
      </captionObject>
      <captionObject>
         <Time>244.133333</Time>
         <Caption><![CDATA[That way, if we try to add a different type we&apos;ll <BR>get a compiler error. <BR>]]></Caption>
      </captionObject>
      <captionObject>
         <Time>249.433333</Time>
         <Caption><![CDATA[We&apos;d much rather get an error and be able to fix <BR>it when we are writing and compiling the program<BR>]]></Caption>
      </captionObject>
      <captionObject>
         <Time>255.233333</Time>
         <Caption><![CDATA[than to take the chance of an end-user getting an <BR>error when they are running the program.  <BR>]]></Caption>
      </captionObject>
      <captionObject>
         <Time>261.933333</Time>
         <Caption><![CDATA[The next two lines use the add method of the <BR>ArrayList class to add two strings to the list.<BR>]]></Caption>
      </captionObject>
      <captionObject>
         <Time>272.133333</Time>
         <Caption><![CDATA[Let&apos;s run this snippet inside the scrapbook and <BR>take a look at our list. <BR>]]></Caption>
      </captionObject>
      <captionObject>
         <Time>277.366667</Time>
         <Caption><![CDATA[So we&apos;ll type &quot;list&quot;, so we have an expression to<BR>inspect. Then we&apos;ll highlight and press the <BR>Inspect button.]]></Caption>
      </captionObject>
      <captionObject>
         <Time>285.233333</Time>
         <Caption><![CDATA[Here&apos;s our ArrayList. If we expand the<BR>elementData, we can see we have our two strings, <BR>&quot;test1&quot; and &quot;test2&quot;. ]]></Caption>
      </captionObject>
      <captionObject>
         <Time>295.433333</Time>
         <Caption><![CDATA[Note that we start numbering at 0 (zero), not at <BR>1. <BR>]]></Caption>
      </captionObject>
      <captionObject>
         <Time>299.233333</Time>
         <Caption><![CDATA[This is a common feature of many programming <BR>languages, including Java -- arrays and lists <BR>always start numbering at 0. ]]></Caption>
      </captionObject>
      <captionObject>
         <Time>311.133333</Time>
         <Caption><![CDATA[Let&apos;s close this by clicking outside the pop-up <BR>window and try something different. Let&apos;s try <BR>adding an integer to our list. ]]></Caption>
      </captionObject>
      <captionObject>
         <Time>325.133333</Time>
         <Caption><![CDATA[We&apos;ll highlight again, press Inspect, and this <BR>time we get an error message saying we can&apos;t add <BR>an integer into an ArrayList&lt;String&gt;.]]></Caption>
      </captionObject>
      <captionObject>
         <Time>340.133333</Time>
         <Caption><![CDATA[This is what we want. <BR><BR>]]></Caption>
      </captionObject>
      <captionObject>
         <Time>341.700000</Time>
         <Caption><![CDATA[Now, we&apos;re going to want our lists to hold Book <BR>and Person objects. So let&apos;s create a Book list.<BR>]]></Caption>
      </captionObject>
      <captionObject>
         <Time>349.233333</Time>
         <Caption><![CDATA[First we&apos;ll change the type to Book in the <BR>declaration. Now we need to create two Book <BR>objects. We&apos;ll use Code Assist. ]]></Caption>
      </captionObject>
      <captionObject>
         <Time>363.133333</Time>
         <Caption><![CDATA[We&apos;ll create a Book object called b1 with a title <BR>&quot;Great Expectations&quot;. <BR>]]></Caption>
      </captionObject>
      <captionObject>
         <Time>370.233333</Time>
         <Caption><![CDATA[And we&apos;ll do the same thing -- create an object <BR>called b2 and will give it the name &quot;War and <BR>Peace&quot;. ]]></Caption>
      </captionObject>
      <captionObject>
         <Time>378.533333</Time>
         <Caption><![CDATA[So now we have our two Book objects. Let&apos;s add <BR>them to the list. Let&apos;s change this to add the<BR>books to the list. ]]></Caption>
      </captionObject>
      <captionObject>
         <Time>389.133333</Time>
         <Caption><![CDATA[We&apos;ll take out this line that tried to add an <BR>integer to the list. We&apos;ll highlight and Inspect.<BR>]]></Caption>
      </captionObject>
      <captionObject>
         <Time>397.233333</Time>
         <Caption><![CDATA[Now, when we look at the elementData, we&apos;ve got <BR>two Book objects -- &quot;Great Expectations&quot; and &quot;War <BR>and Peace&quot;. ]]></Caption>
      </captionObject>
      <captionObject>
         <Time>411.233333</Time>
         <Caption><![CDATA[And notice that they start numbering at 0, so they <BR>are objects number 0 and 1.  Now, let&apos;s try one <BR>more thing. ]]></Caption>
      </captionObject>
      <captionObject>
         <Time>422.133333</Time>
         <Caption><![CDATA[We&apos;ll create a Person and then assign that Person <BR>to one of the books using the setPerson() method<BR>in the Book class.]]></Caption>
      </captionObject>
      <captionObject>
         <Time>435.033333</Time>
         <Caption><![CDATA[So here&apos;s the code. First we&apos;ll create a new<BR>Person object: &quot;Person p1 = new Person();&quot;<BR>]]></Caption>
      </captionObject>
      <captionObject>
         <Time>446.033333</Time>
         <Caption><![CDATA[Then we&apos;ll use the setName() method to set the<BR>name of the person to &quot;Fred&quot;. <BR>]]></Caption>
      </captionObject>
      <captionObject>
         <Time>451.933333</Time>
         <Caption><![CDATA[And then, we&apos;ll take the b1 object and set the<BR>Person in b1 to p1. <BR>]]></Caption>
      </captionObject>
      <captionObject>
         <Time>460.133333</Time>
         <Caption><![CDATA[So we&apos;ve created a new Person and then said that<BR>this Person is the one currently reading Book b1. <BR>]]></Caption>
      </captionObject>
      <captionObject>
         <Time>469.133333</Time>
         <Caption><![CDATA[Now, again we&apos;ll highlight and Inspect.<BR><BR>]]></Caption>
      </captionObject>
      <captionObject>
         <Time>474.733333</Time>
         <Caption><![CDATA[Now, when we drill into the elementData, again we<BR>see the Book &quot;Gread Expectations&quot;, <BR>]]></Caption>
      </captionObject>
      <captionObject>
         <Time>485.133333</Time>
         <Caption><![CDATA[but this time we&apos;ve got a Person in the person<BR>field of this Book.  <BR>]]></Caption>
      </captionObject>
      <captionObject>
         <Time>491.533333</Time>
         <Caption><![CDATA[When we drill into the Person, we see we&apos;ve got <BR>Fred in here, inside the person field. <BR>]]></Caption>
      </captionObject>
      <captionObject>
         <Time>501.033333</Time>
         <Caption><![CDATA[So what we&apos;ve got here is a top-level object -- <BR>our ArrayList. Then in the next level, we&apos;ve got <BR>elementData of our different books. ]]></Caption>
      </captionObject>
      <captionObject>
         <Time>514.333333</Time>
         <Caption><![CDATA[And then in the third level, we&apos;ve got inside one <BR>of the books a person field, referring to a Person<BR>object.  ]]></Caption>
      </captionObject>
      <captionObject>
         <Time>522.133333</Time>
         <Caption><![CDATA[So we&apos;ve got a Person object inside a Book object <BR>inside our list. <BR>]]></Caption>
      </captionObject>
      <captionObject>
         <Time>529.266667</Time>
         <Caption><![CDATA[Next, let&apos;s take a quick look at some other <BR>methods available in the ArrayList class. We&apos;ll<BR>double-click to create more room. ]]></Caption>
      </captionObject>
      <captionObject>
         <Time>538.833333</Time>
         <Caption><![CDATA[The easiest way to retrieve an object from an <BR>arraylist is by position or index.<BR>]]></Caption>
      </captionObject>
      <captionObject>
         <Time>543.833333</Time>
         <Caption><![CDATA[As we saw, the index starts with 0. So the first <BR>object in the list is item number 0, followed by <BR>1, 2, 3, and so forth.]]></Caption>
      </captionObject>
      <captionObject>
         <Time>553.633333</Time>
         <Caption><![CDATA[To retrieve the first Book, we use the get <BR>command. We&apos;ll go down to our list object, type<BR>the &quot;.&quot;, and again we see all of the methods. ]]></Caption>
      </captionObject>
      <captionObject>
         <Time>563.933333</Time>
         <Caption><![CDATA[When we type get, we can say &quot;get(0)&quot;, and that<BR>will give us the first item in the list. <BR>]]></Caption>
      </captionObject>
      <captionObject>
         <Time>576.133333</Time>
         <Caption><![CDATA[Let&apos;s Inspect this. As expected, we get a Book, <BR>which is what we wanted. <BR>]]></Caption>
      </captionObject>
      <captionObject>
         <Time>586.933333</Time>
         <Caption><![CDATA[Now, let&apos;s try something a little tricky. At this <BR>point we&apos;ve got a Book. Let&apos;s try to get the <BR>Person from the Book.]]></Caption>
      </captionObject>
      <captionObject>
         <Time>598.133333</Time>
         <Caption><![CDATA[So we say &quot;.getPerson()&quot;, because the first part <BR>evaluates to a Book, and then &quot;getPerson()&quot; is a<BR>method from the Book class. ]]></Caption>
      </captionObject>
      <captionObject>
         <Time>607.633333</Time>
         <Caption><![CDATA[And, if we Inspect that, we get &quot;Fred&quot;. <BR><BR>]]></Caption>
      </captionObject>
      <captionObject>
         <Time>614.233333</Time>
         <Caption><![CDATA[Now, we can try one more thing, just to show how<BR>we can chain these methods together. <BR>]]></Caption>
      </captionObject>
      <captionObject>
         <Time>619.933333</Time>
         <Caption><![CDATA[Now we&apos;ve got a Person object, so we can get the <BR>name of the Person.<BR>]]></Caption>
      </captionObject>
      <captionObject>
         <Time>625.833333</Time>
         <Caption><![CDATA[So here we&apos;re getting a Book object from the list, <BR>then we&apos;re getting the Person from the Book, then <BR>we&apos;re getting the name from the Person.  ]]></Caption>
      </captionObject>
      <captionObject>
         <Time>636.333333</Time>
         <Caption><![CDATA[Try it again, and we get a String &quot;Fred&quot;.   <BR><BR>]]></Caption>
      </captionObject>
      <captionObject>
         <Time>641.633333</Time>
         <Caption><![CDATA[We can find a book&apos;s position on the list using<BR>the indexOf() method, as follows. <BR>]]></Caption>
      </captionObject>
      <captionObject>
         <Time>649.533333</Time>
         <Caption><![CDATA[We type in &quot;ind&quot;, press Ctrl+Space, and that gives<BR>us &quot;indexOf()&quot;. <BR>]]></Caption>
      </captionObject>
      <captionObject>
         <Time>653.733333</Time>
         <Caption><![CDATA[Then we put in the object that we want the index <BR>of -- in this case, b2. <BR>]]></Caption>
      </captionObject>
      <captionObject>
         <Time>659.533333</Time>
         <Caption><![CDATA[And now if we evaluate this, we get the number 1, <BR>meaning that b2 is in position 1 on the list<BR>(which is the SECOND position on the list).  ]]></Caption>
      </captionObject>
      <captionObject>
         <Time>670.733333</Time>
         <Caption><![CDATA[So, if we know the index, we can get the object.<BR>If we know the object, we can get the index. <BR>]]></Caption>
      </captionObject>
      <captionObject>
         <Time>679.033333</Time>
         <Caption><![CDATA[Let&apos;s quickly look at two more methods. <BR><BR>]]></Caption>
      </captionObject>
      <captionObject>
         <Time>682.033333</Time>
         <Caption><![CDATA[If we type &quot;list.rem&quot; and press Ctrl+Space, we see <BR>two methods: &quot;remove(int index)&quot; and remove(Object <BR>o)&quot;. ]]></Caption>
      </captionObject>
      <captionObject>
         <Time>691.533333</Time>
         <Caption><![CDATA[So we can remove either by knowing the position of <BR>the object or we can remove if we have a reference<BR>to the object we want removed. ]]></Caption>
      </captionObject>
      <captionObject>
         <Time>701.533333</Time>
         <Caption><![CDATA[So let&apos;s try removing Book b1 from the list. And <BR>then we&apos;ll look at the list again. <BR>]]></Caption>
      </captionObject>
      <captionObject>
         <Time>715.033333</Time>
         <Caption><![CDATA[And now, when we look at the elementData, we just <BR>have the second Book and now it&apos;s in position <BR>number 0. It&apos;s moved up. ]]></Caption>
      </captionObject>
      <captionObject>
         <Time>727.333333</Time>
         <Caption><![CDATA[Now we&apos;ve seen how to create ArrayList objects, <BR>and how to add, retrieve, and remove objects from <BR>them.]]></Caption>
      </captionObject>
      <captionObject>
         <Time>734.233333</Time>
         <Caption><![CDATA[In the next lesson, we&apos;ll use ArrayLists in our <BR>library class. <BR>]]></Caption>
      </captionObject>
      <captionObject>
         <Time>738.433333</Time>
         <Caption><![CDATA[This is the end of Lesson 9. I&apos;m Mark Dexter <BR>saying so long for now. <BR>]]></Caption>
      </captionObject>
      <captionObject>
         <Time>743.033333</Time>
         <Caption><![CDATA[(Closing music ...)<BR><BR>]]></Caption>
      </captionObject>
   </array>
</CaptionXML>
</Caption_Array_Object>
</CaptionPlayerXML_Array>
<CaptionFontHeight>23</CaptionFontHeight>
<MaxCaptionsCharsPerLine>50</MaxCaptionsCharsPerLine>
<TimelineCaptionCount>91</TimelineCaptionCount>
<CaptionHeight>0</CaptionHeight>
<CloseCaptions_Array>
<captionObject>
<Time>0.000000</Time>
<Caption><![CDATA[(Opening music ...)<BR><BR>]]></Caption>
</captionObject>
<captionObject>
<Time>9.800000</Time>
<Caption><![CDATA[Hello again. Welcome back to Eclipse and Java for <BR>Total Beginners. <BR>]]></Caption>
</captionObject>
<captionObject>
<Time>13.900000</Time>
<Caption><![CDATA[Although, if you&apos;ve been working along with these <BR>lessons and gotten this far, you&apos;re not really a <BR>total beginner anymore!]]></Caption>
</captionObject>
<captionObject>
<Time>21.400000</Time>
<Caption><![CDATA[So far, we&apos;ve created our Person class and our <BR>Book class, and we&apos;ve linked them together by <BR>making person a field in the Book class. ]]></Caption>
</captionObject>
<captionObject>
<Time>31.700000</Time>
<Caption><![CDATA[Now we&apos;re going to start putting it all together <BR>by creating our actual library class.<BR>]]></Caption>
</captionObject>
<captionObject>
<Time>37.300000</Time>
<Caption><![CDATA[What do we want our library class to do? <BR>Basically, we want to keep a list of books (our <BR>Book objects) ]]></Caption>
</captionObject>
<captionObject>
<Time>45.000000</Time>
<Caption><![CDATA[and a list of people (our Person objects). How <BR>many books and people will we have? Well, it&apos;s <BR>hard to say. ]]></Caption>
</captionObject>
<captionObject>
<Time>53.500000</Time>
<Caption><![CDATA[We might estimate that we&apos;ll have no more than 100 <BR>of each, but then we could give the program to a <BR>friend who has 200 books. ]]></Caption>
</captionObject>
<captionObject>
<Time>60.600000</Time>
<Caption><![CDATA[Clearly, it would be better if the program could <BR>handle any number of books and people.<BR>]]></Caption>
</captionObject>
<captionObject>
<Time>66.300000</Time>
<Caption><![CDATA[Fortunately, Java has a number of classes designed <BR>to make processing with lists easy. We&apos;re going to <BR>use one of them -- called the ArrayList. ]]></Caption>
</captionObject>
<captionObject>
<Time>76.600000</Time>
<Caption><![CDATA[The ArrayList let&apos;s us create a list of any <BR>length, <BR>]]></Caption>
</captionObject>
<captionObject>
<Time>79.300000</Time>
<Caption><![CDATA[so we don&apos;t need to worry about whether we need <BR>100, 500, or thousands of objects in our list. <BR>]]></Caption>
</captionObject>
<captionObject>
<Time>85.566667</Time>
<Caption><![CDATA[Let&apos;s start by going to the Eclipse scrapbook and<BR>getting familiar with the ArrayList. <BR>]]></Caption>
</captionObject>
<captionObject>
<Time>91.466667</Time>
<Caption><![CDATA[We&apos;ll open the scrapbook from the Package Explorer <BR>by double-clicking. If we have anything in the <BR>scrapbook, let&apos;s erase it and get started.]]></Caption>
</captionObject>
<captionObject>
<Time>103.000000</Time>
<Caption><![CDATA[The ArrayList is part of the java.util package, so <BR>the first thing we need to do is add the import<BR>statement into our scrapbook, ]]></Caption>
</captionObject>
<captionObject>
<Time>112.700000</Time>
<Caption><![CDATA[which we&apos;ll do by pressing the Import button. <BR>We&apos;ll press Add Packages, start typing java.util,<BR>and double-click on it. ]]></Caption>
</captionObject>
<captionObject>
<Time>127.700000</Time>
<Caption><![CDATA[And we&apos;ve added java.util.*. This will allow us to <BR>access the ArrayList class without having to type<BR>the full package name.]]></Caption>
</captionObject>
<captionObject>
<Time>139.500000</Time>
<Caption><![CDATA[Next, let&apos;s see how to create an ArrayList. <BR>We create the ArrayList using the &quot;new&quot; command. <BR>]]></Caption>
</captionObject>
<captionObject>
<Time>147.733333</Time>
<Caption><![CDATA[We create an ArrayList using the &quot;new&quot; command. <BR>We&apos;ll go &quot;new&quot;, press Ctrl+Space, select &quot;create<BR>new object&quot;, ]]></Caption>
</captionObject>
<captionObject>
<Time>152.233333</Time>
<Caption><![CDATA[type &quot;ArrayList&quot;. And this time we&apos;re going to<BR>type something new, which we&apos;ll talk about in a <BR>minute.]]></Caption>
</captionObject>
<captionObject>
<Time>157.833333</Time>
<Caption><![CDATA[We&apos;ll type &quot;&lt;String&gt;&quot;, then Tab. We&apos;ll call the <BR>variable &quot;list&quot;. There are no arguments. And<BR>that&apos;s our first line. ]]></Caption>
</captionObject>
<captionObject>
<Time>165.033333</Time>
<Caption><![CDATA[Next, we&apos;ll add two strings to the list using the<BR>ArrayList add() method.<BR>]]></Caption>
</captionObject>
<captionObject>
<Time>172.333333</Time>
<Caption><![CDATA[We type &quot;list.&quot; and now we get all of the methods <BR>available in the ArrayList. We can see there are<BR>quite a few. ]]></Caption>
</captionObject>
<captionObject>
<Time>180.833333</Time>
<Caption><![CDATA[This first one is add, and we&apos;ll just add a String<BR>called &quot;test1&quot;. <BR>]]></Caption>
</captionObject>
<captionObject>
<Time>186.733333</Time>
<Caption><![CDATA[Then we&apos;ll do the same thing and add a String<BR>called &quot;test2&quot;.  <BR>]]></Caption>
</captionObject>
<captionObject>
<Time>193.333333</Time>
<Caption><![CDATA[Let&apos;s look at this first line of code. We&apos;re <BR>creating a new ArrayList object, but we&apos;ve got a<BR>new construct –- ]]></Caption>
</captionObject>
<captionObject>
<Time>201.033333</Time>
<Caption><![CDATA[the word String inside the &lt; &gt; brackets. <BR><BR>]]></Caption>
</captionObject>
<captionObject>
<Time>205.000000</Time>
<Caption><![CDATA[This is using a Java feature called Generics. This <BR>tells the compiler that this particular list can<BR>only hold objects of type String. ]]></Caption>
</captionObject>
<captionObject>
<Time>217.533333</Time>
<Caption><![CDATA[We&apos;ll get a compiler error if we try to put in a <BR>different type of object, say an integer or some<BR>other type.    ]]></Caption>
</captionObject>
<captionObject>
<Time>224.933333</Time>
<Caption><![CDATA[If we leave this off, then an ArrayList can hold<BR>any type of object in Java. <BR>]]></Caption>
</captionObject>
<captionObject>
<Time>232.133333</Time>
<Caption><![CDATA[But usually when we create a list, we know that<BR>the list in only going to be holding one type of <BR>object. ]]></Caption>
</captionObject>
<captionObject>
<Time>238.633333</Time>
<Caption><![CDATA[If so, we always want to specify the type when we <BR>create the list. <BR>]]></Caption>
</captionObject>
<captionObject>
<Time>244.133333</Time>
<Caption><![CDATA[That way, if we try to add a different type we&apos;ll <BR>get a compiler error. <BR>]]></Caption>
</captionObject>
<captionObject>
<Time>249.433333</Time>
<Caption><![CDATA[We&apos;d much rather get an error and be able to fix <BR>it when we are writing and compiling the program<BR>]]></Caption>
</captionObject>
<captionObject>
<Time>255.233333</Time>
<Caption><![CDATA[than to take the chance of an end-user getting an <BR>error when they are running the program.  <BR>]]></Caption>
</captionObject>
<captionObject>
<Time>261.933333</Time>
<Caption><![CDATA[The next two lines use the add method of the <BR>ArrayList class to add two strings to the list.<BR>]]></Caption>
</captionObject>
<captionObject>
<Time>272.133333</Time>
<Caption><![CDATA[Let&apos;s run this snippet inside the scrapbook and <BR>take a look at our list. <BR>]]></Caption>
</captionObject>
<captionObject>
<Time>277.366667</Time>
<Caption><![CDATA[So we&apos;ll type &quot;list&quot;, so we have an expression to<BR>inspect. Then we&apos;ll highlight and press the <BR>Inspect button.]]></Caption>
</captionObject>
<captionObject>
<Time>285.233333</Time>
<Caption><![CDATA[Here&apos;s our ArrayList. If we expand the<BR>elementData, we can see we have our two strings, <BR>&quot;test1&quot; and &quot;test2&quot;. ]]></Caption>
</captionObject>
<captionObject>
<Time>295.433333</Time>
<Caption><![CDATA[Note that we start numbering at 0 (zero), not at <BR>1. <BR>]]></Caption>
</captionObject>
<captionObject>
<Time>299.233333</Time>
<Caption><![CDATA[This is a common feature of many programming <BR>languages, including Java -- arrays and lists <BR>always start numbering at 0. ]]></Caption>
</captionObject>
<captionObject>
<Time>311.133333</Time>
<Caption><![CDATA[Let&apos;s close this by clicking outside the pop-up <BR>window and try something different. Let&apos;s try <BR>adding an integer to our list. ]]></Caption>
</captionObject>
<captionObject>
<Time>325.133333</Time>
<Caption><![CDATA[We&apos;ll highlight again, press Inspect, and this <BR>time we get an error message saying we can&apos;t add <BR>an integer into an ArrayList&lt;String&gt;.]]></Caption>
</captionObject>
<captionObject>
<Time>340.133333</Time>
<Caption><![CDATA[This is what we want. <BR><BR>]]></Caption>
</captionObject>
<captionObject>
<Time>341.700000</Time>
<Caption><![CDATA[Now, we&apos;re going to want our lists to hold Book <BR>and Person objects. So let&apos;s create a Book list.<BR>]]></Caption>
</captionObject>
<captionObject>
<Time>349.233333</Time>
<Caption><![CDATA[First we&apos;ll change the type to Book in the <BR>declaration. Now we need to create two Book <BR>objects. We&apos;ll use Code Assist. ]]></Caption>
</captionObject>
<captionObject>
<Time>363.133333</Time>
<Caption><![CDATA[We&apos;ll create a Book object called b1 with a title <BR>&quot;Great Expectations&quot;. <BR>]]></Caption>
</captionObject>
<captionObject>
<Time>370.233333</Time>
<Caption><![CDATA[And we&apos;ll do the same thing -- create an object <BR>called b2 and will give it the name &quot;War and <BR>Peace&quot;. ]]></Caption>
</captionObject>
<captionObject>
<Time>378.533333</Time>
<Caption><![CDATA[So now we have our two Book objects. Let&apos;s add <BR>them to the list. Let&apos;s change this to add the<BR>books to the list. ]]></Caption>
</captionObject>
<captionObject>
<Time>389.133333</Time>
<Caption><![CDATA[We&apos;ll take out this line that tried to add an <BR>integer to the list. We&apos;ll highlight and Inspect.<BR>]]></Caption>
</captionObject>
<captionObject>
<Time>397.233333</Time>
<Caption><![CDATA[Now, when we look at the elementData, we&apos;ve got <BR>two Book objects -- &quot;Great Expectations&quot; and &quot;War <BR>and Peace&quot;. ]]></Caption>
</captionObject>
<captionObject>
<Time>411.233333</Time>
<Caption><![CDATA[And notice that they start numbering at 0, so they <BR>are objects number 0 and 1.  Now, let&apos;s try one <BR>more thing. ]]></Caption>
</captionObject>
<captionObject>
<Time>422.133333</Time>
<Caption><![CDATA[We&apos;ll create a Person and then assign that Person <BR>to one of the books using the setPerson() method<BR>in the Book class.]]></Caption>
</captionObject>
<captionObject>
<Time>435.033333</Time>
<Caption><![CDATA[So here&apos;s the code. First we&apos;ll create a new<BR>Person object: &quot;Person p1 = new Person();&quot;<BR>]]></Caption>
</captionObject>
<captionObject>
<Time>446.033333</Time>
<Caption><![CDATA[Then we&apos;ll use the setName() method to set the<BR>name of the person to &quot;Fred&quot;. <BR>]]></Caption>
</captionObject>
<captionObject>
<Time>451.933333</Time>
<Caption><![CDATA[And then, we&apos;ll take the b1 object and set the<BR>Person in b1 to p1. <BR>]]></Caption>
</captionObject>
<captionObject>
<Time>460.133333</Time>
<Caption><![CDATA[So we&apos;ve created a new Person and then said that<BR>this Person is the one currently reading Book b1. <BR>]]></Caption>
</captionObject>
<captionObject>
<Time>469.133333</Time>
<Caption><![CDATA[Now, again we&apos;ll highlight and Inspect.<BR><BR>]]></Caption>
</captionObject>
<captionObject>
<Time>474.733333</Time>
<Caption><![CDATA[Now, when we drill into the elementData, again we<BR>see the Book &quot;Gread Expectations&quot;, <BR>]]></Caption>
</captionObject>
<captionObject>
<Time>485.133333</Time>
<Caption><![CDATA[but this time we&apos;ve got a Person in the person<BR>field of this Book.  <BR>]]></Caption>
</captionObject>
<captionObject>
<Time>491.533333</Time>
<Caption><![CDATA[When we drill into the Person, we see we&apos;ve got <BR>Fred in here, inside the person field. <BR>]]></Caption>
</captionObject>
<captionObject>
<Time>501.033333</Time>
<Caption><![CDATA[So what we&apos;ve got here is a top-level object -- <BR>our ArrayList. Then in the next level, we&apos;ve got <BR>elementData of our different books. ]]></Caption>
</captionObject>
<captionObject>
<Time>514.333333</Time>
<Caption><![CDATA[And then in the third level, we&apos;ve got inside one <BR>of the books a person field, referring to a Person<BR>object.  ]]></Caption>
</captionObject>
<captionObject>
<Time>522.133333</Time>
<Caption><![CDATA[So we&apos;ve got a Person object inside a Book object <BR>inside our list. <BR>]]></Caption>
</captionObject>
<captionObject>
<Time>529.266667</Time>
<Caption><![CDATA[Next, let&apos;s take a quick look at some other <BR>methods available in the ArrayList class. We&apos;ll<BR>double-click to create more room. ]]></Caption>
</captionObject>
<captionObject>
<Time>538.833333</Time>
<Caption><![CDATA[The easiest way to retrieve an object from an <BR>arraylist is by position or index.<BR>]]></Caption>
</captionObject>
<captionObject>
<Time>543.833333</Time>
<Caption><![CDATA[As we saw, the index starts with 0. So the first <BR>object in the list is item number 0, followed by <BR>1, 2, 3, and so forth.]]></Caption>
</captionObject>
<captionObject>
<Time>553.633333</Time>
<Caption><![CDATA[To retrieve the first Book, we use the get <BR>command. We&apos;ll go down to our list object, type<BR>the &quot;.&quot;, and again we see all of the methods. ]]></Caption>
</captionObject>
<captionObject>
<Time>563.933333</Time>
<Caption><![CDATA[When we type get, we can say &quot;get(0)&quot;, and that<BR>will give us the first item in the list. <BR>]]></Caption>
</captionObject>
<captionObject>
<Time>576.133333</Time>
<Caption><![CDATA[Let&apos;s Inspect this. As expected, we get a Book, <BR>which is what we wanted. <BR>]]></Caption>
</captionObject>
<captionObject>
<Time>586.933333</Time>
<Caption><![CDATA[Now, let&apos;s try something a little tricky. At this <BR>point we&apos;ve got a Book. Let&apos;s try to get the <BR>Person from the Book.]]></Caption>
</captionObject>
<captionObject>
<Time>598.133333</Time>
<Caption><![CDATA[So we say &quot;.getPerson()&quot;, because the first part <BR>evaluates to a Book, and then &quot;getPerson()&quot; is a<BR>method from the Book class. ]]></Caption>
</captionObject>
<captionObject>
<Time>607.633333</Time>
<Caption><![CDATA[And, if we Inspect that, we get &quot;Fred&quot;. <BR><BR>]]></Caption>
</captionObject>
<captionObject>
<Time>614.233333</Time>
<Caption><![CDATA[Now, we can try one more thing, just to show how<BR>we can chain these methods together. <BR>]]></Caption>
</captionObject>
<captionObject>
<Time>619.933333</Time>
<Caption><![CDATA[Now we&apos;ve got a Person object, so we can get the <BR>name of the Person.<BR>]]></Caption>
</captionObject>
<captionObject>
<Time>625.833333</Time>
<Caption><![CDATA[So here we&apos;re getting a Book object from the list, <BR>then we&apos;re getting the Person from the Book, then <BR>we&apos;re getting the name from the Person.  ]]></Caption>
</captionObject>
<captionObject>
<Time>636.333333</Time>
<Caption><![CDATA[Try it again, and we get a String &quot;Fred&quot;.   <BR><BR>]]></Caption>
</captionObject>
<captionObject>
<Time>641.633333</Time>
<Caption><![CDATA[We can find a book&apos;s position on the list using<BR>the indexOf() method, as follows. <BR>]]></Caption>
</captionObject>
<captionObject>
<Time>649.533333</Time>
<Caption><![CDATA[We type in &quot;ind&quot;, press Ctrl+Space, and that gives<BR>us &quot;indexOf()&quot;. <BR>]]></Caption>
</captionObject>
<captionObject>
<Time>653.733333</Time>
<Caption><![CDATA[Then we put in the object that we want the index <BR>of -- in this case, b2. <BR>]]></Caption>
</captionObject>
<captionObject>
<Time>659.533333</Time>
<Caption><![CDATA[And now if we evaluate this, we get the number 1, <BR>meaning that b2 is in position 1 on the list<BR>(which is the SECOND position on the list).  ]]></Caption>
</captionObject>
<captionObject>
<Time>670.733333</Time>
<Caption><![CDATA[So, if we know the index, we can get the object.<BR>If we know the object, we can get the index. <BR>]]></Caption>
</captionObject>
<captionObject>
<Time>679.033333</Time>
<Caption><![CDATA[Let&apos;s quickly look at two more methods. <BR><BR>]]></Caption>
</captionObject>
<captionObject>
<Time>682.033333</Time>
<Caption><![CDATA[If we type &quot;list.rem&quot; and press Ctrl+Space, we see <BR>two methods: &quot;remove(int index)&quot; and remove(Object <BR>o)&quot;. ]]></Caption>
</captionObject>
<captionObject>
<Time>691.533333</Time>
<Caption><![CDATA[So we can remove either by knowing the position of <BR>the object or we can remove if we have a reference<BR>to the object we want removed. ]]></Caption>
</captionObject>
<captionObject>
<Time>701.533333</Time>
<Caption><![CDATA[So let&apos;s try removing Book b1 from the list. And <BR>then we&apos;ll look at the list again. <BR>]]></Caption>
</captionObject>
<captionObject>
<Time>715.033333</Time>
<Caption><![CDATA[And now, when we look at the elementData, we just <BR>have the second Book and now it&apos;s in position <BR>number 0. It&apos;s moved up. ]]></Caption>
</captionObject>
<captionObject>
<Time>727.333333</Time>
<Caption><![CDATA[Now we&apos;ve seen how to create ArrayList objects, <BR>and how to add, retrieve, and remove objects from <BR>them.]]></Caption>
</captionObject>
<captionObject>
<Time>734.233333</Time>
<Caption><![CDATA[In the next lesson, we&apos;ll use ArrayLists in our <BR>library class. <BR>]]></Caption>
</captionObject>
<captionObject>
<Time>738.433333</Time>
<Caption><![CDATA[This is the end of Lesson 9. I&apos;m Mark Dexter <BR>saying so long for now. <BR>]]></Caption>
</captionObject>
<captionObject>
<Time>743.033333</Time>
<Caption><![CDATA[(Closing music ...)<BR><BR>]]></Caption>
</captionObject>
</CloseCaptions_Array>
<NumMetaDataTypes>34</NumMetaDataTypes>
<MetaData_Array>
<MetaData_Object>
<MetaDataType>Creator</MetaDataType>
<MetaDataValue>Mark Dexter</MetaDataValue>
<MetaDataEmbedName>DC.creator</MetaDataEmbedName>
</MetaData_Object>
</MetaData_Array>
<NumFileTypesUsedByProduction>4</NumFileTypesUsedByProduction>
<FileTypesUsed_Array>
<FileTypeUsed_Object>
<FileTypeName>Video</FileTypeName>
</FileTypeUsed_Object>
<FileTypeUsed_Object>
<FileTypeName>HTMLFile</FileTypeName>
</FileTypeUsed_Object>
<FileTypeUsed_Object>
<FileTypeName>EmbededPlayerJS</FileTypeName>
</FileTypeUsed_Object>
<FileTypeUsed_Object>
<FileTypeName>ProductionInfoXML</FileTypeName>
</FileTypeUsed_Object>
</FileTypesUsed_Array>
<NumFilesTotal>4</NumFilesTotal>
<ProducedFiles_Array>
<ProducedFile_Object>
<FileName>C:\Documents and Settings\Mark\My Documents\Camtasia Studio\Total Beginners\output-200711\lesson09\lesson09.swf</FileName>
<FileSize>12553614</FileSize>
<FileType>Video</FileType>
<WhichFilesOfCurType>0</WhichFilesOfCurType>
<TotalFilesOfCurType>1</TotalFilesOfCurType>
</ProducedFile_Object>
<ProducedFile_Object>
<FileName>C:\Documents and Settings\Mark\My Documents\Camtasia Studio\Total Beginners\output-200711\lesson09\lesson09.html</FileName>
<FileSize>2975</FileSize>
<FileType>HTMLFile</FileType>
<WhichFilesOfCurType>0</WhichFilesOfCurType>
<TotalFilesOfCurType>1</TotalFilesOfCurType>
</ProducedFile_Object>
<ProducedFile_Object>
<FileName>C:\Documents and Settings\Mark\My Documents\Camtasia Studio\Total Beginners\output-200711\lesson09\swfobject.js</FileName>
<FileSize>6880</FileSize>
<FileType>EmbededPlayerJS</FileType>
<WhichFilesOfCurType>0</WhichFilesOfCurType>
<TotalFilesOfCurType>1</TotalFilesOfCurType>
</ProducedFile_Object>
<ProducedFile_Object>
<FileName>C:\Documents and Settings\Mark\My Documents\Camtasia Studio\Total Beginners\output-200711\lesson09\ProductionInfo.xml</FileName>
<FileSize>57613</FileSize>
<FileType>ProductionInfoXML</FileType>
<WhichFilesOfCurType>0</WhichFilesOfCurType>
<TotalFilesOfCurType>1</TotalFilesOfCurType>
</ProducedFile_Object>
</ProducedFiles_Array>
<OutputBasePath>C:\Documents and Settings\Mark\My Documents\Camtasia Studio\Total Beginners\output-200711\lesson09\</OutputBasePath>
<ProductionFormat>SWF</ProductionFormat>
<NumVideoSegments>1</NumVideoSegments>
<NumHTMLFiles>1</NumHTMLFiles>
<TotalProductionSize>12621082</TotalProductionSize>
<m_cf_rtRenderRangeStart>-1</m_cf_rtRenderRangeStart>
<m_cf_rtRenderRangeStop>-1</m_cf_rtRenderRangeStop>
<m_cf_strTempDir>C:\DOCUME~1\Mark\LOCALS~1\Temp\</m_cf_strTempDir>
<m_cf_bWritePIPFile>0</m_cf_bWritePIPFile>
<m_cf_bDisablePIPVideo>1</m_cf_bDisablePIPVideo>
<m_cf_bWriteIndex>1</m_cf_bWriteIndex>
<m_cf_bWriteMultipleFiles>0</m_cf_bWriteMultipleFiles>
<m_cf_strHTMLTemplateName>Template.htm</m_cf_strHTMLTemplateName>
<m_cf_HTMLAlignment>1</m_cf_HTMLAlignment>
<m_cf_bSCORMOutput>0</m_cf_bSCORMOutput>
<m_cf_bController>1</m_cf_bController>
<m_cf_bAutoPlay>1</m_cf_bAutoPlay>
<m_cf_bNumberIndexMarkers>0</m_cf_bNumberIndexMarkers>
<m_cf_bShortenIndexNames>1</m_cf_bShortenIndexNames>
<m_cf_nShortenedIndexLength>17</m_cf_nShortenedIndexLength>
<m_cf_bQuizShowFeedback>1</m_cf_bQuizShowFeedback>
<m_cf_bEMailQuizResults>0</m_cf_bEMailQuizResults>
<m_cf_bEMailIncludeScore>0</m_cf_bEMailIncludeScore>
<m_cf_bJavaScriptQuizResults>0</m_cf_bJavaScriptQuizResults>
<m_cf_bHTMLOutput>1</m_cf_bHTMLOutput>
<m_cf_SCORMVersion>0</m_cf_SCORMVersion>
<m_cf_strManifestID>ID-9305653E-3CA3-49D4-8C95-A18B8F0E5D55</m_cf_strManifestID>
<m_cf_strManifestTitle></m_cf_strManifestTitle>
<m_cf_strDuration>0:13:59.01</m_cf_strDuration>
<m_cf_strSubject></m_cf_strSubject>
<m_cf_strManifestDescription></m_cf_strManifestDescription>
<m_cf_strLanguage>en</m_cf_strLanguage>
<m_cf_SCORMPackage>2</m_cf_SCORMPackage>
<m_cf_strSCOTitle></m_cf_strSCOTitle>
<m_cf_ProductionFormat>8</m_cf_ProductionFormat>
<m_cf_strTitle></m_cf_strTitle>
<m_cf_strAuthor>Mark Dexter</m_cf_strAuthor>
<m_cf_strCopyright></m_cf_strCopyright>
<m_cf_strDescription></m_cf_strDescription>
<m_cf_MultiFileOutputStyle>0</m_cf_MultiFileOutputStyle>
<m_cf_strVideoCompressor>Techsmith Screen Capture Codec</m_cf_strVideoCompressor>
<m_cf_bAddCaption>0</m_cf_bAddCaption>
<m_cf_bWriteCCInfo>1</m_cf_bWriteCCInfo>
<m_cf_bOverlayCaption>1</m_cf_bOverlayCaption>
<m_cf_strCaptionFontFamily>Microsoft Sans Serif</m_cf_strCaptionFontFamily>
<m_cf_bAddIPODFileToProduction>0</m_cf_bAddIPODFileToProduction>
<m_cf_bAddMP3FileToProduction>0</m_cf_bAddMP3FileToProduction>
<m_cf_bAddPPTFileToProduction>0</m_cf_bAddPPTFileToProduction>
<m_cf_strPPTFileToAddToProduction></m_cf_strPPTFileToAddToProduction>
<m_cf_bAviEncodeAudio>1</m_cf_bAviEncodeAudio>
<m_cf_AVIFrameRate>10</m_cf_AVIFrameRate>
<m_cf_nKeyFrameRate>30</m_cf_nKeyFrameRate>
<m_cf_PIP_nKeyFrameRate>30</m_cf_PIP_nKeyFrameRate>
<m_cf_PIP_AVIFrameRate>0</m_cf_PIP_AVIFrameRate>
<m_cf_SwfPlaybackControls>0</m_cf_SwfPlaybackControls>
<m_cf_strControllerSkinName>glass</m_cf_strControllerSkinName>
<m_cf_nSwfTargetVersion>7</m_cf_nSwfTargetVersion>
<m_cf_bSwfMatchPreloadMovieSize>0</m_cf_bSwfMatchPreloadMovieSize>
<m_cf_bSwfPauseAtStart>1</m_cf_bSwfPauseAtStart>
<m_cf_bSwfPreloadAdvanced>1</m_cf_bSwfPreloadAdvanced>
<m_cf_bSwfSingleSWF>1</m_cf_bSwfSingleSWF>
<m_cf_nSwfMainMovieLoadPercent>10</m_cf_nSwfMainMovieLoadPercent>
<m_cf_nSwfPreloadMinDisplayTime>3</m_cf_nSwfPreloadMinDisplayTime>
<m_cf_clrSwfControlColor>0x00C0C0C0</m_cf_clrSwfControlColor>
<m_cf_bSwfShowAboutBtn>1</m_cf_bSwfShowAboutBtn>
<m_cf_strSwfAboutBoxTxt>Copyright (c) 2007 Mark Dexter. Licensed under the Educational Community License version 1.0.</m_cf_strSwfAboutBoxTxt>
<m_cf_strSwfAboutBoxInfoTxt></m_cf_strSwfAboutBoxInfoTxt>
<m_cf_strSwfAboutTitle>Total Beginners</m_cf_strSwfAboutTitle>
<m_cf_strSwfStartTxt>Eclipse and Java for Total Beginners</m_cf_strSwfStartTxt>
<m_cf_SwfAboutBoxWidth>336</m_cf_SwfAboutBoxWidth>
<m_cf_SwfAboutBoxHeight>270</m_cf_SwfAboutBoxHeight>
<m_cf_bSwfAboutBoxTabSelected>1</m_cf_bSwfAboutBoxTabSelected>
<m_cf_strSwfTimeDisplayFormat>MM:SS</m_cf_strSwfTimeDisplayFormat>
<m_cf_bSwfCCInitiallyVisible>0</m_cf_bSwfCCInitiallyVisible>
<m_cf_bSwfFullScreen>0</m_cf_bSwfFullScreen>
<m_cf_bSwfAllowResizing>1</m_cf_bSwfAllowResizing>
<m_cf_nSwfVolueme>50</m_cf_nSwfVolueme>
<m_cf_bSwfBrandContextMenu>0</m_cf_bSwfBrandContextMenu>
<m_cf_SwfTOCType>1</m_cf_SwfTOCType>
<m_cf_SwfTOCTitle></m_cf_SwfTOCTitle>
<m_cf_bSwfShowMovieDuration>1</m_cf_bSwfShowMovieDuration>
<m_cf_bSwfShowTimeElapsed>1</m_cf_bSwfShowTimeElapsed>
<m_cf_strSwfTimeFont>Arial</m_cf_strSwfTimeFont>
<m_cf_clrSwfTimeFontColor>0x00000000</m_cf_clrSwfTimeFontColor>
<m_cf_SwfEndAction>0</m_cf_SwfEndAction>
<m_cf_strSwfEndActionUrl>http://</m_cf_strSwfEndActionUrl>
<m_cf_nSwfEndActionTarget>0</m_cf_nSwfEndActionTarget>
<m_cf_bPauseAfterJump>1</m_cf_bPauseAfterJump>
<m_cf_rtJumpPoint>0</m_cf_rtJumpPoint>
<m_cf_strSwfStartLogo></m_cf_strSwfStartLogo>
<m_cf_strSwfEndLogo>EndLogo</m_cf_strSwfEndLogo>
<m_cf_strSwfAboutLogo></m_cf_strSwfAboutLogo>
<m_cf_strSwfAboutTitleLogo></m_cf_strSwfAboutTitleLogo>
<m_cf_strSwfTocLogo></m_cf_strSwfTocLogo>
</Production_Data>
