﻿<?xml version="1.0" encoding="UTF-8" ?><Production_Data Version="5.00"><HTMLTemplateFile>Template.htm</HTMLTemplateFile>
<HTMLTemplateBodyFile>expressShow\SSWFTemplate-body.htm</HTMLTemplateBodyFile>
<HTMLTemplateHeaderFile>expressShow\SSWFTemplate-header.htm</HTMLTemplateHeaderFile>
<VideoFilenameWithPath>C:\Documents and Settings\Mark\My Documents\Camtasia Studio\Total Beginners\output-200711\lesson13\lesson13.swf</VideoFilenameWithPath>
<AddIPodFileSize>0 bytes</AddIPodFileSize>
<AddMP3FileSize>0 bytes</AddMP3FileSize>
<AddPPTFileSize>0 bytes</AddPPTFileSize>
<ProjectName>lesson13</ProjectName>
<MediaDir></MediaDir>
<ShouldCreateMediaDir>0</ShouldCreateMediaDir>
<MaxTimelineWidth>800</MaxTimelineWidth>
<MaxTimelineHeight>600</MaxTimelineHeight>
<MaxTimelineFPS>15.00</MaxTimelineFPS>
<MaxVideoWidth>800</MaxVideoWidth>
<MaxVideoHeight>600</MaxVideoHeight>
<MaxVideoFPS>15.00</MaxVideoFPS>
<MaxPIPWidth>0</MaxPIPWidth>
<MaxPIPHeight>0</MaxPIPHeight>
<MaxPIPFPS>0.00</MaxPIPFPS>
<VideoDuration>685.70</VideoDuration>
<PIPVideoDuration>685.40</PIPVideoDuration>
<VideoFPS>30.00</VideoFPS>
<PIPVideoFPS>30.00</PIPVideoFPS>
<VideoWidth>800</VideoWidth>
<VideoHeight>618</VideoHeight>
<ActualVideoWidth>800</ActualVideoWidth>
<ActualVideoHeight>600</ActualVideoHeight>
<PIPVideoWidth>160</PIPVideoWidth>
<PIPVideoHeight>120</PIPVideoHeight>
<TOCWidth>-1</TOCWidth>
<MinTOCWidth>160</MinTOCWidth>
<TOCDividerHeight>18</TOCDividerHeight>
<TimelineHasAudio>1</TimelineHasAudio>
<TimelineDuration>6857000000</TimelineDuration>
<SWFControllerTotalHeight>18</SWFControllerTotalHeight>
<SWFMinWidth>320</SWFMinWidth>
<SWFTOCXPos>0</SWFTOCXPos>
<SWFTOCYPos>0</SWFTOCYPos>
<SWFTOCWidth>160</SWFTOCWidth>
<SWFTOCHeight>600</SWFTOCHeight>
<SWFHasPIPOverlay>0</SWFHasPIPOverlay>
<SWFControllerColor></SWFControllerColor>
<SWFTimeDispFontColor>0x000000</SWFTimeDispFontColor>
<SWFPlaybackConfigFileName>lesson13_config.xml</SWFPlaybackConfigFileName>
<SWFPlaybackControllerFileName>lesson13_controller.swf</SWFPlaybackControllerFileName>
<SWFPreloaderFileName></SWFPreloaderFileName>
<StripWhitespace>0</StripWhitespace>
<WritingImages>0</WritingImages>
<WritePreviewXML>0</WritePreviewXML>
<DisableTOC>0</DisableTOC>
<AutoPlay>0</AutoPlay>
<CancelledProduction>0</CancelledProduction>
<CancelledProdLength>6855666667</CancelledProdLength>
<Hotspot_Array>
<Hotspot_Array_Object>
               <array>
               <hotspot>
               </hotspot>
               <hotspot>
               </hotspot>
               <hotspot>
               </hotspot>
               <hotspot>
               </hotspot>
               <hotspot>
               </hotspot>
               <hotspot>
               </hotspot>
               <hotspot>
               </hotspot>
               <hotspot>
               </hotspot>
               <hotspot>
               </hotspot>
               <hotspot>
               </hotspot>
               <hotspot>
               </hotspot>
               <hotspot>
               </hotspot>
               <hotspot>
               </hotspot>
               <hotspot>
               </hotspot>
               <hotspot>
               </hotspot>
               <hotspot>
               </hotspot>
               </array>
</Hotspot_Array_Object>
</Hotspot_Array>
<AdjGlobalRenderRangeStart>-1</AdjGlobalRenderRangeStart>
<AdjGlobalRenderRangeStop>-1</AdjGlobalRenderRangeStop>
<AdjRenderRange_Array>
<AdjRenderRange_Obj>
<AdjRenderRangeStart>0</AdjRenderRangeStart>
<AdjRenderRangeStop>331666667</AdjRenderRangeStop>
</AdjRenderRange_Obj>
<AdjRenderRange_Obj>
<AdjRenderRangeStart>331666667</AdjRenderRangeStart>
<AdjRenderRangeStop>853333333</AdjRenderRangeStop>
</AdjRenderRange_Obj>
<AdjRenderRange_Obj>
<AdjRenderRangeStart>853333333</AdjRenderRangeStart>
<AdjRenderRangeStop>1907000000</AdjRenderRangeStop>
</AdjRenderRange_Obj>
<AdjRenderRange_Obj>
<AdjRenderRangeStart>1907000000</AdjRenderRangeStart>
<AdjRenderRangeStop>3410000000</AdjRenderRangeStop>
</AdjRenderRange_Obj>
<AdjRenderRange_Obj>
<AdjRenderRangeStart>3410000000</AdjRenderRangeStart>
<AdjRenderRangeStop>3754000000</AdjRenderRangeStop>
</AdjRenderRange_Obj>
<AdjRenderRange_Obj>
<AdjRenderRangeStart>3754000000</AdjRenderRangeStart>
<AdjRenderRangeStop>4141666667</AdjRenderRangeStop>
</AdjRenderRange_Obj>
<AdjRenderRange_Obj>
<AdjRenderRangeStart>4141666667</AdjRenderRangeStart>
<AdjRenderRangeStop>4373333333</AdjRenderRangeStop>
</AdjRenderRange_Obj>
<AdjRenderRange_Obj>
<AdjRenderRangeStart>4373333333</AdjRenderRangeStart>
<AdjRenderRangeStop>5077666667</AdjRenderRangeStop>
</AdjRenderRange_Obj>
<AdjRenderRange_Obj>
<AdjRenderRangeStart>5077666667</AdjRenderRangeStart>
<AdjRenderRangeStop>6857000000</AdjRenderRangeStop>
</AdjRenderRange_Obj>
</AdjRenderRange_Array>
<AdjMarkerDuration_Array>
<AdjMarkerDuration_Obj>
<AdjMarkerDuration>331666667</AdjMarkerDuration>
</AdjMarkerDuration_Obj>
<AdjMarkerDuration_Obj>
<AdjMarkerDuration>521666667</AdjMarkerDuration>
</AdjMarkerDuration_Obj>
<AdjMarkerDuration_Obj>
<AdjMarkerDuration>1053666667</AdjMarkerDuration>
</AdjMarkerDuration_Obj>
<AdjMarkerDuration_Obj>
<AdjMarkerDuration>1503000000</AdjMarkerDuration>
</AdjMarkerDuration_Obj>
<AdjMarkerDuration_Obj>
<AdjMarkerDuration>344000000</AdjMarkerDuration>
</AdjMarkerDuration_Obj>
<AdjMarkerDuration_Obj>
<AdjMarkerDuration>387666667</AdjMarkerDuration>
</AdjMarkerDuration_Obj>
<AdjMarkerDuration_Obj>
<AdjMarkerDuration>231666667</AdjMarkerDuration>
</AdjMarkerDuration_Obj>
<AdjMarkerDuration_Obj>
<AdjMarkerDuration>704333333</AdjMarkerDuration>
</AdjMarkerDuration_Obj>
<AdjMarkerDuration_Obj>
<AdjMarkerDuration>1779333333</AdjMarkerDuration>
</AdjMarkerDuration_Obj>
</AdjMarkerDuration_Array>
<AdjMarkerTimes_Array>
<AdjMarkerTime_Obj>
<AdjMarkerTime>0</AdjMarkerTime>
</AdjMarkerTime_Obj>
<AdjMarkerTime_Obj>
<AdjMarkerTime>331666667</AdjMarkerTime>
</AdjMarkerTime_Obj>
<AdjMarkerTime_Obj>
<AdjMarkerTime>853333333</AdjMarkerTime>
</AdjMarkerTime_Obj>
<AdjMarkerTime_Obj>
<AdjMarkerTime>1907000000</AdjMarkerTime>
</AdjMarkerTime_Obj>
<AdjMarkerTime_Obj>
<AdjMarkerTime>3410000000</AdjMarkerTime>
</AdjMarkerTime_Obj>
<AdjMarkerTime_Obj>
<AdjMarkerTime>3754000000</AdjMarkerTime>
</AdjMarkerTime_Obj>
<AdjMarkerTime_Obj>
<AdjMarkerTime>4141666667</AdjMarkerTime>
</AdjMarkerTime_Obj>
<AdjMarkerTime_Obj>
<AdjMarkerTime>4373333333</AdjMarkerTime>
</AdjMarkerTime_Obj>
<AdjMarkerTime_Obj>
<AdjMarkerTime>5077666667</AdjMarkerTime>
</AdjMarkerTime_Obj>
</AdjMarkerTimes_Array>
<HasQuizQuestions>0</HasQuizQuestions>
<m_strQuizQuestionOfString>Question @ of @</m_strQuizQuestionOfString>
<m_strQuizPrevString>Prev</m_strQuizPrevString>
<m_strQuizSubmitString>Submit</m_strQuizSubmitString>
<m_strQuizNextString>Next</m_strQuizNextString>
<m_strQuizDoneString>Done</m_strQuizDoneString>
<m_strQuizPreviewString>Preview</m_strQuizPreviewString>
<m_strQuizSendString>Send</m_strQuizSendString>
<m_strQuizMainMessageString>You have reached the end of the questions and this video. Your answers are ready to be sent.</m_strQuizMainMessageString>
<m_strQuizEmailContentsString>E-mail Contents</m_strQuizEmailContentsString>
<m_strQuizEmailToString>E-mail to </m_strQuizEmailToString>
<m_strQuizAnswersSentString>Your answers have been sent.</m_strQuizAnswersSentString>
<m_strQuizSummaryString>You have completed @ of @ questions.</m_strQuizSummaryString>
<m_strQuizScoreString>Score = @/@</m_strQuizScoreString>
<m_strQuizSummaryTitleString>Answers Summary</m_strQuizSummaryTitleString>
<Quiz_Array>
</Quiz_Array>
<Markers_Array>
<Marker_Object>
<MarkerName>Introduction</MarkerName>
<MarkerImage></MarkerImage>
<MarkerTime>0</MarkerTime>
<IndentLevel>0</IndentLevel>
<ShouldIgnore>0</ShouldIgnore>
</Marker_Object>
<Marker_Object>
<MarkerName>Run testCheckOut() Test</MarkerName>
<MarkerImage></MarkerImage>
<MarkerTime>331666667</MarkerTime>
<IndentLevel>0</IndentLevel>
<ShouldIgnore>0</ShouldIgnore>
</Marker_Object>
<Marker_Object>
<MarkerName>Misplaced Curly Brace</MarkerName>
<MarkerImage></MarkerImage>
<MarkerTime>853333333</MarkerTime>
<IndentLevel>0</IndentLevel>
<ShouldIgnore>0</ShouldIgnore>
</Marker_Object>
<Marker_Object>
<MarkerName>Fix testCheckOut() Method</MarkerName>
<MarkerImage></MarkerImage>
<MarkerTime>1907000000</MarkerTime>
<IndentLevel>0</IndentLevel>
<ShouldIgnore>0</ShouldIgnore>
</Marker_Object>
<Marker_Object>
<MarkerName>Re-Run testCheckOut() Test</MarkerName>
<MarkerImage></MarkerImage>
<MarkerTime>3410000000</MarkerTime>
<IndentLevel>0</IndentLevel>
<ShouldIgnore>0</ShouldIgnore>
</Marker_Object>
<Marker_Object>
<MarkerName>getBooksForPerson() Method</MarkerName>
<MarkerImage></MarkerImage>
<MarkerTime>3754000000</MarkerTime>
<IndentLevel>0</IndentLevel>
<ShouldIgnore>0</ShouldIgnore>
</Marker_Object>
<Marker_Object>
<MarkerName>testGetBooksForPerson() Method</MarkerName>
<MarkerImage></MarkerImage>
<MarkerTime>4141666667</MarkerTime>
<IndentLevel>0</IndentLevel>
<ShouldIgnore>0</ShouldIgnore>
</Marker_Object>
<Marker_Object>
<MarkerName>Refactor Duplicate Code</MarkerName>
<MarkerImage></MarkerImage>
<MarkerTime>4373333333</MarkerTime>
<IndentLevel>0</IndentLevel>
<ShouldIgnore>0</ShouldIgnore>
</Marker_Object>
<Marker_Object>
<MarkerName>Finish testGetBooksForPerson()</MarkerName>
<MarkerImage></MarkerImage>
<MarkerTime>5077666667</MarkerTime>
<IndentLevel>0</IndentLevel>
<ShouldIgnore>0</ShouldIgnore>
</Marker_Object>
</Markers_Array>
<CaptionPlayerXML_Array>
<Caption_Array_Object>
<CaptionXML>   <array>
      <captionObject>
         <Time>0.000000</Time>
         <Caption><![CDATA[(Opening music ...)<BR><BR>]]></Caption>
      </captionObject>
      <captionObject>
         <Time>10.200000</Time>
         <Caption><![CDATA[Hello again. Welcome back to Eclipse and Java for <BR>Total Beginners. <BR>]]></Caption>
      </captionObject>
      <captionObject>
         <Time>14.900000</Time>
         <Caption><![CDATA[In this lesson we&apos;re going to test the checkOut() <BR>and checkIn() methods for the MyLibrary class and <BR>get started on the other methods.]]></Caption>
      </captionObject>
      <captionObject>
         <Time>22.700000</Time>
         <Caption><![CDATA[In the previous lesson, we wrote testCheckOut(), <BR>checkOut(), and checkIn() methods and we are now <BR>ready to run our tests.]]></Caption>
      </captionObject>
      <captionObject>
         <Time>34.000000</Time>
         <Caption><![CDATA[First, we&apos;ll open up the MyLibraryTest class and <BR>run the test. So we&apos;ll go Run / Run As / JUnit <BR>Test.  ]]></Caption>
      </captionObject>
      <captionObject>
         <Time>47.200000</Time>
         <Caption><![CDATA[<BR>Whoa!. “Errors exist in required project(s)”. We <BR>don&apos;t want to launch if we&apos;ve got compile errors. ]]></Caption>
      </captionObject>
      <captionObject>
         <Time>55.400000</Time>
         <Caption><![CDATA[If we look here and here, we see that do have <BR>compile errors. So what happened?<BR>]]></Caption>
      </captionObject>
      <captionObject>
         <Time>63.100000</Time>
         <Caption><![CDATA[If we look at the code, we see there is a compiler <BR>error on the declaration of the testCheckOut() <BR>method. ]]></Caption>
      </captionObject>
      <captionObject>
         <Time>72.900000</Time>
         <Caption><![CDATA[It says “Syntax error on token(s), misplaced <BR>construct(s)”. <BR>]]></Caption>
      </captionObject>
      <captionObject>
         <Time>78.900000</Time>
         <Caption><![CDATA[We can try quick fix, but in this case it doesn&apos;t <BR>help us. :(  <BR>]]></Caption>
      </captionObject>
      <captionObject>
         <Time>85.300000</Time>
         <Caption><![CDATA[If we look at the previous method, we can see the <BR>problem. <BR>]]></Caption>
      </captionObject>
      <captionObject>
         <Time>91.700000</Time>
         <Caption><![CDATA[There is no closing curly brace for the method up <BR>here, which is the testAddBook() method. <BR>]]></Caption>
      </captionObject>
      <captionObject>
         <Time>99.000000</Time>
         <Caption><![CDATA[We can confirm this by using a couple of tricks in <BR>Eclipse that help us with curly braces. <BR>]]></Caption>
      </captionObject>
      <captionObject>
         <Time>104.600000</Time>
         <Caption><![CDATA[First, notice that I&apos;m clicked next the this curly <BR>brace. <BR>]]></Caption>
      </captionObject>
      <captionObject>
         <Time>110.900000</Time>
         <Caption><![CDATA[And the matching curly brace is highlighted with a <BR>faint rectangle. <BR>]]></Caption>
      </captionObject>
      <captionObject>
         <Time>118.400000</Time>
         <Caption><![CDATA[So that&apos;s one way of seeing the matching curly <BR>brace. <BR>]]></Caption>
      </captionObject>
      <captionObject>
         <Time>122.000000</Time>
         <Caption><![CDATA[Another way to do it is to click next to one curly <BR>brace and press Ctrl+Shift+P, and it moves you <BR>between the matching curly braces. ]]></Caption>
      </captionObject>
      <captionObject>
         <Time>134.900000</Time>
         <Caption><![CDATA[Now, this curly brace down here looks out of <BR>place. <BR>]]></Caption>
      </captionObject>
      <captionObject>
         <Time>141.000000</Time>
         <Caption><![CDATA[If we go there and do Ctrl+Shift+P, we see as we <BR>suspected that it&apos;s matching curly brace is for <BR>the testAddBook() method, the method above. ]]></Caption>
      </captionObject>
      <captionObject>
         <Time>151.300000</Time>
         <Caption><![CDATA[So we accidentally put our testCheckOut() method <BR>inside the testAddBook(), and that&apos;s what is <BR>causing the problem.  ]]></Caption>
      </captionObject>
      <captionObject>
         <Time>161.300000</Time>
         <Caption><![CDATA[Now this problem is very easy to fix (once we know <BR>what it is!). We just delete this curly brace <BR>below and then add one up there. ]]></Caption>
      </captionObject>
      <captionObject>
         <Time>178.400000</Time>
         <Caption><![CDATA[Now, if we save, it compiles. So let&apos;s try running <BR>it again – Run / Run As / JUnit Test. <BR>]]></Caption>
      </captionObject>
      <captionObject>
         <Time>188.600000</Time>
         <Caption><![CDATA[And this time it succeeds. <BR><BR>]]></Caption>
      </captionObject>
      <captionObject>
         <Time>191.900000</Time>
         <Caption><![CDATA[So now we&apos;re done with the checkOut() method. Or <BR>are we?? <BR>]]></Caption>
      </captionObject>
      <captionObject>
         <Time>196.700000</Time>
         <Caption><![CDATA[Wait a second! We forgot something. <BR><BR>]]></Caption>
      </captionObject>
      <captionObject>
         <Time>200.700000</Time>
         <Caption><![CDATA[In the Person class, we have a field called <BR>maximumBooks. <BR>]]></Caption>
      </captionObject>
      <captionObject>
         <Time>210.100000</Time>
         <Caption><![CDATA[If we recall, this field is supposed to limit how <BR>many books a Person can check out at one time. <BR>]]></Caption>
      </captionObject>
      <captionObject>
         <Time>218.000000</Time>
         <Caption><![CDATA[But we didn&apos;t include this in our test or in our <BR>checkOut() method. So we&apos;ve got a little more work <BR>to do. ]]></Caption>
      </captionObject>
      <captionObject>
         <Time>228.500000</Time>
         <Caption><![CDATA[So, we&apos;ll open up MyLibraryTest. We&apos;ll add some <BR>more code to the testCheckOut() method.  <BR>]]></Caption>
      </captionObject>
      <captionObject>
         <Time>235.300000</Time>
         <Caption><![CDATA[We&apos;ll put in a comment “additional test for <BR>maximumBooks”. <BR>]]></Caption>
      </captionObject>
      <captionObject>
         <Time>239.700000</Time>
         <Caption><![CDATA[<BR>Then we&apos;ll re-run the setup(). <BR>]]></Caption>
      </captionObject>
      <captionObject>
         <Time>243.866667</Time>
         <Caption><![CDATA[<BR>And then we&apos;ll set maximumBooks to 1 for Person p1 <BR>(to make it easier to test). ]]></Caption>
      </captionObject>
      <captionObject>
         <Time>251.000000</Time>
         <Caption><![CDATA[<BR>Now, we&apos;ll copy these lines to set up our lists.<BR>Then we&apos;ll do our asserts. ]]></Caption>
      </captionObject>
      <captionObject>
         <Time>260.500000</Time>
         <Caption><![CDATA[The first assert is “assertTrue”, put in a message <BR>“First book did not check out”. So that&apos;s the<BR>error message if this fails. ]]></Caption>
      </captionObject>
      <captionObject>
         <Time>271.600000</Time>
         <Caption><![CDATA[And then we&apos;ll check out Book b2 to Person p1.<BR>We&apos;ll press Enter so we can see it more easily.<BR>]]></Caption>
      </captionObject>
      <captionObject>
         <Time>285.500000</Time>
         <Caption><![CDATA[So now we&apos;ll add the second assert. This time it&apos;s <BR>“assertFalse”. And we&apos;ll say “Second book should<BR>not have checked out”. ]]></Caption>
      </captionObject>
      <captionObject>
         <Time>300.500000</Time>
         <Caption><![CDATA[And then we&apos;ll try to check out Book b1 to Person<BR>p1. <BR>]]></Caption>
      </captionObject>
      <captionObject>
         <Time>309.200000</Time>
         <Caption><![CDATA[To be safe, we&apos;re re-running the setup() method <BR>again so we aren&apos;t dependent on what might have<BR>happened up above. ]]></Caption>
      </captionObject>
      <captionObject>
         <Time>316.300000</Time>
         <Caption><![CDATA[Then to make this a little easier, we set the <BR>maximumBooks to 1, so we only have to check out 2<BR>books to do the test. ]]></Caption>
      </captionObject>
      <captionObject>
         <Time>323.900000</Time>
         <Caption><![CDATA[And then we copied these lines to re-do the lists.<BR> <BR>]]></Caption>
      </captionObject>
      <captionObject>
         <Time>329.000000</Time>
         <Caption><![CDATA[Then, in the first statement, we&apos;re checking out a<BR>Book and making sure it works. <BR>]]></Caption>
      </captionObject>
      <captionObject>
         <Time>333.700000</Time>
         <Caption><![CDATA[The second statement is checking out a second Book<BR>to Person p1 and making sure it doesn&apos;t work.<BR>]]></Caption>
      </captionObject>
      <captionObject>
         <Time>341.000000</Time>
         <Caption><![CDATA[Let&apos;s try running the test. Now we expect that it<BR>won&apos;t work, because we haven&apos;t made the change.<BR>]]></Caption>
      </captionObject>
      <captionObject>
         <Time>349.800000</Time>
         <Caption><![CDATA[And it doesn&apos;t work. On the fail, we see that we <BR>get our message here: “Second book should not have<BR>checked out”.]]></Caption>
      </captionObject>
      <captionObject>
         <Time>358.600000</Time>
         <Caption><![CDATA[So that&apos;s the purpose of the message in the<BR>assertTrue() or assertFalse() method. <BR>]]></Caption>
      </captionObject>
      <captionObject>
         <Time>364.400000</Time>
         <Caption><![CDATA[So now we need to change the checkOut() method to<BR>compare the maximumBooks field for the Person <BR>]]></Caption>
      </captionObject>
      <captionObject>
         <Time>370.500000</Time>
         <Caption><![CDATA[to the total number of books the Person already<BR>has checked out. <BR>]]></Caption>
      </captionObject>
      <captionObject>
         <Time>376.000000</Time>
         <Caption><![CDATA[In order to do this, we&apos;re going to need to get a <BR>count of how many books are checked out to a given<BR>Person.]]></Caption>
      </captionObject>
      <captionObject>
         <Time>383.200000</Time>
         <Caption><![CDATA[If you recall, one of the methods we are planning<BR>to write is the getBooksForPerson() method. <BR>]]></Caption>
      </captionObject>
      <captionObject>
         <Time>389.400000</Time>
         <Caption><![CDATA[This method will return the list of books checked<BR>out by a particular Person. <BR>]]></Caption>
      </captionObject>
      <captionObject>
         <Time>394.000000</Time>
         <Caption><![CDATA[Now, if we had that method done, we could easily <BR>get a count of books checked out to a Person. <BR>]]></Caption>
      </captionObject>
      <captionObject>
         <Time>400.200000</Time>
         <Caption><![CDATA[We would just run the getBooksForPerson() method<BR>and that would give us a list of all the books.<BR>]]></Caption>
      </captionObject>
      <captionObject>
         <Time>406.400000</Time>
         <Caption><![CDATA[Then we could just get a count of the books on the<BR>list.<BR>]]></Caption>
      </captionObject>
      <captionObject>
         <Time>410.100000</Time>
         <Caption><![CDATA[So it makes sense to first do the <BR>getBooksForPerson() method. <BR>]]></Caption>
      </captionObject>
      <captionObject>
         <Time>414.100000</Time>
         <Caption><![CDATA[As always, we&apos;ll start with the test method. So<BR>we&apos;ll minimize this. <BR>]]></Caption>
      </captionObject>
      <captionObject>
         <Time>420.100000</Time>
         <Caption><![CDATA[We&apos;re going to make sure we&apos;re in the right place,<BR>below the curly brace.<BR>]]></Caption>
      </captionObject>
      <captionObject>
         <Time>427.000000</Time>
         <Caption><![CDATA[We&apos;ll type “public void testGetBooksForPerson()<BR>{“. We&apos;ll run the setup(). <BR>]]></Caption>
      </captionObject>
      <captionObject>
         <Time>437.300000</Time>
         <Caption><![CDATA[Now we need to add our 2 books and 2 people to the<BR>lists again. <BR>]]></Caption>
      </captionObject>
      <captionObject>
         <Time>443.500000</Time>
         <Caption><![CDATA[We could just copy and paste these 4 lines of<BR>code, but we already have these in 2 different <BR>places. ]]></Caption>
      </captionObject>
      <captionObject>
         <Time>451.600000</Time>
         <Caption><![CDATA[It would be better to pull these out and create a<BR>little method to add the 2 books and 2 people to <BR>the lists.]]></Caption>
      </captionObject>
      <captionObject>
         <Time>458.800000</Time>
         <Caption><![CDATA[And that way we can just call the method when we <BR>need to. <BR>]]></Caption>
      </captionObject>
      <captionObject>
         <Time>462.600000</Time>
         <Caption><![CDATA[We can use Eclipse to help us. We&apos;ll highlight <BR>these lines, select Refactor / Extract Method.<BR>]]></Caption>
      </captionObject>
      <captionObject>
         <Time>474.800000</Time>
         <Caption><![CDATA[We&apos;ll call the method “addItems”, hit OK, and what<BR>Eclipse has done is to put addItems() in where we <BR>had highlighted it. ]]></Caption>
      </captionObject>
      <captionObject>
         <Time>489.900000</Time>
         <Caption><![CDATA[It&apos;s also put in the addItems() method up here, <BR>instead of the 4 lines.<BR>]]></Caption>
      </captionObject>
      <captionObject>
         <Time>496.600000</Time>
         <Caption><![CDATA[So it took the 4 lines out there, and it took the <BR>4 lines out here. <BR>]]></Caption>
      </captionObject>
      <captionObject>
         <Time>502.000000</Time>
         <Caption><![CDATA[And then it just created the method down here. So <BR>that was pretty easy. <BR>]]></Caption>
      </captionObject>
      <captionObject>
         <Time>507.700000</Time>
         <Caption><![CDATA[Now, let&apos;s write the rest of our method. First,<BR>we&apos;ll use out new method, addItems(), to set up <BR>our lists. ]]></Caption>
      </captionObject>
      <captionObject>
         <Time>516.700000</Time>
         <Caption><![CDATA[Then we&apos;ll do our first assert statement:<BR>“assertEquals(“, expected 0, actual <BR>“ml.getBooksForPerson(p1).size()”. ]]></Caption>
      </captionObject>
      <captionObject>
         <Time>534.300000</Time>
         <Caption><![CDATA[So we&apos;re saying the size should be 0. There<BR>shouldn&apos;t be anything in the <BR>getBooksForPerson(p1).]]></Caption>
      </captionObject>
      <captionObject>
         <Time>542.000000</Time>
         <Caption><![CDATA[Now we&apos;re going to check out Book b1 to Person p1.<BR> <BR>]]></Caption>
      </captionObject>
      <captionObject>
         <Time>545.300000</Time>
         <Caption><![CDATA[Then we&apos;ll re-do the assertion, but we&apos;re going to<BR>save it in an ArrayList. We&apos;ll go “ArrayList&lt;Book&gt; <BR>testBooks = ml.getBooksForPerson(p1)”. ]]></Caption>
      </captionObject>
      <captionObject>
         <Time>565.300000</Time>
         <Caption><![CDATA[This is so we don&apos;t have to do the <BR>“ml.getBooksForPerson(p1)” each time. <BR>]]></Caption>
      </captionObject>
      <captionObject>
         <Time>569.300000</Time>
         <Caption><![CDATA[So now that&apos;s stored in testBooks. <BR><BR>]]></Caption>
      </captionObject>
      <captionObject>
         <Time>573.800000</Time>
         <Caption><![CDATA[Now we&apos;ll do “assertEquals”, this time 1, and this <BR>time we&apos;ll just use “testBooks.size()”.<BR>]]></Caption>
      </captionObject>
      <captionObject>
         <Time>581.400000</Time>
         <Caption><![CDATA[So, again, we&apos;re just saying 1 Book in that list. <BR><BR>]]></Caption>
      </captionObject>
      <captionObject>
         <Time>587.100000</Time>
         <Caption><![CDATA[And then we&apos;ll also say “assertEquals(0, <BR>testBooks.indexOf(b1));”. <BR>]]></Caption>
      </captionObject>
      <captionObject>
         <Time>601.300000</Time>
         <Caption><![CDATA[Then we&apos;re going to check out a second Book to p1.<BR> <BR>]]></Caption>
      </captionObject>
      <captionObject>
         <Time>607.700000</Time>
         <Caption><![CDATA[Then we&apos;ll copy this code to get the list again. <BR>Now testBooks is updated. <BR>]]></Caption>
      </captionObject>
      <captionObject>
         <Time>620.600000</Time>
         <Caption><![CDATA[Then we&apos;ll copy these last 2 lines. This time <BR>we&apos;ll assert that the list should have 2 items in <BR>it. ]]></Caption>
      </captionObject>
      <captionObject>
         <Time>629.900000</Time>
         <Caption><![CDATA[And that the index of Book b2 should be 1. <BR><BR>]]></Caption>
      </captionObject>
      <captionObject>
         <Time>640.200000</Time>
         <Caption><![CDATA[So this code is very straightforward. One thing to <BR>be aware of is that we always start at 0. <BR>]]></Caption>
      </captionObject>
      <captionObject>
         <Time>646.700000</Time>
         <Caption><![CDATA[We&apos;re saying that we&apos;re saying that Book b1 is <BR>going to be in position 0 of the list. <BR>]]></Caption>
      </captionObject>
      <captionObject>
         <Time>652.500000</Time>
         <Caption><![CDATA[And here we&apos;re saying that Book b2 -- the second <BR>item in the list –- is at index 1 (because we <BR>start counting at 0). ]]></Caption>
      </captionObject>
      <captionObject>
         <Time>660.900000</Time>
         <Caption><![CDATA[So now we&apos;ll use Quick Fix to create the empty <BR>method. Ctrl+1, “Create method”. <BR>]]></Caption>
      </captionObject>
      <captionObject>
         <Time>667.800000</Time>
         <Caption><![CDATA[And now we&apos;re ready to write the body of the <BR>method, which we&apos;ll do in the next lesson. <BR>]]></Caption>
      </captionObject>
      <captionObject>
         <Time>672.200000</Time>
         <Caption><![CDATA[This is the end of Lesson 13. I&apos;m Mark Dexter <BR>saying so long for now. <BR>]]></Caption>
      </captionObject>
      <captionObject>
         <Time>677.600000</Time>
         <Caption><![CDATA[(Closing music ...)<BR><BR>]]></Caption>
      </captionObject>
   </array>
</CaptionXML>
</Caption_Array_Object>
</CaptionPlayerXML_Array>
<CaptionFontHeight>23</CaptionFontHeight>
<MaxCaptionsCharsPerLine>50</MaxCaptionsCharsPerLine>
<TimelineCaptionCount>87</TimelineCaptionCount>
<CaptionHeight>0</CaptionHeight>
<CloseCaptions_Array>
<captionObject>
<Time>0.000000</Time>
<Caption><![CDATA[(Opening music ...)<BR><BR>]]></Caption>
</captionObject>
<captionObject>
<Time>10.200000</Time>
<Caption><![CDATA[Hello again. Welcome back to Eclipse and Java for <BR>Total Beginners. <BR>]]></Caption>
</captionObject>
<captionObject>
<Time>14.900000</Time>
<Caption><![CDATA[In this lesson we&apos;re going to test the checkOut() <BR>and checkIn() methods for the MyLibrary class and <BR>get started on the other methods.]]></Caption>
</captionObject>
<captionObject>
<Time>22.700000</Time>
<Caption><![CDATA[In the previous lesson, we wrote testCheckOut(), <BR>checkOut(), and checkIn() methods and we are now <BR>ready to run our tests.]]></Caption>
</captionObject>
<captionObject>
<Time>34.000000</Time>
<Caption><![CDATA[First, we&apos;ll open up the MyLibraryTest class and <BR>run the test. So we&apos;ll go Run / Run As / JUnit <BR>Test.  ]]></Caption>
</captionObject>
<captionObject>
<Time>47.200000</Time>
<Caption><![CDATA[<BR>Whoa!. “Errors exist in required project(s)”. We <BR>don&apos;t want to launch if we&apos;ve got compile errors. ]]></Caption>
</captionObject>
<captionObject>
<Time>55.400000</Time>
<Caption><![CDATA[If we look here and here, we see that do have <BR>compile errors. So what happened?<BR>]]></Caption>
</captionObject>
<captionObject>
<Time>63.100000</Time>
<Caption><![CDATA[If we look at the code, we see there is a compiler <BR>error on the declaration of the testCheckOut() <BR>method. ]]></Caption>
</captionObject>
<captionObject>
<Time>72.900000</Time>
<Caption><![CDATA[It says “Syntax error on token(s), misplaced <BR>construct(s)”. <BR>]]></Caption>
</captionObject>
<captionObject>
<Time>78.900000</Time>
<Caption><![CDATA[We can try quick fix, but in this case it doesn&apos;t <BR>help us. :(  <BR>]]></Caption>
</captionObject>
<captionObject>
<Time>85.300000</Time>
<Caption><![CDATA[If we look at the previous method, we can see the <BR>problem. <BR>]]></Caption>
</captionObject>
<captionObject>
<Time>91.700000</Time>
<Caption><![CDATA[There is no closing curly brace for the method up <BR>here, which is the testAddBook() method. <BR>]]></Caption>
</captionObject>
<captionObject>
<Time>99.000000</Time>
<Caption><![CDATA[We can confirm this by using a couple of tricks in <BR>Eclipse that help us with curly braces. <BR>]]></Caption>
</captionObject>
<captionObject>
<Time>104.600000</Time>
<Caption><![CDATA[First, notice that I&apos;m clicked next the this curly <BR>brace. <BR>]]></Caption>
</captionObject>
<captionObject>
<Time>110.900000</Time>
<Caption><![CDATA[And the matching curly brace is highlighted with a <BR>faint rectangle. <BR>]]></Caption>
</captionObject>
<captionObject>
<Time>118.400000</Time>
<Caption><![CDATA[So that&apos;s one way of seeing the matching curly <BR>brace. <BR>]]></Caption>
</captionObject>
<captionObject>
<Time>122.000000</Time>
<Caption><![CDATA[Another way to do it is to click next to one curly <BR>brace and press Ctrl+Shift+P, and it moves you <BR>between the matching curly braces. ]]></Caption>
</captionObject>
<captionObject>
<Time>134.900000</Time>
<Caption><![CDATA[Now, this curly brace down here looks out of <BR>place. <BR>]]></Caption>
</captionObject>
<captionObject>
<Time>141.000000</Time>
<Caption><![CDATA[If we go there and do Ctrl+Shift+P, we see as we <BR>suspected that it&apos;s matching curly brace is for <BR>the testAddBook() method, the method above. ]]></Caption>
</captionObject>
<captionObject>
<Time>151.300000</Time>
<Caption><![CDATA[So we accidentally put our testCheckOut() method <BR>inside the testAddBook(), and that&apos;s what is <BR>causing the problem.  ]]></Caption>
</captionObject>
<captionObject>
<Time>161.300000</Time>
<Caption><![CDATA[Now this problem is very easy to fix (once we know <BR>what it is!). We just delete this curly brace <BR>below and then add one up there. ]]></Caption>
</captionObject>
<captionObject>
<Time>178.400000</Time>
<Caption><![CDATA[Now, if we save, it compiles. So let&apos;s try running <BR>it again – Run / Run As / JUnit Test. <BR>]]></Caption>
</captionObject>
<captionObject>
<Time>188.600000</Time>
<Caption><![CDATA[And this time it succeeds. <BR><BR>]]></Caption>
</captionObject>
<captionObject>
<Time>191.900000</Time>
<Caption><![CDATA[So now we&apos;re done with the checkOut() method. Or <BR>are we?? <BR>]]></Caption>
</captionObject>
<captionObject>
<Time>196.700000</Time>
<Caption><![CDATA[Wait a second! We forgot something. <BR><BR>]]></Caption>
</captionObject>
<captionObject>
<Time>200.700000</Time>
<Caption><![CDATA[In the Person class, we have a field called <BR>maximumBooks. <BR>]]></Caption>
</captionObject>
<captionObject>
<Time>210.100000</Time>
<Caption><![CDATA[If we recall, this field is supposed to limit how <BR>many books a Person can check out at one time. <BR>]]></Caption>
</captionObject>
<captionObject>
<Time>218.000000</Time>
<Caption><![CDATA[But we didn&apos;t include this in our test or in our <BR>checkOut() method. So we&apos;ve got a little more work <BR>to do. ]]></Caption>
</captionObject>
<captionObject>
<Time>228.500000</Time>
<Caption><![CDATA[So, we&apos;ll open up MyLibraryTest. We&apos;ll add some <BR>more code to the testCheckOut() method.  <BR>]]></Caption>
</captionObject>
<captionObject>
<Time>235.300000</Time>
<Caption><![CDATA[We&apos;ll put in a comment “additional test for <BR>maximumBooks”. <BR>]]></Caption>
</captionObject>
<captionObject>
<Time>239.700000</Time>
<Caption><![CDATA[<BR>Then we&apos;ll re-run the setup(). <BR>]]></Caption>
</captionObject>
<captionObject>
<Time>243.866667</Time>
<Caption><![CDATA[<BR>And then we&apos;ll set maximumBooks to 1 for Person p1 <BR>(to make it easier to test). ]]></Caption>
</captionObject>
<captionObject>
<Time>251.000000</Time>
<Caption><![CDATA[<BR>Now, we&apos;ll copy these lines to set up our lists.<BR>Then we&apos;ll do our asserts. ]]></Caption>
</captionObject>
<captionObject>
<Time>260.500000</Time>
<Caption><![CDATA[The first assert is “assertTrue”, put in a message <BR>“First book did not check out”. So that&apos;s the<BR>error message if this fails. ]]></Caption>
</captionObject>
<captionObject>
<Time>271.600000</Time>
<Caption><![CDATA[And then we&apos;ll check out Book b2 to Person p1.<BR>We&apos;ll press Enter so we can see it more easily.<BR>]]></Caption>
</captionObject>
<captionObject>
<Time>285.500000</Time>
<Caption><![CDATA[So now we&apos;ll add the second assert. This time it&apos;s <BR>“assertFalse”. And we&apos;ll say “Second book should<BR>not have checked out”. ]]></Caption>
</captionObject>
<captionObject>
<Time>300.500000</Time>
<Caption><![CDATA[And then we&apos;ll try to check out Book b1 to Person<BR>p1. <BR>]]></Caption>
</captionObject>
<captionObject>
<Time>309.200000</Time>
<Caption><![CDATA[To be safe, we&apos;re re-running the setup() method <BR>again so we aren&apos;t dependent on what might have<BR>happened up above. ]]></Caption>
</captionObject>
<captionObject>
<Time>316.300000</Time>
<Caption><![CDATA[Then to make this a little easier, we set the <BR>maximumBooks to 1, so we only have to check out 2<BR>books to do the test. ]]></Caption>
</captionObject>
<captionObject>
<Time>323.900000</Time>
<Caption><![CDATA[And then we copied these lines to re-do the lists.<BR> <BR>]]></Caption>
</captionObject>
<captionObject>
<Time>329.000000</Time>
<Caption><![CDATA[Then, in the first statement, we&apos;re checking out a<BR>Book and making sure it works. <BR>]]></Caption>
</captionObject>
<captionObject>
<Time>333.700000</Time>
<Caption><![CDATA[The second statement is checking out a second Book<BR>to Person p1 and making sure it doesn&apos;t work.<BR>]]></Caption>
</captionObject>
<captionObject>
<Time>341.000000</Time>
<Caption><![CDATA[Let&apos;s try running the test. Now we expect that it<BR>won&apos;t work, because we haven&apos;t made the change.<BR>]]></Caption>
</captionObject>
<captionObject>
<Time>349.800000</Time>
<Caption><![CDATA[And it doesn&apos;t work. On the fail, we see that we <BR>get our message here: “Second book should not have<BR>checked out”.]]></Caption>
</captionObject>
<captionObject>
<Time>358.600000</Time>
<Caption><![CDATA[So that&apos;s the purpose of the message in the<BR>assertTrue() or assertFalse() method. <BR>]]></Caption>
</captionObject>
<captionObject>
<Time>364.400000</Time>
<Caption><![CDATA[So now we need to change the checkOut() method to<BR>compare the maximumBooks field for the Person <BR>]]></Caption>
</captionObject>
<captionObject>
<Time>370.500000</Time>
<Caption><![CDATA[to the total number of books the Person already<BR>has checked out. <BR>]]></Caption>
</captionObject>
<captionObject>
<Time>376.000000</Time>
<Caption><![CDATA[In order to do this, we&apos;re going to need to get a <BR>count of how many books are checked out to a given<BR>Person.]]></Caption>
</captionObject>
<captionObject>
<Time>383.200000</Time>
<Caption><![CDATA[If you recall, one of the methods we are planning<BR>to write is the getBooksForPerson() method. <BR>]]></Caption>
</captionObject>
<captionObject>
<Time>389.400000</Time>
<Caption><![CDATA[This method will return the list of books checked<BR>out by a particular Person. <BR>]]></Caption>
</captionObject>
<captionObject>
<Time>394.000000</Time>
<Caption><![CDATA[Now, if we had that method done, we could easily <BR>get a count of books checked out to a Person. <BR>]]></Caption>
</captionObject>
<captionObject>
<Time>400.200000</Time>
<Caption><![CDATA[We would just run the getBooksForPerson() method<BR>and that would give us a list of all the books.<BR>]]></Caption>
</captionObject>
<captionObject>
<Time>406.400000</Time>
<Caption><![CDATA[Then we could just get a count of the books on the<BR>list.<BR>]]></Caption>
</captionObject>
<captionObject>
<Time>410.100000</Time>
<Caption><![CDATA[So it makes sense to first do the <BR>getBooksForPerson() method. <BR>]]></Caption>
</captionObject>
<captionObject>
<Time>414.100000</Time>
<Caption><![CDATA[As always, we&apos;ll start with the test method. So<BR>we&apos;ll minimize this. <BR>]]></Caption>
</captionObject>
<captionObject>
<Time>420.100000</Time>
<Caption><![CDATA[We&apos;re going to make sure we&apos;re in the right place,<BR>below the curly brace.<BR>]]></Caption>
</captionObject>
<captionObject>
<Time>427.000000</Time>
<Caption><![CDATA[We&apos;ll type “public void testGetBooksForPerson()<BR>{“. We&apos;ll run the setup(). <BR>]]></Caption>
</captionObject>
<captionObject>
<Time>437.300000</Time>
<Caption><![CDATA[Now we need to add our 2 books and 2 people to the<BR>lists again. <BR>]]></Caption>
</captionObject>
<captionObject>
<Time>443.500000</Time>
<Caption><![CDATA[We could just copy and paste these 4 lines of<BR>code, but we already have these in 2 different <BR>places. ]]></Caption>
</captionObject>
<captionObject>
<Time>451.600000</Time>
<Caption><![CDATA[It would be better to pull these out and create a<BR>little method to add the 2 books and 2 people to <BR>the lists.]]></Caption>
</captionObject>
<captionObject>
<Time>458.800000</Time>
<Caption><![CDATA[And that way we can just call the method when we <BR>need to. <BR>]]></Caption>
</captionObject>
<captionObject>
<Time>462.600000</Time>
<Caption><![CDATA[We can use Eclipse to help us. We&apos;ll highlight <BR>these lines, select Refactor / Extract Method.<BR>]]></Caption>
</captionObject>
<captionObject>
<Time>474.800000</Time>
<Caption><![CDATA[We&apos;ll call the method “addItems”, hit OK, and what<BR>Eclipse has done is to put addItems() in where we <BR>had highlighted it. ]]></Caption>
</captionObject>
<captionObject>
<Time>489.900000</Time>
<Caption><![CDATA[It&apos;s also put in the addItems() method up here, <BR>instead of the 4 lines.<BR>]]></Caption>
</captionObject>
<captionObject>
<Time>496.600000</Time>
<Caption><![CDATA[So it took the 4 lines out there, and it took the <BR>4 lines out here. <BR>]]></Caption>
</captionObject>
<captionObject>
<Time>502.000000</Time>
<Caption><![CDATA[And then it just created the method down here. So <BR>that was pretty easy. <BR>]]></Caption>
</captionObject>
<captionObject>
<Time>507.700000</Time>
<Caption><![CDATA[Now, let&apos;s write the rest of our method. First,<BR>we&apos;ll use out new method, addItems(), to set up <BR>our lists. ]]></Caption>
</captionObject>
<captionObject>
<Time>516.700000</Time>
<Caption><![CDATA[Then we&apos;ll do our first assert statement:<BR>“assertEquals(“, expected 0, actual <BR>“ml.getBooksForPerson(p1).size()”. ]]></Caption>
</captionObject>
<captionObject>
<Time>534.300000</Time>
<Caption><![CDATA[So we&apos;re saying the size should be 0. There<BR>shouldn&apos;t be anything in the <BR>getBooksForPerson(p1).]]></Caption>
</captionObject>
<captionObject>
<Time>542.000000</Time>
<Caption><![CDATA[Now we&apos;re going to check out Book b1 to Person p1.<BR> <BR>]]></Caption>
</captionObject>
<captionObject>
<Time>545.300000</Time>
<Caption><![CDATA[Then we&apos;ll re-do the assertion, but we&apos;re going to<BR>save it in an ArrayList. We&apos;ll go “ArrayList&lt;Book&gt; <BR>testBooks = ml.getBooksForPerson(p1)”. ]]></Caption>
</captionObject>
<captionObject>
<Time>565.300000</Time>
<Caption><![CDATA[This is so we don&apos;t have to do the <BR>“ml.getBooksForPerson(p1)” each time. <BR>]]></Caption>
</captionObject>
<captionObject>
<Time>569.300000</Time>
<Caption><![CDATA[So now that&apos;s stored in testBooks. <BR><BR>]]></Caption>
</captionObject>
<captionObject>
<Time>573.800000</Time>
<Caption><![CDATA[Now we&apos;ll do “assertEquals”, this time 1, and this <BR>time we&apos;ll just use “testBooks.size()”.<BR>]]></Caption>
</captionObject>
<captionObject>
<Time>581.400000</Time>
<Caption><![CDATA[So, again, we&apos;re just saying 1 Book in that list. <BR><BR>]]></Caption>
</captionObject>
<captionObject>
<Time>587.100000</Time>
<Caption><![CDATA[And then we&apos;ll also say “assertEquals(0, <BR>testBooks.indexOf(b1));”. <BR>]]></Caption>
</captionObject>
<captionObject>
<Time>601.300000</Time>
<Caption><![CDATA[Then we&apos;re going to check out a second Book to p1.<BR> <BR>]]></Caption>
</captionObject>
<captionObject>
<Time>607.700000</Time>
<Caption><![CDATA[Then we&apos;ll copy this code to get the list again. <BR>Now testBooks is updated. <BR>]]></Caption>
</captionObject>
<captionObject>
<Time>620.600000</Time>
<Caption><![CDATA[Then we&apos;ll copy these last 2 lines. This time <BR>we&apos;ll assert that the list should have 2 items in <BR>it. ]]></Caption>
</captionObject>
<captionObject>
<Time>629.900000</Time>
<Caption><![CDATA[And that the index of Book b2 should be 1. <BR><BR>]]></Caption>
</captionObject>
<captionObject>
<Time>640.200000</Time>
<Caption><![CDATA[So this code is very straightforward. One thing to <BR>be aware of is that we always start at 0. <BR>]]></Caption>
</captionObject>
<captionObject>
<Time>646.700000</Time>
<Caption><![CDATA[We&apos;re saying that we&apos;re saying that Book b1 is <BR>going to be in position 0 of the list. <BR>]]></Caption>
</captionObject>
<captionObject>
<Time>652.500000</Time>
<Caption><![CDATA[And here we&apos;re saying that Book b2 -- the second <BR>item in the list –- is at index 1 (because we <BR>start counting at 0). ]]></Caption>
</captionObject>
<captionObject>
<Time>660.900000</Time>
<Caption><![CDATA[So now we&apos;ll use Quick Fix to create the empty <BR>method. Ctrl+1, “Create method”. <BR>]]></Caption>
</captionObject>
<captionObject>
<Time>667.800000</Time>
<Caption><![CDATA[And now we&apos;re ready to write the body of the <BR>method, which we&apos;ll do in the next lesson. <BR>]]></Caption>
</captionObject>
<captionObject>
<Time>672.200000</Time>
<Caption><![CDATA[This is the end of Lesson 13. I&apos;m Mark Dexter <BR>saying so long for now. <BR>]]></Caption>
</captionObject>
<captionObject>
<Time>677.600000</Time>
<Caption><![CDATA[(Closing music ...)<BR><BR>]]></Caption>
</captionObject>
</CloseCaptions_Array>
<NumMetaDataTypes>34</NumMetaDataTypes>
<MetaData_Array>
<MetaData_Object>
<MetaDataType>Creator</MetaDataType>
<MetaDataValue>Mark Dexter</MetaDataValue>
<MetaDataEmbedName>DC.creator</MetaDataEmbedName>
</MetaData_Object>
</MetaData_Array>
<NumFileTypesUsedByProduction>4</NumFileTypesUsedByProduction>
<FileTypesUsed_Array>
<FileTypeUsed_Object>
<FileTypeName>Video</FileTypeName>
</FileTypeUsed_Object>
<FileTypeUsed_Object>
<FileTypeName>HTMLFile</FileTypeName>
</FileTypeUsed_Object>
<FileTypeUsed_Object>
<FileTypeName>EmbededPlayerJS</FileTypeName>
</FileTypeUsed_Object>
<FileTypeUsed_Object>
<FileTypeName>ProductionInfoXML</FileTypeName>
</FileTypeUsed_Object>
</FileTypesUsed_Array>
<NumFilesTotal>4</NumFilesTotal>
<ProducedFiles_Array>
<ProducedFile_Object>
<FileName>C:\Documents and Settings\Mark\My Documents\Camtasia Studio\Total Beginners\output-200711\lesson13\lesson13.swf</FileName>
<FileSize>15690378</FileSize>
<FileType>Video</FileType>
<WhichFilesOfCurType>0</WhichFilesOfCurType>
<TotalFilesOfCurType>1</TotalFilesOfCurType>
</ProducedFile_Object>
<ProducedFile_Object>
<FileName>C:\Documents and Settings\Mark\My Documents\Camtasia Studio\Total Beginners\output-200711\lesson13\lesson13.html</FileName>
<FileSize>0</FileSize>
<FileType>HTMLFile</FileType>
<WhichFilesOfCurType>0</WhichFilesOfCurType>
<TotalFilesOfCurType>1</TotalFilesOfCurType>
</ProducedFile_Object>
<ProducedFile_Object>
<FileName>C:\Documents and Settings\Mark\My Documents\Camtasia Studio\Total Beginners\output-200711\lesson13\swfobject.js</FileName>
<FileSize>0</FileSize>
<FileType>EmbededPlayerJS</FileType>
<WhichFilesOfCurType>0</WhichFilesOfCurType>
<TotalFilesOfCurType>1</TotalFilesOfCurType>
</ProducedFile_Object>
<ProducedFile_Object>
<FileName>C:\Documents and Settings\Mark\My Documents\Camtasia Studio\Total Beginners\output-200711\lesson13\ProductionInfo.xml</FileName>
<FileSize>0</FileSize>
<FileType>ProductionInfoXML</FileType>
<WhichFilesOfCurType>0</WhichFilesOfCurType>
<TotalFilesOfCurType>1</TotalFilesOfCurType>
</ProducedFile_Object>
</ProducedFiles_Array>
<OutputBasePath>C:\Documents and Settings\Mark\My Documents\Camtasia Studio\Total Beginners\output-200711\lesson13\</OutputBasePath>
<ProductionFormat>SWF</ProductionFormat>
<NumVideoSegments>1</NumVideoSegments>
<NumHTMLFiles>1</NumHTMLFiles>
<TotalProductionSize>15690378</TotalProductionSize>
<m_cf_rtRenderRangeStart>-1</m_cf_rtRenderRangeStart>
<m_cf_rtRenderRangeStop>-1</m_cf_rtRenderRangeStop>
<m_cf_strTempDir>C:\DOCUME~1\Mark\LOCALS~1\Temp\</m_cf_strTempDir>
<m_cf_bWritePIPFile>0</m_cf_bWritePIPFile>
<m_cf_bDisablePIPVideo>1</m_cf_bDisablePIPVideo>
<m_cf_bWriteIndex>1</m_cf_bWriteIndex>
<m_cf_bWriteMultipleFiles>0</m_cf_bWriteMultipleFiles>
<m_cf_strHTMLTemplateName>Template.htm</m_cf_strHTMLTemplateName>
<m_cf_HTMLAlignment>1</m_cf_HTMLAlignment>
<m_cf_bSCORMOutput>0</m_cf_bSCORMOutput>
<m_cf_bController>1</m_cf_bController>
<m_cf_bAutoPlay>1</m_cf_bAutoPlay>
<m_cf_bNumberIndexMarkers>0</m_cf_bNumberIndexMarkers>
<m_cf_bShortenIndexNames>1</m_cf_bShortenIndexNames>
<m_cf_nShortenedIndexLength>17</m_cf_nShortenedIndexLength>
<m_cf_bQuizShowFeedback>1</m_cf_bQuizShowFeedback>
<m_cf_bEMailQuizResults>0</m_cf_bEMailQuizResults>
<m_cf_bEMailIncludeScore>0</m_cf_bEMailIncludeScore>
<m_cf_bJavaScriptQuizResults>0</m_cf_bJavaScriptQuizResults>
<m_cf_bHTMLOutput>1</m_cf_bHTMLOutput>
<m_cf_SCORMVersion>0</m_cf_SCORMVersion>
<m_cf_strManifestID>ID-9305653E-3CA3-49D4-8C95-A18B8F0E5D55</m_cf_strManifestID>
<m_cf_strManifestTitle></m_cf_strManifestTitle>
<m_cf_strDuration>0:13:59.01</m_cf_strDuration>
<m_cf_strSubject></m_cf_strSubject>
<m_cf_strManifestDescription></m_cf_strManifestDescription>
<m_cf_strLanguage>en</m_cf_strLanguage>
<m_cf_SCORMPackage>2</m_cf_SCORMPackage>
<m_cf_strSCOTitle></m_cf_strSCOTitle>
<m_cf_ProductionFormat>8</m_cf_ProductionFormat>
<m_cf_strTitle></m_cf_strTitle>
<m_cf_strAuthor>Mark Dexter</m_cf_strAuthor>
<m_cf_strCopyright></m_cf_strCopyright>
<m_cf_strDescription></m_cf_strDescription>
<m_cf_MultiFileOutputStyle>0</m_cf_MultiFileOutputStyle>
<m_cf_strVideoCompressor>Techsmith Screen Capture Codec</m_cf_strVideoCompressor>
<m_cf_bAddCaption>0</m_cf_bAddCaption>
<m_cf_bWriteCCInfo>1</m_cf_bWriteCCInfo>
<m_cf_bOverlayCaption>1</m_cf_bOverlayCaption>
<m_cf_strCaptionFontFamily>Microsoft Sans Serif</m_cf_strCaptionFontFamily>
<m_cf_bAddIPODFileToProduction>0</m_cf_bAddIPODFileToProduction>
<m_cf_bAddMP3FileToProduction>0</m_cf_bAddMP3FileToProduction>
<m_cf_bAddPPTFileToProduction>0</m_cf_bAddPPTFileToProduction>
<m_cf_strPPTFileToAddToProduction></m_cf_strPPTFileToAddToProduction>
<m_cf_bAviEncodeAudio>1</m_cf_bAviEncodeAudio>
<m_cf_AVIFrameRate>10</m_cf_AVIFrameRate>
<m_cf_nKeyFrameRate>30</m_cf_nKeyFrameRate>
<m_cf_PIP_nKeyFrameRate>30</m_cf_PIP_nKeyFrameRate>
<m_cf_PIP_AVIFrameRate>0</m_cf_PIP_AVIFrameRate>
<m_cf_SwfPlaybackControls>0</m_cf_SwfPlaybackControls>
<m_cf_strControllerSkinName>glass</m_cf_strControllerSkinName>
<m_cf_nSwfTargetVersion>7</m_cf_nSwfTargetVersion>
<m_cf_bSwfMatchPreloadMovieSize>0</m_cf_bSwfMatchPreloadMovieSize>
<m_cf_bSwfPauseAtStart>1</m_cf_bSwfPauseAtStart>
<m_cf_bSwfPreloadAdvanced>1</m_cf_bSwfPreloadAdvanced>
<m_cf_bSwfSingleSWF>1</m_cf_bSwfSingleSWF>
<m_cf_nSwfMainMovieLoadPercent>10</m_cf_nSwfMainMovieLoadPercent>
<m_cf_nSwfPreloadMinDisplayTime>3</m_cf_nSwfPreloadMinDisplayTime>
<m_cf_clrSwfControlColor>0x00C0C0C0</m_cf_clrSwfControlColor>
<m_cf_bSwfShowAboutBtn>1</m_cf_bSwfShowAboutBtn>
<m_cf_strSwfAboutBoxTxt>Copyright (c) 2007 Mark Dexter. Licensed under the Educational Community License version 1.0.</m_cf_strSwfAboutBoxTxt>
<m_cf_strSwfAboutBoxInfoTxt></m_cf_strSwfAboutBoxInfoTxt>
<m_cf_strSwfAboutTitle>Total Beginners</m_cf_strSwfAboutTitle>
<m_cf_strSwfStartTxt>Eclipse and Java for Total Beginners</m_cf_strSwfStartTxt>
<m_cf_SwfAboutBoxWidth>336</m_cf_SwfAboutBoxWidth>
<m_cf_SwfAboutBoxHeight>270</m_cf_SwfAboutBoxHeight>
<m_cf_bSwfAboutBoxTabSelected>1</m_cf_bSwfAboutBoxTabSelected>
<m_cf_strSwfTimeDisplayFormat>MM:SS</m_cf_strSwfTimeDisplayFormat>
<m_cf_bSwfCCInitiallyVisible>0</m_cf_bSwfCCInitiallyVisible>
<m_cf_bSwfFullScreen>0</m_cf_bSwfFullScreen>
<m_cf_bSwfAllowResizing>1</m_cf_bSwfAllowResizing>
<m_cf_nSwfVolueme>50</m_cf_nSwfVolueme>
<m_cf_bSwfBrandContextMenu>0</m_cf_bSwfBrandContextMenu>
<m_cf_SwfTOCType>1</m_cf_SwfTOCType>
<m_cf_SwfTOCTitle></m_cf_SwfTOCTitle>
<m_cf_bSwfShowMovieDuration>1</m_cf_bSwfShowMovieDuration>
<m_cf_bSwfShowTimeElapsed>1</m_cf_bSwfShowTimeElapsed>
<m_cf_strSwfTimeFont>Arial</m_cf_strSwfTimeFont>
<m_cf_clrSwfTimeFontColor>0x00000000</m_cf_clrSwfTimeFontColor>
<m_cf_SwfEndAction>0</m_cf_SwfEndAction>
<m_cf_strSwfEndActionUrl>http://</m_cf_strSwfEndActionUrl>
<m_cf_nSwfEndActionTarget>0</m_cf_nSwfEndActionTarget>
<m_cf_bPauseAfterJump>1</m_cf_bPauseAfterJump>
<m_cf_rtJumpPoint>0</m_cf_rtJumpPoint>
<m_cf_strSwfStartLogo></m_cf_strSwfStartLogo>
<m_cf_strSwfEndLogo>EndLogo</m_cf_strSwfEndLogo>
<m_cf_strSwfAboutLogo></m_cf_strSwfAboutLogo>
<m_cf_strSwfAboutTitleLogo></m_cf_strSwfAboutTitleLogo>
<m_cf_strSwfTocLogo></m_cf_strSwfTocLogo>
</Production_Data>
