﻿<?xml version="1.0" encoding="UTF-8" ?><Production_Data Version="5.00"><HTMLTemplateFile>Template.htm</HTMLTemplateFile>
<HTMLTemplateBodyFile>expressShow\SSWFTemplate-body.htm</HTMLTemplateBodyFile>
<HTMLTemplateHeaderFile>expressShow\SSWFTemplate-header.htm</HTMLTemplateHeaderFile>
<VideoFilenameWithPath>C:\Documents and Settings\Mark\My Documents\Camtasia Studio\Total Beginners\output-200711\lesson12\lesson12.swf</VideoFilenameWithPath>
<AddIPodFileSize>0 bytes</AddIPodFileSize>
<AddMP3FileSize>0 bytes</AddMP3FileSize>
<AddPPTFileSize>0 bytes</AddPPTFileSize>
<ProjectName>lesson12</ProjectName>
<MediaDir></MediaDir>
<ShouldCreateMediaDir>0</ShouldCreateMediaDir>
<MaxTimelineWidth>800</MaxTimelineWidth>
<MaxTimelineHeight>600</MaxTimelineHeight>
<MaxTimelineFPS>15.00</MaxTimelineFPS>
<MaxVideoWidth>800</MaxVideoWidth>
<MaxVideoHeight>600</MaxVideoHeight>
<MaxVideoFPS>15.00</MaxVideoFPS>
<MaxPIPWidth>0</MaxPIPWidth>
<MaxPIPHeight>0</MaxPIPHeight>
<MaxPIPFPS>0.00</MaxPIPFPS>
<VideoDuration>822.70</VideoDuration>
<PIPVideoDuration>822.60</PIPVideoDuration>
<VideoFPS>30.00</VideoFPS>
<PIPVideoFPS>30.00</PIPVideoFPS>
<VideoWidth>800</VideoWidth>
<VideoHeight>618</VideoHeight>
<ActualVideoWidth>800</ActualVideoWidth>
<ActualVideoHeight>600</ActualVideoHeight>
<PIPVideoWidth>160</PIPVideoWidth>
<PIPVideoHeight>120</PIPVideoHeight>
<TOCWidth>-1</TOCWidth>
<MinTOCWidth>160</MinTOCWidth>
<TOCDividerHeight>18</TOCDividerHeight>
<TimelineHasAudio>1</TimelineHasAudio>
<TimelineDuration>8227000000</TimelineDuration>
<SWFControllerTotalHeight>18</SWFControllerTotalHeight>
<SWFMinWidth>320</SWFMinWidth>
<SWFTOCXPos>0</SWFTOCXPos>
<SWFTOCYPos>0</SWFTOCYPos>
<SWFTOCWidth>160</SWFTOCWidth>
<SWFTOCHeight>600</SWFTOCHeight>
<SWFHasPIPOverlay>0</SWFHasPIPOverlay>
<SWFControllerColor></SWFControllerColor>
<SWFTimeDispFontColor>0x000000</SWFTimeDispFontColor>
<SWFPlaybackConfigFileName>lesson12_config.xml</SWFPlaybackConfigFileName>
<SWFPlaybackControllerFileName>lesson12_controller.swf</SWFPlaybackControllerFileName>
<SWFPreloaderFileName></SWFPreloaderFileName>
<StripWhitespace>0</StripWhitespace>
<WritingImages>0</WritingImages>
<WritePreviewXML>0</WritePreviewXML>
<DisableTOC>0</DisableTOC>
<AutoPlay>0</AutoPlay>
<CancelledProduction>0</CancelledProduction>
<CancelledProdLength>8226000000</CancelledProdLength>
<Hotspot_Array>
<Hotspot_Array_Object>
               <array>
               <hotspot>
               </hotspot>
               <hotspot>
               </hotspot>
               <hotspot>
               </hotspot>
               <hotspot>
               </hotspot>
               <hotspot>
               </hotspot>
               <hotspot>
               </hotspot>
               <hotspot>
               </hotspot>
               <hotspot>
               </hotspot>
               <hotspot>
               </hotspot>
               <hotspot>
               </hotspot>
               <hotspot>
               </hotspot>
               <hotspot>
               </hotspot>
               <hotspot>
               </hotspot>
               <hotspot>
               </hotspot>
               <hotspot>
               </hotspot>
               <hotspot>
               </hotspot>
               <hotspot>
               </hotspot>
               <hotspot>
               </hotspot>
               <hotspot>
               </hotspot>
               <hotspot>
               </hotspot>
               <hotspot>
               </hotspot>
               <hotspot>
               </hotspot>
               <hotspot>
               </hotspot>
               <hotspot>
               </hotspot>
               <hotspot>
               </hotspot>
               <hotspot>
               </hotspot>
               <hotspot>
               </hotspot>
               </array>
</Hotspot_Array_Object>
</Hotspot_Array>
<AdjGlobalRenderRangeStart>-1</AdjGlobalRenderRangeStart>
<AdjGlobalRenderRangeStop>-1</AdjGlobalRenderRangeStop>
<AdjRenderRange_Array>
<AdjRenderRange_Obj>
<AdjRenderRangeStart>0</AdjRenderRangeStart>
<AdjRenderRangeStop>249000000</AdjRenderRangeStop>
</AdjRenderRange_Obj>
<AdjRenderRange_Obj>
<AdjRenderRangeStart>249000000</AdjRenderRangeStart>
<AdjRenderRangeStop>1709666667</AdjRenderRangeStop>
</AdjRenderRange_Obj>
<AdjRenderRange_Obj>
<AdjRenderRangeStart>1709666667</AdjRenderRangeStart>
<AdjRenderRangeStop>5191666667</AdjRenderRangeStop>
</AdjRenderRange_Obj>
<AdjRenderRange_Obj>
<AdjRenderRangeStart>5191666667</AdjRenderRangeStart>
<AdjRenderRangeStop>6001666667</AdjRenderRangeStop>
</AdjRenderRange_Obj>
<AdjRenderRange_Obj>
<AdjRenderRangeStart>6001666667</AdjRenderRangeStart>
<AdjRenderRangeStop>7382000000</AdjRenderRangeStop>
</AdjRenderRange_Obj>
<AdjRenderRange_Obj>
<AdjRenderRangeStart>7382000000</AdjRenderRangeStart>
<AdjRenderRangeStop>8227000000</AdjRenderRangeStop>
</AdjRenderRange_Obj>
</AdjRenderRange_Array>
<AdjMarkerDuration_Array>
<AdjMarkerDuration_Obj>
<AdjMarkerDuration>249000000</AdjMarkerDuration>
</AdjMarkerDuration_Obj>
<AdjMarkerDuration_Obj>
<AdjMarkerDuration>1460666667</AdjMarkerDuration>
</AdjMarkerDuration_Obj>
<AdjMarkerDuration_Obj>
<AdjMarkerDuration>3482000000</AdjMarkerDuration>
</AdjMarkerDuration_Obj>
<AdjMarkerDuration_Obj>
<AdjMarkerDuration>810000000</AdjMarkerDuration>
</AdjMarkerDuration_Obj>
<AdjMarkerDuration_Obj>
<AdjMarkerDuration>1380333333</AdjMarkerDuration>
</AdjMarkerDuration_Obj>
<AdjMarkerDuration_Obj>
<AdjMarkerDuration>845000000</AdjMarkerDuration>
</AdjMarkerDuration_Obj>
</AdjMarkerDuration_Array>
<AdjMarkerTimes_Array>
<AdjMarkerTime_Obj>
<AdjMarkerTime>0</AdjMarkerTime>
</AdjMarkerTime_Obj>
<AdjMarkerTime_Obj>
<AdjMarkerTime>249000000</AdjMarkerTime>
</AdjMarkerTime_Obj>
<AdjMarkerTime_Obj>
<AdjMarkerTime>1709666667</AdjMarkerTime>
</AdjMarkerTime_Obj>
<AdjMarkerTime_Obj>
<AdjMarkerTime>5191666667</AdjMarkerTime>
</AdjMarkerTime_Obj>
<AdjMarkerTime_Obj>
<AdjMarkerTime>6001666667</AdjMarkerTime>
</AdjMarkerTime_Obj>
<AdjMarkerTime_Obj>
<AdjMarkerTime>7382000000</AdjMarkerTime>
</AdjMarkerTime_Obj>
</AdjMarkerTimes_Array>
<HasQuizQuestions>0</HasQuizQuestions>
<m_strQuizQuestionOfString>Question @ of @</m_strQuizQuestionOfString>
<m_strQuizPrevString>Prev</m_strQuizPrevString>
<m_strQuizSubmitString>Submit</m_strQuizSubmitString>
<m_strQuizNextString>Next</m_strQuizNextString>
<m_strQuizDoneString>Done</m_strQuizDoneString>
<m_strQuizPreviewString>Preview</m_strQuizPreviewString>
<m_strQuizSendString>Send</m_strQuizSendString>
<m_strQuizMainMessageString>You have reached the end of the questions and this video. Your answers are ready to be sent.</m_strQuizMainMessageString>
<m_strQuizEmailContentsString>E-mail Contents</m_strQuizEmailContentsString>
<m_strQuizEmailToString>E-mail to </m_strQuizEmailToString>
<m_strQuizAnswersSentString>Your answers have been sent.</m_strQuizAnswersSentString>
<m_strQuizSummaryString>You have completed @ of @ questions.</m_strQuizSummaryString>
<m_strQuizScoreString>Score = @/@</m_strQuizScoreString>
<m_strQuizSummaryTitleString>Answers Summary</m_strQuizSummaryTitleString>
<Quiz_Array>
</Quiz_Array>
<Markers_Array>
<Marker_Object>
<MarkerName>Introduction</MarkerName>
<MarkerImage></MarkerImage>
<MarkerTime>0</MarkerTime>
<IndentLevel>0</IndentLevel>
<ShouldIgnore>0</ShouldIgnore>
</Marker_Object>
<Marker_Object>
<MarkerName>Design checkOut() Method</MarkerName>
<MarkerImage></MarkerImage>
<MarkerTime>249000000</MarkerTime>
<IndentLevel>0</IndentLevel>
<ShouldIgnore>0</ShouldIgnore>
</Marker_Object>
<Marker_Object>
<MarkerName>testCheckOut() Method</MarkerName>
<MarkerImage></MarkerImage>
<MarkerTime>1709666667</MarkerTime>
<IndentLevel>0</IndentLevel>
<ShouldIgnore>0</ShouldIgnore>
</Marker_Object>
<Marker_Object>
<MarkerName>checkOut() Method</MarkerName>
<MarkerImage></MarkerImage>
<MarkerTime>5191666667</MarkerTime>
<IndentLevel>0</IndentLevel>
<ShouldIgnore>0</ShouldIgnore>
</Marker_Object>
<Marker_Object>
<MarkerName>if Statement</MarkerName>
<MarkerImage></MarkerImage>
<MarkerTime>6001666667</MarkerTime>
<IndentLevel>0</IndentLevel>
<ShouldIgnore>0</ShouldIgnore>
</Marker_Object>
<Marker_Object>
<MarkerName>checkIn() Method</MarkerName>
<MarkerImage></MarkerImage>
<MarkerTime>7382000000</MarkerTime>
<IndentLevel>0</IndentLevel>
<ShouldIgnore>0</ShouldIgnore>
</Marker_Object>
</Markers_Array>
<CaptionPlayerXML_Array>
<Caption_Array_Object>
<CaptionXML>   <array>
      <captionObject>
         <Time>0.000000</Time>
         <Caption><![CDATA[(Opening music ...)<BR><BR>]]></Caption>
      </captionObject>
      <captionObject>
         <Time>10.200000</Time>
         <Caption><![CDATA[Hello again. Welcome back to Eclipse and Java for <BR>Total Beginners. This lesson is going to be fun. <BR>]]></Caption>
      </captionObject>
      <captionObject>
         <Time>16.900000</Time>
         <Caption><![CDATA[We&apos;re going to begin work on our checkOut() and <BR>checkIn() methods. <BR>]]></Caption>
      </captionObject>
      <captionObject>
         <Time>19.900000</Time>
         <Caption><![CDATA[These methods will be a little more complicated <BR>than what we&apos;ve done to this point. <BR>]]></Caption>
      </captionObject>
      <captionObject>
         <Time>24.733333</Time>
         <Caption><![CDATA[What we&apos;re going to do is write one test method to <BR>test both the checkOut() and checkIn() methods.<BR>]]></Caption>
      </captionObject>
      <captionObject>
         <Time>31.833333</Time>
         <Caption><![CDATA[That way we can check out a couple of books and <BR>then check them back in, testing after each step.<BR>]]></Caption>
      </captionObject>
      <captionObject>
         <Time>38.300000</Time>
         <Caption><![CDATA[Before we start, let&apos;s review what we want these <BR>methods to do.<BR>]]></Caption>
      </captionObject>
      <captionObject>
         <Time>43.433333</Time>
         <Caption><![CDATA[When we check out a Book, we want the Person we&apos;re <BR>checking it out to entered into the person field <BR>of the Book. ]]></Caption>
      </captionObject>
      <captionObject>
         <Time>50.900000</Time>
         <Caption><![CDATA[That&apos;s what indicates that a Book is checked out <BR>to that Person. So we would use the setPerson() <BR>method of the Book class to do this. ]]></Caption>
      </captionObject>
      <captionObject>
         <Time>59.533333</Time>
         <Caption><![CDATA[Now, what if the Book is already checked out to <BR>someone else? Should we still check it out to the <BR>new Person? ]]></Caption>
      </captionObject>
      <captionObject>
         <Time>66.833333</Time>
         <Caption><![CDATA[For this example, we&apos;ll decide not to do this. So, <BR>if a Book is already checked out to someone, we <BR>won&apos;t check it out to someone else. ]]></Caption>
      </captionObject>
      <captionObject>
         <Time>74.600000</Time>
         <Caption><![CDATA[So we&apos;ll need to test for this in the checkOut() <BR>method.<BR>]]></Caption>
      </captionObject>
      <captionObject>
         <Time>78.000000</Time>
         <Caption><![CDATA[OK. So we&apos;ve decided that the checkOut() will fail <BR>if the Book is already checked out. <BR>]]></Caption>
      </captionObject>
      <captionObject>
         <Time>84.900000</Time>
         <Caption><![CDATA[Since it might fail, should we let the method that <BR>is calling the checkOut() method know whether or <BR>not the checkOut() succeeded? ]]></Caption>
      </captionObject>
      <captionObject>
         <Time>93.200000</Time>
         <Caption><![CDATA[For this example, we&apos;ll say yes. So, let&apos;s write <BR>down the steps we need the checkOut() method to <BR>do:]]></Caption>
      </captionObject>
      <captionObject>
         <Time>102.033333</Time>
         <Caption><![CDATA[The first step is to test that this Book is not <BR>already checked out. <BR>]]></Caption>
      </captionObject>
      <captionObject>
         <Time>107.100000</Time>
         <Caption><![CDATA[If it is not checked out, we&apos;ll use the <BR>setPerson() method of the Book to assign this <BR>Person to the Book ]]></Caption>
      </captionObject>
      <captionObject>
         <Time>115.700000</Time>
         <Caption><![CDATA[and let the calling method know that we succeeded.<BR><BR>]]></Caption>
      </captionObject>
      <captionObject>
         <Time>119.000000</Time>
         <Caption><![CDATA[If it is already checked out, then we&apos;ll just let <BR>the calling method know that it didn&apos;t work.<BR>]]></Caption>
      </captionObject>
      <captionObject>
         <Time>126.200000</Time>
         <Caption><![CDATA[One common technique for indicating success or <BR>failure in a method is to have the method return a <BR>boolean value. ]]></Caption>
      </captionObject>
      <captionObject>
         <Time>134.100000</Time>
         <Caption><![CDATA[If you recall, a boolean value evaluates to either <BR>true or false. <BR>]]></Caption>
      </captionObject>
      <captionObject>
         <Time>138.800000</Time>
         <Caption><![CDATA[So true would mean the method worked, false would <BR>mean it didn&apos;t. <BR>]]></Caption>
      </captionObject>
      <captionObject>
         <Time>142.633333</Time>
         <Caption><![CDATA[So we&apos;ll have our checkOut() method return a <BR>boolean type of either true or false.<BR>]]></Caption>
      </captionObject>
      <captionObject>
         <Time>148.000000</Time>
         <Caption><![CDATA[Now, we&apos;ll also need to know the Book and Person <BR>involved, since we&apos;ll be assigning the Person to <BR>the Book.  ]]></Caption>
      </captionObject>
      <captionObject>
         <Time>155.533333</Time>
         <Caption><![CDATA[To do this, we need to have Book and Person as <BR>parameters to the method. So now we know the whole <BR>method signature.]]></Caption>
      </captionObject>
      <captionObject>
         <Time>164.400000</Time>
         <Caption><![CDATA[It&apos;s going to return a boolean, and it&apos;s going to <BR>take Book and Person as parameters. <BR>]]></Caption>
      </captionObject>
      <captionObject>
         <Time>171.500000</Time>
         <Caption><![CDATA[With this in mind, we&apos;re ready to start our test <BR>method. <BR>]]></Caption>
      </captionObject>
      <captionObject>
         <Time>175.700000</Time>
         <Caption><![CDATA[We&apos;ll open up our MyLibraryTest class for editing. <BR>We&apos;ll go to the bottom, and we&apos;ll start entering <BR>the new method.]]></Caption>
      </captionObject>
      <captionObject>
         <Time>188.500000</Time>
         <Caption><![CDATA[So this is a public method, it returns void, and <BR>it&apos;s called &quot;testCheckOut()&quot;. <BR>]]></Caption>
      </captionObject>
      <captionObject>
         <Time>196.033333</Time>
         <Caption><![CDATA[First, we&apos;ll create our objects using our setup() <BR>method. <BR>]]></Caption>
      </captionObject>
      <captionObject>
         <Time>201.600000</Time>
         <Caption><![CDATA[Then we need to add our objects to our lists. So <BR>we&apos;ll add Book b1 to the books list. We&apos;ll add <BR>Book b2 to the books list. ]]></Caption>
      </captionObject>
      <captionObject>
         <Time>211.333333</Time>
         <Caption><![CDATA[And then we&apos;ll do the same thing for the people. <BR>We&apos;ll add Person p1 and Person p2. <BR>]]></Caption>
      </captionObject>
      <captionObject>
         <Time>220.833333</Time>
         <Caption><![CDATA[If I look here, I&apos;ve got all these red lines. I <BR>can see I left off a semi-colon. <BR>]]></Caption>
      </captionObject>
      <captionObject>
         <Time>226.800000</Time>
         <Caption><![CDATA[Next, we&apos;ll enter our first assert statement. This <BR>is a little different -- we&apos;ll talk about it in a <BR>minute. ]]></Caption>
      </captionObject>
      <captionObject>
         <Time>233.233333</Time>
         <Caption><![CDATA[It&apos;s assertTrue, but we&apos;re going to put a message <BR>&quot;Book did not check out correctly&quot;, which is a <BR>String, as the first argument. ]]></Caption>
      </captionObject>
      <captionObject>
         <Time>241.900000</Time>
         <Caption><![CDATA[Then, in the second argument, we&apos;ll execute our <BR>checkOut() method -- &quot;ml.checkOut(b1, p1)&quot;.  <BR>]]></Caption>
      </captionObject>
      <captionObject>
         <Time>248.500000</Time>
         <Caption><![CDATA[So we&apos;re checking out Book b1 to Person p1. Let&apos;s <BR>look at this.  <BR>]]></Caption>
      </captionObject>
      <captionObject>
         <Time>259.800000</Time>
         <Caption><![CDATA[First, we have a String as the first argument of <BR>the assertTrue(). This is just a way to put in a <BR>message ]]></Caption>
      </captionObject>
      <captionObject>
         <Time>269.600000</Time>
         <Caption><![CDATA[so that, if this test fails, we&apos;ll be able to see <BR>why. In this case, we&apos;re saying &quot;Book did not <BR>check out correctly&quot;. ]]></Caption>
      </captionObject>
      <captionObject>
         <Time>276.700000</Time>
         <Caption><![CDATA[So it just gives us a little help in case the test <BR>fails. <BR>]]></Caption>
      </captionObject>
      <captionObject>
         <Time>281.000000</Time>
         <Caption><![CDATA[Second, we&apos;re putting the &quot;ml.checkOut()&quot; method <BR>inside the assertTrue(). <BR>]]></Caption>
      </captionObject>
      <captionObject>
         <Time>287.133333</Time>
         <Caption><![CDATA[Remember we decided that the checkOut() method <BR>would return a boolean of true or false. <BR>]]></Caption>
      </captionObject>
      <captionObject>
         <Time>292.700000</Time>
         <Caption><![CDATA[So by putting this inside the assertTrue(), we&apos;re <BR>doing two things at the same time. First, we&apos;re <BR>executing the method. ]]></Caption>
      </captionObject>
      <captionObject>
         <Time>299.700000</Time>
         <Caption><![CDATA[Second, we&apos;re also testing that the method <BR>succeeded and returned a value of true.  <BR>]]></Caption>
      </captionObject>
      <captionObject>
         <Time>306.700000</Time>
         <Caption><![CDATA[If we had wanted to, we could have executed the <BR>checkOut() method outside the assertTrue() method <BR>and &quot;thrown away&quot; the return value. ]]></Caption>
      </captionObject>
      <captionObject>
         <Time>314.266667</Time>
         <Caption><![CDATA[But, in this case, we were interested in knowing <BR>whether the method suceeded or failed. <BR>]]></Caption>
      </captionObject>
      <captionObject>
         <Time>319.166667</Time>
         <Caption><![CDATA[Next, we&apos;ll check that the Book is actually <BR>checked out to Person p1 at this point. <BR>]]></Caption>
      </captionObject>
      <captionObject>
         <Time>324.300000</Time>
         <Caption><![CDATA[So we&apos;ll type &quot;assertEquals()&quot;, and we expect <BR>&quot;Fred&quot;, and then we&apos;ll <BR>&quot;getPerson().getName()&quot; from Book b1. ]]></Caption>
      </captionObject>
      <captionObject>
         <Time>341.900000</Time>
         <Caption><![CDATA[So up here we checked out Book b1 to &quot;Fred&quot; <BR>(remember Fred is the name of Person p1), <BR>]]></Caption>
      </captionObject>
      <captionObject>
         <Time>350.566667</Time>
         <Caption><![CDATA[and then here we&apos;re just saying that, when we get <BR>the Person from the b1 Book, and then get the name <BR>of that Person, it will be &quot;Fred&quot;. ]]></Caption>
      </captionObject>
      <captionObject>
         <Time>360.066667</Time>
         <Caption><![CDATA[Now, why are we using the name to compare instead <BR>of just comparing the two book objects? <BR>]]></Caption>
      </captionObject>
      <captionObject>
         <Time>366.300000</Time>
         <Caption><![CDATA[If you remember, comparing two objects for <BR>equality in Java can be a little tricky, <BR>]]></Caption>
      </captionObject>
      <captionObject>
         <Time>371.800000</Time>
         <Caption><![CDATA[so we&apos;re assuming that everyone on our list will <BR>have a unique name, and then that way we can use <BR>the names to compare. ]]></Caption>
      </captionObject>
      <captionObject>
         <Time>378.866667</Time>
         <Caption><![CDATA[At this point, Book b1 is already checked out. If <BR>we try to check it out again, it should fail. So, <BR>we&apos;ll test this as follows:]]></Caption>
      </captionObject>
      <captionObject>
         <Time>389.066667</Time>
         <Caption><![CDATA[We&apos;ll enter &quot;assertFalse(&quot;Book was alread checked <BR>out&quot;, and then we&apos;ll try to check it out a second <BR>time. ]]></Caption>
      </captionObject>
      <captionObject>
         <Time>410.266667</Time>
         <Caption><![CDATA[So the assertFalse() will succeed if the resulting <BR>value is false. And we&apos;re expecting this to be <BR>false ]]></Caption>
      </captionObject>
      <captionObject>
         <Time>420.800000</Time>
         <Caption><![CDATA[because we shouldn&apos;t be able to check out Book b1 <BR>twice. <BR>]]></Caption>
      </captionObject>
      <captionObject>
         <Time>425.933333</Time>
         <Caption><![CDATA[At this point, we&apos;ve done a very basic test of the <BR>checkOut() method.  Now, let&apos;s try checking in the <BR>Book, as follows:]]></Caption>
      </captionObject>
      <captionObject>
         <Time>435.300000</Time>
         <Caption><![CDATA[We&apos;ll type &quot;assertTrue(&quot;. We&apos;ll put in a message <BR>&quot;Book check in failed&quot;.  <BR>]]></Caption>
      </captionObject>
      <captionObject>
         <Time>446.166667</Time>
         <Caption><![CDATA[And then we&apos;re going to check in Book b1. Notice <BR>that for the checkIn() method we are only using <BR>one parameter: Book. ]]></Caption>
      </captionObject>
      <captionObject>
         <Time>459.033333</Time>
         <Caption><![CDATA[Why don&apos;t we need Person as a parameter, like we <BR>did with the checkOut() method? <BR>]]></Caption>
      </captionObject>
      <captionObject>
         <Time>463.633333</Time>
         <Caption><![CDATA[The answer is that, when we&apos;re checking in a Book, <BR>we don&apos;t need to know who it was checked out to.<BR>]]></Caption>
      </captionObject>
      <captionObject>
         <Time>468.466667</Time>
         <Caption><![CDATA[And, if we did, we could get the Person from the <BR>person field of the Book. <BR>]]></Caption>
      </captionObject>
      <captionObject>
         <Time>472.500000</Time>
         <Caption><![CDATA[So we don&apos;t need Person in the parameter list for <BR>the checkIn() method.<BR>]]></Caption>
      </captionObject>
      <captionObject>
         <Time>478.233333</Time>
         <Caption><![CDATA[Now, we&apos;ll try to check in a Book that wasn&apos;t <BR>checked out and make sure it fails.<BR>]]></Caption>
      </captionObject>
      <captionObject>
         <Time>486.600000</Time>
         <Caption><![CDATA[So we&apos;ll do two assert statements. <BR>&quot;assertFalse(&quot; and we&apos;ll say &quot;Book was already <BR>checked in&quot;.]]></Caption>
      </captionObject>
      <captionObject>
         <Time>497.766667</Time>
         <Caption><![CDATA[Then we&apos;ll try to check in Book b1 again. So we&apos;re <BR>saying this should fail. <BR>]]></Caption>
      </captionObject>
      <captionObject>
         <Time>505.200000</Time>
         <Caption><![CDATA[Then we&apos;ll add a second assertFalse(), which is a <BR>little different. We&apos;ll say &quot;Book was never <BR>checked out&quot;, ]]></Caption>
      </captionObject>
      <captionObject>
         <Time>514.066667</Time>
         <Caption><![CDATA[and then we&apos;ll try to check in Book b2. And, <BR>again, it should fail because it was not checked <BR>out. ]]></Caption>
      </captionObject>
      <captionObject>
         <Time>520.400000</Time>
         <Caption><![CDATA[At this point, we&apos;re ready to start writing the <BR>two methods in the MyLibrary class. First, let&apos;s <BR>use Quick Fix to create the empty methods.]]></Caption>
      </captionObject>
      <captionObject>
         <Time>529.466667</Time>
         <Caption><![CDATA[So we&apos;ll click on checkOut(), Ctrl+1, Create <BR>method, which it did.<BR>]]></Caption>
      </captionObject>
      <captionObject>
         <Time>539.533333</Time>
         <Caption><![CDATA[Come back and do the same thing for the checkIn() <BR>method. Ctrl+1, Create method, and again it did.  <BR>]]></Caption>
      </captionObject>
      <captionObject>
         <Time>547.733333</Time>
         <Caption><![CDATA[Now, let&apos;s look at the test again and see what we <BR>need to do. <BR>]]></Caption>
      </captionObject>
      <captionObject>
         <Time>556.033333</Time>
         <Caption><![CDATA[Looking at the assertEquals(), we need to use the <BR>setPerson() method to set the person field in b1 <BR>to p1. ]]></Caption>
      </captionObject>
      <captionObject>
         <Time>567.633333</Time>
         <Caption><![CDATA[However, we only want to do this if the person <BR>field is empty when we start. <BR>]]></Caption>
      </captionObject>
      <captionObject>
         <Time>573.866667</Time>
         <Caption><![CDATA[So, we need to check whether the person field is <BR>empty. <BR>]]></Caption>
      </captionObject>
      <captionObject>
         <Time>578.133333</Time>
         <Caption><![CDATA[If it is empty, we need to use the setPerson() <BR>method of the Book and return a value of true. <BR>]]></Caption>
      </captionObject>
      <captionObject>
         <Time>583.933333</Time>
         <Caption><![CDATA[Otherwise, we just need to return a value of <BR>false.  <BR>]]></Caption>
      </captionObject>
      <captionObject>
         <Time>587.766667</Time>
         <Caption><![CDATA[Let&apos;s go to the MyLibrary class and start the <BR>method. We&apos;ll take out the auto-generated code and <BR>start typing. ]]></Caption>
      </captionObject>
      <captionObject>
         <Time>600.866667</Time>
         <Caption><![CDATA[The first thing is an &quot;if&quot; statement, and we&apos;ll <BR>talk about this in a minute. <BR>]]></Caption>
      </captionObject>
      <captionObject>
         <Time>604.766667</Time>
         <Caption><![CDATA[We&apos;ll say &quot;if the getPerson() is equal to null, <BR>then we&apos;ll setPerson() to p1 and then return <BR>true.&quot; ]]></Caption>
      </captionObject>
      <captionObject>
         <Time>624.166667</Time>
         <Caption><![CDATA[Otherwise, which is &quot;else&quot;, we&apos;re going to return <BR>false. <BR>]]></Caption>
      </captionObject>
      <captionObject>
         <Time>631.066667</Time>
         <Caption><![CDATA[There are three new things in this method. First, <BR>we have an &quot;if&quot; statement. The syntax is:<BR>]]></Caption>
      </captionObject>
      <captionObject>
         <Time>639.333333</Time>
         <Caption><![CDATA[if the expression inside the parentheses is true, <BR>then we do this block of statements inside the <BR>first curly braces. ]]></Caption>
      </captionObject>
      <captionObject>
         <Time>651.800000</Time>
         <Caption><![CDATA[So if this evaluates to true, do this section of <BR>code. <BR>]]></Caption>
      </captionObject>
      <captionObject>
         <Time>658.566667</Time>
         <Caption><![CDATA[And, if the part in parentheses evaluates to <BR>false, then we do this section of code between <BR>these two curly braces. ]]></Caption>
      </captionObject>
      <captionObject>
         <Time>669.633333</Time>
         <Caption><![CDATA[The second new thing is the &quot;==&quot; operator. It&apos;s <BR>very important to notice that this is two equal <BR>signs in a row.  ]]></Caption>
      </captionObject>
      <captionObject>
         <Time>677.966667</Time>
         <Caption><![CDATA[So it&apos;s different than the normal &quot;=&quot; operator <BR>we&apos;ve seen before, which SETS one thing equal to <BR>another. ]]></Caption>
      </captionObject>
      <captionObject>
         <Time>684.533333</Time>
         <Caption><![CDATA[The &quot;==&quot; TESTS if one thing is equal to another. <BR><BR>]]></Caption>
      </captionObject>
      <captionObject>
         <Time>688.566667</Time>
         <Caption><![CDATA[So it is a boolean operator, and it returns true <BR>or false, based on whether the left side and the <BR>right side are equal. ]]></Caption>
      </captionObject>
      <captionObject>
         <Time>696.133333</Time>
         <Caption><![CDATA[The third new thing is the reserved word “null”. <BR>Null means that nothing is in the field or <BR>variable. ]]></Caption>
      </captionObject>
      <captionObject>
         <Time>706.266667</Time>
         <Caption><![CDATA[So, before we&apos;ve put a Person object in the person <BR>field of the Book, it&apos;s value is &quot;null&quot;. <BR>]]></Caption>
      </captionObject>
      <captionObject>
         <Time>713.933333</Time>
         <Caption><![CDATA[So, by saying &quot;getPerson() == null&quot;, we&apos;re saying <BR>there is no reference to a Person object (or any <BR>other object)]]></Caption>
      </captionObject>
      <captionObject>
         <Time>721.066667</Time>
         <Caption><![CDATA[in the person field of the Book. So the way we <BR>read this whole expression is: <BR>]]></Caption>
      </captionObject>
      <captionObject>
         <Time>726.500000</Time>
         <Caption><![CDATA[If there is nothing in the person field, then set <BR>the person field in b1 to p1 and return true. <BR>Otherwise, return false.  ]]></Caption>
      </captionObject>
      <captionObject>
         <Time>739.933333</Time>
         <Caption><![CDATA[Now, the checkIn() method is very similar. Again, <BR>we&apos;ll have an &quot;if&quot; statement.<BR>]]></Caption>
      </captionObject>
      <captionObject>
         <Time>745.533333</Time>
         <Caption><![CDATA[&quot;if (b1.getPerson()&quot; and then we&apos;re going to enter <BR>&quot;not equal&quot;, which is &quot;!=&quot;, &quot;null&quot; -- if it&apos;s not <BR>equal to null -- ]]></Caption>
      </captionObject>
      <captionObject>
         <Time>757.900000</Time>
         <Caption><![CDATA[we&apos;re going to do &quot;b1.setPerson&quot; to &quot;null&quot;. And <BR>then we&apos;ll return true. Else, we&apos;re going to <BR>return false. ]]></Caption>
      </captionObject>
      <captionObject>
         <Time>778.333333</Time>
         <Caption><![CDATA[So we&apos;re saying that, if the Person in Book b1 is <BR>not null (meaning that there is a Person object in <BR>there), ]]></Caption>
      </captionObject>
      <captionObject>
         <Time>789.266667</Time>
         <Caption><![CDATA[then set it to &quot;null&quot; and return true. Otherwise, <BR>this book is not already checked out, so we can&apos;t <BR>check it in. So we return false. ]]></Caption>
      </captionObject>
      <captionObject>
         <Time>801.833333</Time>
         <Caption><![CDATA[So, now we have our checkOut() and checkIn() <BR>methods written and we&apos;re ready to test them.<BR>]]></Caption>
      </captionObject>
      <captionObject>
         <Time>807.433333</Time>
         <Caption><![CDATA[We&apos;ll do that in the next lesson. This is the end <BR>of Lesson 12. I&apos;m Mark Dexter saying so long for <BR>now.]]></Caption>
      </captionObject>
      <captionObject>
         <Time>815.200000</Time>
         <Caption><![CDATA[(Closing music ...)<BR><BR>]]></Caption>
      </captionObject>
   </array>
</CaptionXML>
</Caption_Array_Object>
</CaptionPlayerXML_Array>
<CaptionFontHeight>23</CaptionFontHeight>
<MaxCaptionsCharsPerLine>50</MaxCaptionsCharsPerLine>
<TimelineCaptionCount>103</TimelineCaptionCount>
<CaptionHeight>0</CaptionHeight>
<CloseCaptions_Array>
<captionObject>
<Time>0.000000</Time>
<Caption><![CDATA[(Opening music ...)<BR><BR>]]></Caption>
</captionObject>
<captionObject>
<Time>10.200000</Time>
<Caption><![CDATA[Hello again. Welcome back to Eclipse and Java for <BR>Total Beginners. This lesson is going to be fun. <BR>]]></Caption>
</captionObject>
<captionObject>
<Time>16.900000</Time>
<Caption><![CDATA[We&apos;re going to begin work on our checkOut() and <BR>checkIn() methods. <BR>]]></Caption>
</captionObject>
<captionObject>
<Time>19.900000</Time>
<Caption><![CDATA[These methods will be a little more complicated <BR>than what we&apos;ve done to this point. <BR>]]></Caption>
</captionObject>
<captionObject>
<Time>24.733333</Time>
<Caption><![CDATA[What we&apos;re going to do is write one test method to <BR>test both the checkOut() and checkIn() methods.<BR>]]></Caption>
</captionObject>
<captionObject>
<Time>31.833333</Time>
<Caption><![CDATA[That way we can check out a couple of books and <BR>then check them back in, testing after each step.<BR>]]></Caption>
</captionObject>
<captionObject>
<Time>38.300000</Time>
<Caption><![CDATA[Before we start, let&apos;s review what we want these <BR>methods to do.<BR>]]></Caption>
</captionObject>
<captionObject>
<Time>43.433333</Time>
<Caption><![CDATA[When we check out a Book, we want the Person we&apos;re <BR>checking it out to entered into the person field <BR>of the Book. ]]></Caption>
</captionObject>
<captionObject>
<Time>50.900000</Time>
<Caption><![CDATA[That&apos;s what indicates that a Book is checked out <BR>to that Person. So we would use the setPerson() <BR>method of the Book class to do this. ]]></Caption>
</captionObject>
<captionObject>
<Time>59.533333</Time>
<Caption><![CDATA[Now, what if the Book is already checked out to <BR>someone else? Should we still check it out to the <BR>new Person? ]]></Caption>
</captionObject>
<captionObject>
<Time>66.833333</Time>
<Caption><![CDATA[For this example, we&apos;ll decide not to do this. So, <BR>if a Book is already checked out to someone, we <BR>won&apos;t check it out to someone else. ]]></Caption>
</captionObject>
<captionObject>
<Time>74.600000</Time>
<Caption><![CDATA[So we&apos;ll need to test for this in the checkOut() <BR>method.<BR>]]></Caption>
</captionObject>
<captionObject>
<Time>78.000000</Time>
<Caption><![CDATA[OK. So we&apos;ve decided that the checkOut() will fail <BR>if the Book is already checked out. <BR>]]></Caption>
</captionObject>
<captionObject>
<Time>84.900000</Time>
<Caption><![CDATA[Since it might fail, should we let the method that <BR>is calling the checkOut() method know whether or <BR>not the checkOut() succeeded? ]]></Caption>
</captionObject>
<captionObject>
<Time>93.200000</Time>
<Caption><![CDATA[For this example, we&apos;ll say yes. So, let&apos;s write <BR>down the steps we need the checkOut() method to <BR>do:]]></Caption>
</captionObject>
<captionObject>
<Time>102.033333</Time>
<Caption><![CDATA[The first step is to test that this Book is not <BR>already checked out. <BR>]]></Caption>
</captionObject>
<captionObject>
<Time>107.100000</Time>
<Caption><![CDATA[If it is not checked out, we&apos;ll use the <BR>setPerson() method of the Book to assign this <BR>Person to the Book ]]></Caption>
</captionObject>
<captionObject>
<Time>115.700000</Time>
<Caption><![CDATA[and let the calling method know that we succeeded.<BR><BR>]]></Caption>
</captionObject>
<captionObject>
<Time>119.000000</Time>
<Caption><![CDATA[If it is already checked out, then we&apos;ll just let <BR>the calling method know that it didn&apos;t work.<BR>]]></Caption>
</captionObject>
<captionObject>
<Time>126.200000</Time>
<Caption><![CDATA[One common technique for indicating success or <BR>failure in a method is to have the method return a <BR>boolean value. ]]></Caption>
</captionObject>
<captionObject>
<Time>134.100000</Time>
<Caption><![CDATA[If you recall, a boolean value evaluates to either <BR>true or false. <BR>]]></Caption>
</captionObject>
<captionObject>
<Time>138.800000</Time>
<Caption><![CDATA[So true would mean the method worked, false would <BR>mean it didn&apos;t. <BR>]]></Caption>
</captionObject>
<captionObject>
<Time>142.633333</Time>
<Caption><![CDATA[So we&apos;ll have our checkOut() method return a <BR>boolean type of either true or false.<BR>]]></Caption>
</captionObject>
<captionObject>
<Time>148.000000</Time>
<Caption><![CDATA[Now, we&apos;ll also need to know the Book and Person <BR>involved, since we&apos;ll be assigning the Person to <BR>the Book.  ]]></Caption>
</captionObject>
<captionObject>
<Time>155.533333</Time>
<Caption><![CDATA[To do this, we need to have Book and Person as <BR>parameters to the method. So now we know the whole <BR>method signature.]]></Caption>
</captionObject>
<captionObject>
<Time>164.400000</Time>
<Caption><![CDATA[It&apos;s going to return a boolean, and it&apos;s going to <BR>take Book and Person as parameters. <BR>]]></Caption>
</captionObject>
<captionObject>
<Time>171.500000</Time>
<Caption><![CDATA[With this in mind, we&apos;re ready to start our test <BR>method. <BR>]]></Caption>
</captionObject>
<captionObject>
<Time>175.700000</Time>
<Caption><![CDATA[We&apos;ll open up our MyLibraryTest class for editing. <BR>We&apos;ll go to the bottom, and we&apos;ll start entering <BR>the new method.]]></Caption>
</captionObject>
<captionObject>
<Time>188.500000</Time>
<Caption><![CDATA[So this is a public method, it returns void, and <BR>it&apos;s called &quot;testCheckOut()&quot;. <BR>]]></Caption>
</captionObject>
<captionObject>
<Time>196.033333</Time>
<Caption><![CDATA[First, we&apos;ll create our objects using our setup() <BR>method. <BR>]]></Caption>
</captionObject>
<captionObject>
<Time>201.600000</Time>
<Caption><![CDATA[Then we need to add our objects to our lists. So <BR>we&apos;ll add Book b1 to the books list. We&apos;ll add <BR>Book b2 to the books list. ]]></Caption>
</captionObject>
<captionObject>
<Time>211.333333</Time>
<Caption><![CDATA[And then we&apos;ll do the same thing for the people. <BR>We&apos;ll add Person p1 and Person p2. <BR>]]></Caption>
</captionObject>
<captionObject>
<Time>220.833333</Time>
<Caption><![CDATA[If I look here, I&apos;ve got all these red lines. I <BR>can see I left off a semi-colon. <BR>]]></Caption>
</captionObject>
<captionObject>
<Time>226.800000</Time>
<Caption><![CDATA[Next, we&apos;ll enter our first assert statement. This <BR>is a little different -- we&apos;ll talk about it in a <BR>minute. ]]></Caption>
</captionObject>
<captionObject>
<Time>233.233333</Time>
<Caption><![CDATA[It&apos;s assertTrue, but we&apos;re going to put a message <BR>&quot;Book did not check out correctly&quot;, which is a <BR>String, as the first argument. ]]></Caption>
</captionObject>
<captionObject>
<Time>241.900000</Time>
<Caption><![CDATA[Then, in the second argument, we&apos;ll execute our <BR>checkOut() method -- &quot;ml.checkOut(b1, p1)&quot;.  <BR>]]></Caption>
</captionObject>
<captionObject>
<Time>248.500000</Time>
<Caption><![CDATA[So we&apos;re checking out Book b1 to Person p1. Let&apos;s <BR>look at this.  <BR>]]></Caption>
</captionObject>
<captionObject>
<Time>259.800000</Time>
<Caption><![CDATA[First, we have a String as the first argument of <BR>the assertTrue(). This is just a way to put in a <BR>message ]]></Caption>
</captionObject>
<captionObject>
<Time>269.600000</Time>
<Caption><![CDATA[so that, if this test fails, we&apos;ll be able to see <BR>why. In this case, we&apos;re saying &quot;Book did not <BR>check out correctly&quot;. ]]></Caption>
</captionObject>
<captionObject>
<Time>276.700000</Time>
<Caption><![CDATA[So it just gives us a little help in case the test <BR>fails. <BR>]]></Caption>
</captionObject>
<captionObject>
<Time>281.000000</Time>
<Caption><![CDATA[Second, we&apos;re putting the &quot;ml.checkOut()&quot; method <BR>inside the assertTrue(). <BR>]]></Caption>
</captionObject>
<captionObject>
<Time>287.133333</Time>
<Caption><![CDATA[Remember we decided that the checkOut() method <BR>would return a boolean of true or false. <BR>]]></Caption>
</captionObject>
<captionObject>
<Time>292.700000</Time>
<Caption><![CDATA[So by putting this inside the assertTrue(), we&apos;re <BR>doing two things at the same time. First, we&apos;re <BR>executing the method. ]]></Caption>
</captionObject>
<captionObject>
<Time>299.700000</Time>
<Caption><![CDATA[Second, we&apos;re also testing that the method <BR>succeeded and returned a value of true.  <BR>]]></Caption>
</captionObject>
<captionObject>
<Time>306.700000</Time>
<Caption><![CDATA[If we had wanted to, we could have executed the <BR>checkOut() method outside the assertTrue() method <BR>and &quot;thrown away&quot; the return value. ]]></Caption>
</captionObject>
<captionObject>
<Time>314.266667</Time>
<Caption><![CDATA[But, in this case, we were interested in knowing <BR>whether the method suceeded or failed. <BR>]]></Caption>
</captionObject>
<captionObject>
<Time>319.166667</Time>
<Caption><![CDATA[Next, we&apos;ll check that the Book is actually <BR>checked out to Person p1 at this point. <BR>]]></Caption>
</captionObject>
<captionObject>
<Time>324.300000</Time>
<Caption><![CDATA[So we&apos;ll type &quot;assertEquals()&quot;, and we expect <BR>&quot;Fred&quot;, and then we&apos;ll <BR>&quot;getPerson().getName()&quot; from Book b1. ]]></Caption>
</captionObject>
<captionObject>
<Time>341.900000</Time>
<Caption><![CDATA[So up here we checked out Book b1 to &quot;Fred&quot; <BR>(remember Fred is the name of Person p1), <BR>]]></Caption>
</captionObject>
<captionObject>
<Time>350.566667</Time>
<Caption><![CDATA[and then here we&apos;re just saying that, when we get <BR>the Person from the b1 Book, and then get the name <BR>of that Person, it will be &quot;Fred&quot;. ]]></Caption>
</captionObject>
<captionObject>
<Time>360.066667</Time>
<Caption><![CDATA[Now, why are we using the name to compare instead <BR>of just comparing the two book objects? <BR>]]></Caption>
</captionObject>
<captionObject>
<Time>366.300000</Time>
<Caption><![CDATA[If you remember, comparing two objects for <BR>equality in Java can be a little tricky, <BR>]]></Caption>
</captionObject>
<captionObject>
<Time>371.800000</Time>
<Caption><![CDATA[so we&apos;re assuming that everyone on our list will <BR>have a unique name, and then that way we can use <BR>the names to compare. ]]></Caption>
</captionObject>
<captionObject>
<Time>378.866667</Time>
<Caption><![CDATA[At this point, Book b1 is already checked out. If <BR>we try to check it out again, it should fail. So, <BR>we&apos;ll test this as follows:]]></Caption>
</captionObject>
<captionObject>
<Time>389.066667</Time>
<Caption><![CDATA[We&apos;ll enter &quot;assertFalse(&quot;Book was alread checked <BR>out&quot;, and then we&apos;ll try to check it out a second <BR>time. ]]></Caption>
</captionObject>
<captionObject>
<Time>410.266667</Time>
<Caption><![CDATA[So the assertFalse() will succeed if the resulting <BR>value is false. And we&apos;re expecting this to be <BR>false ]]></Caption>
</captionObject>
<captionObject>
<Time>420.800000</Time>
<Caption><![CDATA[because we shouldn&apos;t be able to check out Book b1 <BR>twice. <BR>]]></Caption>
</captionObject>
<captionObject>
<Time>425.933333</Time>
<Caption><![CDATA[At this point, we&apos;ve done a very basic test of the <BR>checkOut() method.  Now, let&apos;s try checking in the <BR>Book, as follows:]]></Caption>
</captionObject>
<captionObject>
<Time>435.300000</Time>
<Caption><![CDATA[We&apos;ll type &quot;assertTrue(&quot;. We&apos;ll put in a message <BR>&quot;Book check in failed&quot;.  <BR>]]></Caption>
</captionObject>
<captionObject>
<Time>446.166667</Time>
<Caption><![CDATA[And then we&apos;re going to check in Book b1. Notice <BR>that for the checkIn() method we are only using <BR>one parameter: Book. ]]></Caption>
</captionObject>
<captionObject>
<Time>459.033333</Time>
<Caption><![CDATA[Why don&apos;t we need Person as a parameter, like we <BR>did with the checkOut() method? <BR>]]></Caption>
</captionObject>
<captionObject>
<Time>463.633333</Time>
<Caption><![CDATA[The answer is that, when we&apos;re checking in a Book, <BR>we don&apos;t need to know who it was checked out to.<BR>]]></Caption>
</captionObject>
<captionObject>
<Time>468.466667</Time>
<Caption><![CDATA[And, if we did, we could get the Person from the <BR>person field of the Book. <BR>]]></Caption>
</captionObject>
<captionObject>
<Time>472.500000</Time>
<Caption><![CDATA[So we don&apos;t need Person in the parameter list for <BR>the checkIn() method.<BR>]]></Caption>
</captionObject>
<captionObject>
<Time>478.233333</Time>
<Caption><![CDATA[Now, we&apos;ll try to check in a Book that wasn&apos;t <BR>checked out and make sure it fails.<BR>]]></Caption>
</captionObject>
<captionObject>
<Time>486.600000</Time>
<Caption><![CDATA[So we&apos;ll do two assert statements. <BR>&quot;assertFalse(&quot; and we&apos;ll say &quot;Book was already <BR>checked in&quot;.]]></Caption>
</captionObject>
<captionObject>
<Time>497.766667</Time>
<Caption><![CDATA[Then we&apos;ll try to check in Book b1 again. So we&apos;re <BR>saying this should fail. <BR>]]></Caption>
</captionObject>
<captionObject>
<Time>505.200000</Time>
<Caption><![CDATA[Then we&apos;ll add a second assertFalse(), which is a <BR>little different. We&apos;ll say &quot;Book was never <BR>checked out&quot;, ]]></Caption>
</captionObject>
<captionObject>
<Time>514.066667</Time>
<Caption><![CDATA[and then we&apos;ll try to check in Book b2. And, <BR>again, it should fail because it was not checked <BR>out. ]]></Caption>
</captionObject>
<captionObject>
<Time>520.400000</Time>
<Caption><![CDATA[At this point, we&apos;re ready to start writing the <BR>two methods in the MyLibrary class. First, let&apos;s <BR>use Quick Fix to create the empty methods.]]></Caption>
</captionObject>
<captionObject>
<Time>529.466667</Time>
<Caption><![CDATA[So we&apos;ll click on checkOut(), Ctrl+1, Create <BR>method, which it did.<BR>]]></Caption>
</captionObject>
<captionObject>
<Time>539.533333</Time>
<Caption><![CDATA[Come back and do the same thing for the checkIn() <BR>method. Ctrl+1, Create method, and again it did.  <BR>]]></Caption>
</captionObject>
<captionObject>
<Time>547.733333</Time>
<Caption><![CDATA[Now, let&apos;s look at the test again and see what we <BR>need to do. <BR>]]></Caption>
</captionObject>
<captionObject>
<Time>556.033333</Time>
<Caption><![CDATA[Looking at the assertEquals(), we need to use the <BR>setPerson() method to set the person field in b1 <BR>to p1. ]]></Caption>
</captionObject>
<captionObject>
<Time>567.633333</Time>
<Caption><![CDATA[However, we only want to do this if the person <BR>field is empty when we start. <BR>]]></Caption>
</captionObject>
<captionObject>
<Time>573.866667</Time>
<Caption><![CDATA[So, we need to check whether the person field is <BR>empty. <BR>]]></Caption>
</captionObject>
<captionObject>
<Time>578.133333</Time>
<Caption><![CDATA[If it is empty, we need to use the setPerson() <BR>method of the Book and return a value of true. <BR>]]></Caption>
</captionObject>
<captionObject>
<Time>583.933333</Time>
<Caption><![CDATA[Otherwise, we just need to return a value of <BR>false.  <BR>]]></Caption>
</captionObject>
<captionObject>
<Time>587.766667</Time>
<Caption><![CDATA[Let&apos;s go to the MyLibrary class and start the <BR>method. We&apos;ll take out the auto-generated code and <BR>start typing. ]]></Caption>
</captionObject>
<captionObject>
<Time>600.866667</Time>
<Caption><![CDATA[The first thing is an &quot;if&quot; statement, and we&apos;ll <BR>talk about this in a minute. <BR>]]></Caption>
</captionObject>
<captionObject>
<Time>604.766667</Time>
<Caption><![CDATA[We&apos;ll say &quot;if the getPerson() is equal to null, <BR>then we&apos;ll setPerson() to p1 and then return <BR>true.&quot; ]]></Caption>
</captionObject>
<captionObject>
<Time>624.166667</Time>
<Caption><![CDATA[Otherwise, which is &quot;else&quot;, we&apos;re going to return <BR>false. <BR>]]></Caption>
</captionObject>
<captionObject>
<Time>631.066667</Time>
<Caption><![CDATA[There are three new things in this method. First, <BR>we have an &quot;if&quot; statement. The syntax is:<BR>]]></Caption>
</captionObject>
<captionObject>
<Time>639.333333</Time>
<Caption><![CDATA[if the expression inside the parentheses is true, <BR>then we do this block of statements inside the <BR>first curly braces. ]]></Caption>
</captionObject>
<captionObject>
<Time>651.800000</Time>
<Caption><![CDATA[So if this evaluates to true, do this section of <BR>code. <BR>]]></Caption>
</captionObject>
<captionObject>
<Time>658.566667</Time>
<Caption><![CDATA[And, if the part in parentheses evaluates to <BR>false, then we do this section of code between <BR>these two curly braces. ]]></Caption>
</captionObject>
<captionObject>
<Time>669.633333</Time>
<Caption><![CDATA[The second new thing is the &quot;==&quot; operator. It&apos;s <BR>very important to notice that this is two equal <BR>signs in a row.  ]]></Caption>
</captionObject>
<captionObject>
<Time>677.966667</Time>
<Caption><![CDATA[So it&apos;s different than the normal &quot;=&quot; operator <BR>we&apos;ve seen before, which SETS one thing equal to <BR>another. ]]></Caption>
</captionObject>
<captionObject>
<Time>684.533333</Time>
<Caption><![CDATA[The &quot;==&quot; TESTS if one thing is equal to another. <BR><BR>]]></Caption>
</captionObject>
<captionObject>
<Time>688.566667</Time>
<Caption><![CDATA[So it is a boolean operator, and it returns true <BR>or false, based on whether the left side and the <BR>right side are equal. ]]></Caption>
</captionObject>
<captionObject>
<Time>696.133333</Time>
<Caption><![CDATA[The third new thing is the reserved word “null”. <BR>Null means that nothing is in the field or <BR>variable. ]]></Caption>
</captionObject>
<captionObject>
<Time>706.266667</Time>
<Caption><![CDATA[So, before we&apos;ve put a Person object in the person <BR>field of the Book, it&apos;s value is &quot;null&quot;. <BR>]]></Caption>
</captionObject>
<captionObject>
<Time>713.933333</Time>
<Caption><![CDATA[So, by saying &quot;getPerson() == null&quot;, we&apos;re saying <BR>there is no reference to a Person object (or any <BR>other object)]]></Caption>
</captionObject>
<captionObject>
<Time>721.066667</Time>
<Caption><![CDATA[in the person field of the Book. So the way we <BR>read this whole expression is: <BR>]]></Caption>
</captionObject>
<captionObject>
<Time>726.500000</Time>
<Caption><![CDATA[If there is nothing in the person field, then set <BR>the person field in b1 to p1 and return true. <BR>Otherwise, return false.  ]]></Caption>
</captionObject>
<captionObject>
<Time>739.933333</Time>
<Caption><![CDATA[Now, the checkIn() method is very similar. Again, <BR>we&apos;ll have an &quot;if&quot; statement.<BR>]]></Caption>
</captionObject>
<captionObject>
<Time>745.533333</Time>
<Caption><![CDATA[&quot;if (b1.getPerson()&quot; and then we&apos;re going to enter <BR>&quot;not equal&quot;, which is &quot;!=&quot;, &quot;null&quot; -- if it&apos;s not <BR>equal to null -- ]]></Caption>
</captionObject>
<captionObject>
<Time>757.900000</Time>
<Caption><![CDATA[we&apos;re going to do &quot;b1.setPerson&quot; to &quot;null&quot;. And <BR>then we&apos;ll return true. Else, we&apos;re going to <BR>return false. ]]></Caption>
</captionObject>
<captionObject>
<Time>778.333333</Time>
<Caption><![CDATA[So we&apos;re saying that, if the Person in Book b1 is <BR>not null (meaning that there is a Person object in <BR>there), ]]></Caption>
</captionObject>
<captionObject>
<Time>789.266667</Time>
<Caption><![CDATA[then set it to &quot;null&quot; and return true. Otherwise, <BR>this book is not already checked out, so we can&apos;t <BR>check it in. So we return false. ]]></Caption>
</captionObject>
<captionObject>
<Time>801.833333</Time>
<Caption><![CDATA[So, now we have our checkOut() and checkIn() <BR>methods written and we&apos;re ready to test them.<BR>]]></Caption>
</captionObject>
<captionObject>
<Time>807.433333</Time>
<Caption><![CDATA[We&apos;ll do that in the next lesson. This is the end <BR>of Lesson 12. I&apos;m Mark Dexter saying so long for <BR>now.]]></Caption>
</captionObject>
<captionObject>
<Time>815.200000</Time>
<Caption><![CDATA[(Closing music ...)<BR><BR>]]></Caption>
</captionObject>
</CloseCaptions_Array>
<NumMetaDataTypes>34</NumMetaDataTypes>
<MetaData_Array>
<MetaData_Object>
<MetaDataType>Creator</MetaDataType>
<MetaDataValue>Mark Dexter</MetaDataValue>
<MetaDataEmbedName>DC.creator</MetaDataEmbedName>
</MetaData_Object>
</MetaData_Array>
<NumFileTypesUsedByProduction>4</NumFileTypesUsedByProduction>
<FileTypesUsed_Array>
<FileTypeUsed_Object>
<FileTypeName>Video</FileTypeName>
</FileTypeUsed_Object>
<FileTypeUsed_Object>
<FileTypeName>HTMLFile</FileTypeName>
</FileTypeUsed_Object>
<FileTypeUsed_Object>
<FileTypeName>EmbededPlayerJS</FileTypeName>
</FileTypeUsed_Object>
<FileTypeUsed_Object>
<FileTypeName>ProductionInfoXML</FileTypeName>
</FileTypeUsed_Object>
</FileTypesUsed_Array>
<NumFilesTotal>4</NumFilesTotal>
<ProducedFiles_Array>
<ProducedFile_Object>
<FileName>C:\Documents and Settings\Mark\My Documents\Camtasia Studio\Total Beginners\output-200711\lesson12\lesson12.swf</FileName>
<FileSize>14736690</FileSize>
<FileType>Video</FileType>
<WhichFilesOfCurType>0</WhichFilesOfCurType>
<TotalFilesOfCurType>1</TotalFilesOfCurType>
</ProducedFile_Object>
<ProducedFile_Object>
<FileName>C:\Documents and Settings\Mark\My Documents\Camtasia Studio\Total Beginners\output-200711\lesson12\lesson12.html</FileName>
<FileSize>0</FileSize>
<FileType>HTMLFile</FileType>
<WhichFilesOfCurType>0</WhichFilesOfCurType>
<TotalFilesOfCurType>1</TotalFilesOfCurType>
</ProducedFile_Object>
<ProducedFile_Object>
<FileName>C:\Documents and Settings\Mark\My Documents\Camtasia Studio\Total Beginners\output-200711\lesson12\swfobject.js</FileName>
<FileSize>0</FileSize>
<FileType>EmbededPlayerJS</FileType>
<WhichFilesOfCurType>0</WhichFilesOfCurType>
<TotalFilesOfCurType>1</TotalFilesOfCurType>
</ProducedFile_Object>
<ProducedFile_Object>
<FileName>C:\Documents and Settings\Mark\My Documents\Camtasia Studio\Total Beginners\output-200711\lesson12\ProductionInfo.xml</FileName>
<FileSize>0</FileSize>
<FileType>ProductionInfoXML</FileType>
<WhichFilesOfCurType>0</WhichFilesOfCurType>
<TotalFilesOfCurType>1</TotalFilesOfCurType>
</ProducedFile_Object>
</ProducedFiles_Array>
<OutputBasePath>C:\Documents and Settings\Mark\My Documents\Camtasia Studio\Total Beginners\output-200711\lesson12\</OutputBasePath>
<ProductionFormat>SWF</ProductionFormat>
<NumVideoSegments>1</NumVideoSegments>
<NumHTMLFiles>1</NumHTMLFiles>
<TotalProductionSize>14736690</TotalProductionSize>
<m_cf_rtRenderRangeStart>-1</m_cf_rtRenderRangeStart>
<m_cf_rtRenderRangeStop>-1</m_cf_rtRenderRangeStop>
<m_cf_strTempDir>C:\DOCUME~1\Mark\LOCALS~1\Temp\</m_cf_strTempDir>
<m_cf_bWritePIPFile>0</m_cf_bWritePIPFile>
<m_cf_bDisablePIPVideo>1</m_cf_bDisablePIPVideo>
<m_cf_bWriteIndex>1</m_cf_bWriteIndex>
<m_cf_bWriteMultipleFiles>0</m_cf_bWriteMultipleFiles>
<m_cf_strHTMLTemplateName>Template.htm</m_cf_strHTMLTemplateName>
<m_cf_HTMLAlignment>1</m_cf_HTMLAlignment>
<m_cf_bSCORMOutput>0</m_cf_bSCORMOutput>
<m_cf_bController>1</m_cf_bController>
<m_cf_bAutoPlay>1</m_cf_bAutoPlay>
<m_cf_bNumberIndexMarkers>0</m_cf_bNumberIndexMarkers>
<m_cf_bShortenIndexNames>1</m_cf_bShortenIndexNames>
<m_cf_nShortenedIndexLength>17</m_cf_nShortenedIndexLength>
<m_cf_bQuizShowFeedback>1</m_cf_bQuizShowFeedback>
<m_cf_bEMailQuizResults>0</m_cf_bEMailQuizResults>
<m_cf_bEMailIncludeScore>0</m_cf_bEMailIncludeScore>
<m_cf_bJavaScriptQuizResults>0</m_cf_bJavaScriptQuizResults>
<m_cf_bHTMLOutput>1</m_cf_bHTMLOutput>
<m_cf_SCORMVersion>0</m_cf_SCORMVersion>
<m_cf_strManifestID>ID-9305653E-3CA3-49D4-8C95-A18B8F0E5D55</m_cf_strManifestID>
<m_cf_strManifestTitle></m_cf_strManifestTitle>
<m_cf_strDuration>0:13:59.01</m_cf_strDuration>
<m_cf_strSubject></m_cf_strSubject>
<m_cf_strManifestDescription></m_cf_strManifestDescription>
<m_cf_strLanguage>en</m_cf_strLanguage>
<m_cf_SCORMPackage>2</m_cf_SCORMPackage>
<m_cf_strSCOTitle></m_cf_strSCOTitle>
<m_cf_ProductionFormat>8</m_cf_ProductionFormat>
<m_cf_strTitle></m_cf_strTitle>
<m_cf_strAuthor>Mark Dexter</m_cf_strAuthor>
<m_cf_strCopyright></m_cf_strCopyright>
<m_cf_strDescription></m_cf_strDescription>
<m_cf_MultiFileOutputStyle>0</m_cf_MultiFileOutputStyle>
<m_cf_strVideoCompressor>Techsmith Screen Capture Codec</m_cf_strVideoCompressor>
<m_cf_bAddCaption>0</m_cf_bAddCaption>
<m_cf_bWriteCCInfo>1</m_cf_bWriteCCInfo>
<m_cf_bOverlayCaption>1</m_cf_bOverlayCaption>
<m_cf_strCaptionFontFamily>Microsoft Sans Serif</m_cf_strCaptionFontFamily>
<m_cf_bAddIPODFileToProduction>0</m_cf_bAddIPODFileToProduction>
<m_cf_bAddMP3FileToProduction>0</m_cf_bAddMP3FileToProduction>
<m_cf_bAddPPTFileToProduction>0</m_cf_bAddPPTFileToProduction>
<m_cf_strPPTFileToAddToProduction></m_cf_strPPTFileToAddToProduction>
<m_cf_bAviEncodeAudio>1</m_cf_bAviEncodeAudio>
<m_cf_AVIFrameRate>10</m_cf_AVIFrameRate>
<m_cf_nKeyFrameRate>30</m_cf_nKeyFrameRate>
<m_cf_PIP_nKeyFrameRate>30</m_cf_PIP_nKeyFrameRate>
<m_cf_PIP_AVIFrameRate>0</m_cf_PIP_AVIFrameRate>
<m_cf_SwfPlaybackControls>0</m_cf_SwfPlaybackControls>
<m_cf_strControllerSkinName>glass</m_cf_strControllerSkinName>
<m_cf_nSwfTargetVersion>7</m_cf_nSwfTargetVersion>
<m_cf_bSwfMatchPreloadMovieSize>0</m_cf_bSwfMatchPreloadMovieSize>
<m_cf_bSwfPauseAtStart>1</m_cf_bSwfPauseAtStart>
<m_cf_bSwfPreloadAdvanced>1</m_cf_bSwfPreloadAdvanced>
<m_cf_bSwfSingleSWF>1</m_cf_bSwfSingleSWF>
<m_cf_nSwfMainMovieLoadPercent>10</m_cf_nSwfMainMovieLoadPercent>
<m_cf_nSwfPreloadMinDisplayTime>3</m_cf_nSwfPreloadMinDisplayTime>
<m_cf_clrSwfControlColor>0x00C0C0C0</m_cf_clrSwfControlColor>
<m_cf_bSwfShowAboutBtn>1</m_cf_bSwfShowAboutBtn>
<m_cf_strSwfAboutBoxTxt>Copyright (c) 2007 Mark Dexter. Licensed under the Educational Community License version 1.0.</m_cf_strSwfAboutBoxTxt>
<m_cf_strSwfAboutBoxInfoTxt></m_cf_strSwfAboutBoxInfoTxt>
<m_cf_strSwfAboutTitle>Total Beginners</m_cf_strSwfAboutTitle>
<m_cf_strSwfStartTxt>Eclipse and Java for Total Beginners</m_cf_strSwfStartTxt>
<m_cf_SwfAboutBoxWidth>336</m_cf_SwfAboutBoxWidth>
<m_cf_SwfAboutBoxHeight>270</m_cf_SwfAboutBoxHeight>
<m_cf_bSwfAboutBoxTabSelected>1</m_cf_bSwfAboutBoxTabSelected>
<m_cf_strSwfTimeDisplayFormat>MM:SS</m_cf_strSwfTimeDisplayFormat>
<m_cf_bSwfCCInitiallyVisible>0</m_cf_bSwfCCInitiallyVisible>
<m_cf_bSwfFullScreen>0</m_cf_bSwfFullScreen>
<m_cf_bSwfAllowResizing>1</m_cf_bSwfAllowResizing>
<m_cf_nSwfVolueme>50</m_cf_nSwfVolueme>
<m_cf_bSwfBrandContextMenu>0</m_cf_bSwfBrandContextMenu>
<m_cf_SwfTOCType>1</m_cf_SwfTOCType>
<m_cf_SwfTOCTitle></m_cf_SwfTOCTitle>
<m_cf_bSwfShowMovieDuration>1</m_cf_bSwfShowMovieDuration>
<m_cf_bSwfShowTimeElapsed>1</m_cf_bSwfShowTimeElapsed>
<m_cf_strSwfTimeFont>Arial</m_cf_strSwfTimeFont>
<m_cf_clrSwfTimeFontColor>0x00000000</m_cf_clrSwfTimeFontColor>
<m_cf_SwfEndAction>0</m_cf_SwfEndAction>
<m_cf_strSwfEndActionUrl>http://</m_cf_strSwfEndActionUrl>
<m_cf_nSwfEndActionTarget>0</m_cf_nSwfEndActionTarget>
<m_cf_bPauseAfterJump>1</m_cf_bPauseAfterJump>
<m_cf_rtJumpPoint>0</m_cf_rtJumpPoint>
<m_cf_strSwfStartLogo></m_cf_strSwfStartLogo>
<m_cf_strSwfEndLogo>EndLogo</m_cf_strSwfEndLogo>
<m_cf_strSwfAboutLogo></m_cf_strSwfAboutLogo>
<m_cf_strSwfAboutTitleLogo></m_cf_strSwfAboutTitleLogo>
<m_cf_strSwfTocLogo></m_cf_strSwfTocLogo>
</Production_Data>
