﻿<?xml version="1.0" encoding="UTF-8" ?><Production_Data Version="5.00"><HTMLTemplateFile>Template.htm</HTMLTemplateFile>
<HTMLTemplateBodyFile>expressShow\SSWFTemplate-body.htm</HTMLTemplateBodyFile>
<HTMLTemplateHeaderFile>expressShow\SSWFTemplate-header.htm</HTMLTemplateHeaderFile>
<VideoFilenameWithPath>C:\Documents and Settings\Mark\My Documents\Camtasia Studio\Total Beginners\output-200711\lesson14\lesson14.swf</VideoFilenameWithPath>
<AddIPodFileSize>0 bytes</AddIPodFileSize>
<AddMP3FileSize>0 bytes</AddMP3FileSize>
<AddPPTFileSize>0 bytes</AddPPTFileSize>
<ProjectName>lesson14</ProjectName>
<MediaDir></MediaDir>
<ShouldCreateMediaDir>0</ShouldCreateMediaDir>
<MaxTimelineWidth>800</MaxTimelineWidth>
<MaxTimelineHeight>600</MaxTimelineHeight>
<MaxTimelineFPS>15.00</MaxTimelineFPS>
<MaxVideoWidth>800</MaxVideoWidth>
<MaxVideoHeight>600</MaxVideoHeight>
<MaxVideoFPS>15.00</MaxVideoFPS>
<MaxPIPWidth>0</MaxPIPWidth>
<MaxPIPHeight>0</MaxPIPHeight>
<MaxPIPFPS>0.00</MaxPIPFPS>
<VideoDuration>758.23</VideoDuration>
<PIPVideoDuration>758.07</PIPVideoDuration>
<VideoFPS>30.00</VideoFPS>
<PIPVideoFPS>30.00</PIPVideoFPS>
<VideoWidth>800</VideoWidth>
<VideoHeight>618</VideoHeight>
<ActualVideoWidth>800</ActualVideoWidth>
<ActualVideoHeight>600</ActualVideoHeight>
<PIPVideoWidth>160</PIPVideoWidth>
<PIPVideoHeight>120</PIPVideoHeight>
<TOCWidth>-1</TOCWidth>
<MinTOCWidth>160</MinTOCWidth>
<TOCDividerHeight>18</TOCDividerHeight>
<TimelineHasAudio>1</TimelineHasAudio>
<TimelineDuration>7582333333</TimelineDuration>
<SWFControllerTotalHeight>18</SWFControllerTotalHeight>
<SWFMinWidth>320</SWFMinWidth>
<SWFTOCXPos>0</SWFTOCXPos>
<SWFTOCYPos>0</SWFTOCYPos>
<SWFTOCWidth>160</SWFTOCWidth>
<SWFTOCHeight>600</SWFTOCHeight>
<SWFHasPIPOverlay>0</SWFHasPIPOverlay>
<SWFControllerColor></SWFControllerColor>
<SWFTimeDispFontColor>0x000000</SWFTimeDispFontColor>
<SWFPlaybackConfigFileName>lesson14_config.xml</SWFPlaybackConfigFileName>
<SWFPlaybackControllerFileName>lesson14_controller.swf</SWFPlaybackControllerFileName>
<SWFPreloaderFileName></SWFPreloaderFileName>
<StripWhitespace>0</StripWhitespace>
<WritingImages>0</WritingImages>
<WritePreviewXML>0</WritePreviewXML>
<DisableTOC>0</DisableTOC>
<AutoPlay>0</AutoPlay>
<CancelledProduction>0</CancelledProduction>
<CancelledProdLength>7582000000</CancelledProdLength>
<Hotspot_Array>
<Hotspot_Array_Object>
               <array>
               <hotspot>
               </hotspot>
               <hotspot>
               </hotspot>
               <hotspot>
               </hotspot>
               <hotspot>
               </hotspot>
               <hotspot>
               </hotspot>
               <hotspot>
               </hotspot>
               <hotspot>
               </hotspot>
               <hotspot>
               </hotspot>
               <hotspot>
               </hotspot>
               <hotspot>
               </hotspot>
               <hotspot>
               </hotspot>
               <hotspot>
               </hotspot>
               </array>
</Hotspot_Array_Object>
</Hotspot_Array>
<AdjGlobalRenderRangeStart>-1</AdjGlobalRenderRangeStart>
<AdjGlobalRenderRangeStop>-1</AdjGlobalRenderRangeStop>
<AdjRenderRange_Array>
<AdjRenderRange_Obj>
<AdjRenderRangeStart>0</AdjRenderRangeStart>
<AdjRenderRangeStop>241666667</AdjRenderRangeStop>
</AdjRenderRange_Obj>
<AdjRenderRange_Obj>
<AdjRenderRangeStart>241666667</AdjRenderRangeStart>
<AdjRenderRangeStop>694000000</AdjRenderRangeStop>
</AdjRenderRange_Obj>
<AdjRenderRange_Obj>
<AdjRenderRangeStart>694000000</AdjRenderRangeStart>
<AdjRenderRangeStop>2510666667</AdjRenderRangeStop>
</AdjRenderRange_Obj>
<AdjRenderRange_Obj>
<AdjRenderRangeStart>2510666667</AdjRenderRangeStart>
<AdjRenderRangeStop>2903000000</AdjRenderRangeStop>
</AdjRenderRange_Obj>
<AdjRenderRange_Obj>
<AdjRenderRangeStart>2903000000</AdjRenderRangeStart>
<AdjRenderRangeStop>4022666667</AdjRenderRangeStop>
</AdjRenderRange_Obj>
<AdjRenderRange_Obj>
<AdjRenderRangeStart>4022666667</AdjRenderRangeStart>
<AdjRenderRangeStop>4701000000</AdjRenderRangeStop>
</AdjRenderRange_Obj>
<AdjRenderRange_Obj>
<AdjRenderRangeStart>4701000000</AdjRenderRangeStart>
<AdjRenderRangeStop>5697000000</AdjRenderRangeStop>
</AdjRenderRange_Obj>
<AdjRenderRange_Obj>
<AdjRenderRangeStart>5697000000</AdjRenderRangeStart>
<AdjRenderRangeStop>6978666667</AdjRenderRangeStop>
</AdjRenderRange_Obj>
<AdjRenderRange_Obj>
<AdjRenderRangeStart>6978666667</AdjRenderRangeStart>
<AdjRenderRangeStop>7582333333</AdjRenderRangeStop>
</AdjRenderRange_Obj>
</AdjRenderRange_Array>
<AdjMarkerDuration_Array>
<AdjMarkerDuration_Obj>
<AdjMarkerDuration>241666667</AdjMarkerDuration>
</AdjMarkerDuration_Obj>
<AdjMarkerDuration_Obj>
<AdjMarkerDuration>452333333</AdjMarkerDuration>
</AdjMarkerDuration_Obj>
<AdjMarkerDuration_Obj>
<AdjMarkerDuration>1816666667</AdjMarkerDuration>
</AdjMarkerDuration_Obj>
<AdjMarkerDuration_Obj>
<AdjMarkerDuration>392333333</AdjMarkerDuration>
</AdjMarkerDuration_Obj>
<AdjMarkerDuration_Obj>
<AdjMarkerDuration>1119666667</AdjMarkerDuration>
</AdjMarkerDuration_Obj>
<AdjMarkerDuration_Obj>
<AdjMarkerDuration>678333333</AdjMarkerDuration>
</AdjMarkerDuration_Obj>
<AdjMarkerDuration_Obj>
<AdjMarkerDuration>996000000</AdjMarkerDuration>
</AdjMarkerDuration_Obj>
<AdjMarkerDuration_Obj>
<AdjMarkerDuration>1281666667</AdjMarkerDuration>
</AdjMarkerDuration_Obj>
<AdjMarkerDuration_Obj>
<AdjMarkerDuration>603666667</AdjMarkerDuration>
</AdjMarkerDuration_Obj>
</AdjMarkerDuration_Array>
<AdjMarkerTimes_Array>
<AdjMarkerTime_Obj>
<AdjMarkerTime>0</AdjMarkerTime>
</AdjMarkerTime_Obj>
<AdjMarkerTime_Obj>
<AdjMarkerTime>241666667</AdjMarkerTime>
</AdjMarkerTime_Obj>
<AdjMarkerTime_Obj>
<AdjMarkerTime>694000000</AdjMarkerTime>
</AdjMarkerTime_Obj>
<AdjMarkerTime_Obj>
<AdjMarkerTime>2510666667</AdjMarkerTime>
</AdjMarkerTime_Obj>
<AdjMarkerTime_Obj>
<AdjMarkerTime>2903000000</AdjMarkerTime>
</AdjMarkerTime_Obj>
<AdjMarkerTime_Obj>
<AdjMarkerTime>4022666667</AdjMarkerTime>
</AdjMarkerTime_Obj>
<AdjMarkerTime_Obj>
<AdjMarkerTime>4701000000</AdjMarkerTime>
</AdjMarkerTime_Obj>
<AdjMarkerTime_Obj>
<AdjMarkerTime>5697000000</AdjMarkerTime>
</AdjMarkerTime_Obj>
<AdjMarkerTime_Obj>
<AdjMarkerTime>6978666667</AdjMarkerTime>
</AdjMarkerTime_Obj>
</AdjMarkerTimes_Array>
<HasQuizQuestions>0</HasQuizQuestions>
<m_strQuizQuestionOfString>Question @ of @</m_strQuizQuestionOfString>
<m_strQuizPrevString>Prev</m_strQuizPrevString>
<m_strQuizSubmitString>Submit</m_strQuizSubmitString>
<m_strQuizNextString>Next</m_strQuizNextString>
<m_strQuizDoneString>Done</m_strQuizDoneString>
<m_strQuizPreviewString>Preview</m_strQuizPreviewString>
<m_strQuizSendString>Send</m_strQuizSendString>
<m_strQuizMainMessageString>You have reached the end of the questions and this video. Your answers are ready to be sent.</m_strQuizMainMessageString>
<m_strQuizEmailContentsString>E-mail Contents</m_strQuizEmailContentsString>
<m_strQuizEmailToString>E-mail to </m_strQuizEmailToString>
<m_strQuizAnswersSentString>Your answers have been sent.</m_strQuizAnswersSentString>
<m_strQuizSummaryString>You have completed @ of @ questions.</m_strQuizSummaryString>
<m_strQuizScoreString>Score = @/@</m_strQuizScoreString>
<m_strQuizSummaryTitleString>Answers Summary</m_strQuizSummaryTitleString>
<Quiz_Array>
</Quiz_Array>
<Markers_Array>
<Marker_Object>
<MarkerName>Introduction</MarkerName>
<MarkerImage></MarkerImage>
<MarkerTime>0</MarkerTime>
<IndentLevel>0</IndentLevel>
<ShouldIgnore>0</ShouldIgnore>
</Marker_Object>
<Marker_Object>
<MarkerName>getBooksForPerson() Method</MarkerName>
<MarkerImage></MarkerImage>
<MarkerTime>241666667</MarkerTime>
<IndentLevel>0</IndentLevel>
<ShouldIgnore>0</ShouldIgnore>
</Marker_Object>
<Marker_Object>
<MarkerName>&quot;for each&quot; Loop</MarkerName>
<MarkerImage></MarkerImage>
<MarkerTime>694000000</MarkerTime>
<IndentLevel>0</IndentLevel>
<ShouldIgnore>0</ShouldIgnore>
</Marker_Object>
<Marker_Object>
<MarkerName>if Statement</MarkerName>
<MarkerImage></MarkerImage>
<MarkerTime>2510666667</MarkerTime>
<IndentLevel>0</IndentLevel>
<ShouldIgnore>0</ShouldIgnore>
</Marker_Object>
<Marker_Object>
<MarkerName>String .equals() Method</MarkerName>
<MarkerImage></MarkerImage>
<MarkerTime>2903000000</MarkerTime>
<IndentLevel>0</IndentLevel>
<ShouldIgnore>0</ShouldIgnore>
</Marker_Object>
<Marker_Object>
<MarkerName>Test for Null Object</MarkerName>
<MarkerImage></MarkerImage>
<MarkerTime>4022666667</MarkerTime>
<IndentLevel>0</IndentLevel>
<ShouldIgnore>0</ShouldIgnore>
</Marker_Object>
<Marker_Object>
<MarkerName>NullPointerException</MarkerName>
<MarkerImage></MarkerImage>
<MarkerTime>4701000000</MarkerTime>
<IndentLevel>0</IndentLevel>
<ShouldIgnore>0</ShouldIgnore>
</Marker_Object>
<Marker_Object>
<MarkerName>Finish checkOut() Method</MarkerName>
<MarkerImage></MarkerImage>
<MarkerTime>5697000000</MarkerTime>
<IndentLevel>0</IndentLevel>
<ShouldIgnore>0</ShouldIgnore>
</Marker_Object>
<Marker_Object>
<MarkerName>Add MyLibraryTest to AllTests</MarkerName>
<MarkerImage></MarkerImage>
<MarkerTime>6978666667</MarkerTime>
<IndentLevel>0</IndentLevel>
<ShouldIgnore>0</ShouldIgnore>
</Marker_Object>
</Markers_Array>
<CaptionPlayerXML_Array>
<Caption_Array_Object>
<CaptionXML>   <array>
      <captionObject>
         <Time>0.000000</Time>
         <Caption><![CDATA[(Opening music ...)<BR><BR>]]></Caption>
      </captionObject>
      <captionObject>
         <Time>9.800000</Time>
         <Caption><![CDATA[Hello again. Welcome back to Eclipse and Java for <BR>Total Beginners. <BR>]]></Caption>
      </captionObject>
      <captionObject>
         <Time>14.700000</Time>
         <Caption><![CDATA[In this lesson, we&apos;re going to continue working on <BR>our methods in the MyLibrary class.<BR>]]></Caption>
      </captionObject>
      <captionObject>
         <Time>19.600000</Time>
         <Caption><![CDATA[In the last lesson, we wrote the test method for <BR>the getBooksForPerson() method. <BR>]]></Caption>
      </captionObject>
      <captionObject>
         <Time>24.233333</Time>
         <Caption><![CDATA[So now we&apos;re ready to write the actual method. <BR>Here we&apos;ve picked up where we left off in the last <BR>lesson.]]></Caption>
      </captionObject>
      <captionObject>
         <Time>32.200000</Time>
         <Caption><![CDATA[We&apos;ve got the MyLibrary class open for editing, <BR>]]></Caption>
      </captionObject>
      <captionObject>
         <Time>35.166667</Time>
         <Caption><![CDATA[and we&apos;ll work on completing the <BR>getBooksForPerson() method that was auto-generated <BR>by Quick Fix.]]></Caption>
      </captionObject>
      <captionObject>
         <Time>43.700000</Time>
         <Caption><![CDATA[First, we&apos;ll delete the auto-generated code. We&apos;ll <BR>create more space.<BR>]]></Caption>
      </captionObject>
      <captionObject>
         <Time>53.200000</Time>
         <Caption><![CDATA[Then, the first line creates a new ArrayList of <BR>type Book called result. <BR>]]></Caption>
      </captionObject>
      <captionObject>
         <Time>62.600000</Time>
         <Caption><![CDATA[This will hold the result of this method, since <BR>we&apos;re returning an ArrayList&lt;Book&gt;. <BR>]]></Caption>
      </captionObject>
      <captionObject>
         <Time>69.400000</Time>
         <Caption><![CDATA[The next line is a “for” loop. We&apos;ll type the word <BR>“for”, then hit Ctrl+Space, and select “foreach <BR>...”. ]]></Caption>
      </captionObject>
      <captionObject>
         <Time>79.600000</Time>
         <Caption><![CDATA[We&apos;ll explain what this loop does as we go. So <BR>we&apos;ll type “for (Book”, and we&apos;ll call our local <BR>variable “aBook”.]]></Caption>
      </captionObject>
      <captionObject>
         <Time>89.100000</Time>
         <Caption><![CDATA[Then, after the colon (:), we enter the list we&apos;re <BR>going to iterate through – in this case, <BR>“this.getBooks()”. ]]></Caption>
      </captionObject>
      <captionObject>
         <Time>95.400000</Time>
         <Caption><![CDATA[So the way to read this is “for each Book aBook in <BR>the list this.getBooks() ...”. <BR>]]></Caption>
      </captionObject>
      <captionObject>
         <Time>104.500000</Time>
         <Caption><![CDATA[And then, for each one of these books, we&apos;ll <BR>execute the block of code between the curly <BR>braces. ]]></Caption>
      </captionObject>
      <captionObject>
         <Time>113.200000</Time>
         <Caption><![CDATA[We continue “if”, and then we&apos;ll enter two sets of <BR>parentheses (because there will be two <BR>conditions), ]]></Caption>
      </captionObject>
      <captionObject>
         <Time>118.800000</Time>
         <Caption><![CDATA[“aBook.getPerson() is not equal to null”, <BR>(remember not equal is “!=”)<BR>]]></Caption>
      </captionObject>
      <captionObject>
         <Time>127.700000</Time>
         <Caption><![CDATA[then “and”, which is “&amp;&amp;”, and then we do another <BR>set of parentheses, <BR>]]></Caption>
      </captionObject>
      <captionObject>
         <Time>135.500000</Time>
         <Caption><![CDATA[“aBook.getPerson().getName().equals()”, and then <BR>inside the parentheses, “p1.getName()”. <BR>]]></Caption>
      </captionObject>
      <captionObject>
         <Time>156.100000</Time>
         <Caption><![CDATA[Then we&apos;ll move this down so we can see it better.<BR> <BR>]]></Caption>
      </captionObject>
      <captionObject>
         <Time>159.900000</Time>
         <Caption><![CDATA[So, if both of these things are true, we&apos;re going <BR>to execute the code inside the curly braces, <BR>]]></Caption>
      </captionObject>
      <captionObject>
         <Time>165.000000</Time>
         <Caption><![CDATA[which is just “result.add(aBook);”, just add <BR>“aBook” to the result list.<BR>]]></Caption>
      </captionObject>
      <captionObject>
         <Time>171.100000</Time>
         <Caption><![CDATA[<BR>Then we&apos;re going to carefully move outside the <BR>“for” loop, and return our “result” variable. ]]></Caption>
      </captionObject>
      <captionObject>
         <Time>180.400000</Time>
         <Caption><![CDATA[We&apos;ll move this up to make it easier to see, and <BR>then we&apos;ll save. <BR>]]></Caption>
      </captionObject>
      <captionObject>
         <Time>185.000000</Time>
         <Caption><![CDATA[In this method, we&apos;re using our first “for” loop. <BR>Basically, it works as follows.<BR>]]></Caption>
      </captionObject>
      <captionObject>
         <Time>192.700000</Time>
         <Caption><![CDATA[For each Book “aBook” -- “aBook” is a local <BR>variable – <BR>]]></Caption>
      </captionObject>
      <captionObject>
         <Time>198.500000</Time>
         <Caption><![CDATA[in the list returned by the “this.getBooks()” <BR>method – which returns an ArrayList of Book <BR>objects,  ]]></Caption>
      </captionObject>
      <captionObject>
         <Time>205.000000</Time>
         <Caption><![CDATA[So, for each Book in the list, then do this block <BR>of code between the opening and closing curly <BR>braces. ]]></Caption>
      </captionObject>
      <captionObject>
         <Time>214.100000</Time>
         <Caption><![CDATA[In our case, just execute this “if” statement. <BR><BR>]]></Caption>
      </captionObject>
      <captionObject>
         <Time>217.800000</Time>
         <Caption><![CDATA[Another way of saying this that we start by taking <BR>the first Book off this list and putting in our <BR>local variable “aBook”. ]]></Caption>
      </captionObject>
      <captionObject>
         <Time>225.700000</Time>
         <Caption><![CDATA[Then we do the statement block. Then we see if <BR>there is another Book in the list. If so, then <BR>we&apos;ll repeat the process, ]]></Caption>
      </captionObject>
      <captionObject>
         <Time>233.900000</Time>
         <Caption><![CDATA[and we&apos;ll continue repeating this statement block <BR>for each Book in the list until there are no more <BR>books in the list. ]]></Caption>
      </captionObject>
      <captionObject>
         <Time>242.100000</Time>
         <Caption><![CDATA[This is called a “for each” loop, and it&apos;s a very <BR>convenient way of processing each element inside a <BR>list.  ]]></Caption>
      </captionObject>
      <captionObject>
         <Time>251.066667</Time>
         <Caption><![CDATA[Next, notice that this “if” statement has two <BR>parts to it, connected by this “&amp;&amp;” sign. <BR>]]></Caption>
      </captionObject>
      <captionObject>
         <Time>258.600000</Time>
         <Caption><![CDATA[So it has two different conditions that must be <BR>true in order for this statement block to be <BR>executed. ]]></Caption>
      </captionObject>
      <captionObject>
         <Time>267.000000</Time>
         <Caption><![CDATA[The first condition is that there must be a Person <BR>in the person field of the Book. So it can&apos;t be <BR>null – it&apos;s not equal to null. ]]></Caption>
      </captionObject>
      <captionObject>
         <Time>276.400000</Time>
         <Caption><![CDATA[And, the second condition is, the name of the <BR>Person (so the aBook.getPerson().getName() method) <BR>equals the name of Person p1. ]]></Caption>
      </captionObject>
      <captionObject>
         <Time>290.300000</Time>
         <Caption><![CDATA[Now it is important to notice how we are checking <BR>whether the names are equal. <BR>]]></Caption>
      </captionObject>
      <captionObject>
         <Time>295.100000</Time>
         <Caption><![CDATA[We are using the “.equals()” method of the String <BR>“getName(). <BR>]]></Caption>
      </captionObject>
      <captionObject>
         <Time>300.800000</Time>
         <Caption><![CDATA[Why are we using the “.equals()” method instead of <BR>the “==” we&apos;ve seen in an earlier “if” statement?<BR>]]></Caption>
      </captionObject>
      <captionObject>
         <Time>310.100000</Time>
         <Caption><![CDATA[The answer is that Strings in Java are objects. <BR>They are not primitive types (like int, char, or <BR>boolean). ]]></Caption>
      </captionObject>
      <captionObject>
         <Time>322.000000</Time>
         <Caption><![CDATA[As a general rule in Java, whenever we want to <BR>compare objects to see if they are equal, <BR>]]></Caption>
      </captionObject>
      <captionObject>
         <Time>328.300000</Time>
         <Caption><![CDATA[we use the object&apos;s “.equals()” method. We don&apos;t <BR>use “==”. <BR>]]></Caption>
      </captionObject>
      <captionObject>
         <Time>336.100000</Time>
         <Caption><![CDATA[So, for now, just remember that when you want to <BR>compare two Strings to see if they are equal, use <BR>the “.equals()” method, not the “==”.  ]]></Caption>
      </captionObject>
      <captionObject>
         <Time>346.300000</Time>
         <Caption><![CDATA[Finally, we need to be very careful about where <BR>this “return” statement. <BR>]]></Caption>
      </captionObject>
      <captionObject>
         <Time>351.500000</Time>
         <Caption><![CDATA[Remember that this curly brace is the closing <BR>curly brace for the “for” loop, and we don&apos;t want <BR>to do the “return” statement inside the loop. ]]></Caption>
      </captionObject>
      <captionObject>
         <Time>361.300000</Time>
         <Caption><![CDATA[We only want to do one “return” statement, when <BR>the “for” loop is completed.<BR>]]></Caption>
      </captionObject>
      <captionObject>
         <Time>365.600000</Time>
         <Caption><![CDATA[So we need to put it after the closing curly brace <BR>of the “for” loop, and of course before the <BR>closing curly brace of the method. ]]></Caption>
      </captionObject>
      <captionObject>
         <Time>376.000000</Time>
         <Caption><![CDATA[So we put it right here.<BR><BR>]]></Caption>
      </captionObject>
      <captionObject>
         <Time>380.200000</Time>
         <Caption><![CDATA[Next, let&apos;s run our test and see what happens. So <BR>we&apos;ll go back over to the MyLibraryTest. Run / Run <BR>As / JUnit Test, ]]></Caption>
      </captionObject>
      <captionObject>
         <Time>391.200000</Time>
         <Caption><![CDATA[and we can see that the testCheckOut failed, which <BR>is what we expect since we haven&apos;t finished that <BR>method yet. ]]></Caption>
      </captionObject>
      <captionObject>
         <Time>398.300000</Time>
         <Caption><![CDATA[But our testGetBooksForPerson method succeeds. <BR><BR>]]></Caption>
      </captionObject>
      <captionObject>
         <Time>402.266667</Time>
         <Caption><![CDATA[Now, let&apos;s look at the getBooksForPerson() method <BR>one more time, specifically at the “if” statement.  <BR>]]></Caption>
      </captionObject>
      <captionObject>
         <Time>410.500000</Time>
         <Caption><![CDATA[The first part of this “if” statement is to make <BR>sure that the getPerson() is not null. <BR>]]></Caption>
      </captionObject>
      <captionObject>
         <Time>417.600000</Time>
         <Caption><![CDATA[In other words, to make sure that there is a <BR>Person object in the person field of our Book.<BR>]]></Caption>
      </captionObject>
      <captionObject>
         <Time>424.500000</Time>
         <Caption><![CDATA[Now, why did we need this test? <BR><BR>]]></Caption>
      </captionObject>
      <captionObject>
         <Time>427.200000</Time>
         <Caption><![CDATA[The best way to answer this is to go ahead and <BR>change this “if” statement and remove this test, <BR>and then run the test again.]]></Caption>
      </captionObject>
      <captionObject>
         <Time>436.000000</Time>
         <Caption><![CDATA[So we&apos;ll comment this “if” statement out, by using <BR>the Ctrl+/, <BR>]]></Caption>
      </captionObject>
      <captionObject>
         <Time>442.100000</Time>
         <Caption><![CDATA[and then we&apos;ll put in a new “if” statement, which <BR>is just the second part of this test. <BR>]]></Caption>
      </captionObject>
      <captionObject>
         <Time>451.500000</Time>
         <Caption><![CDATA[So we&apos;ll select the second part of the “if” <BR>statement, being careful about the parentheses, <BR>]]></Caption>
      </captionObject>
      <captionObject>
         <Time>457.500000</Time>
         <Caption><![CDATA[copy and paste, get rid of the comment, and then <BR>we&apos;ll save. <BR>]]></Caption>
      </captionObject>
      <captionObject>
         <Time>463.200000</Time>
         <Caption><![CDATA[We&apos;ll go back to MyLibraryTest and run the test <BR>again. <BR>]]></Caption>
      </captionObject>
      <captionObject>
         <Time>470.100000</Time>
         <Caption><![CDATA[Not only did the test fail, but we got a runtime <BR>error. And, if we look, we can see it&apos;s a <BR>“NullPointerException”. ]]></Caption>
      </captionObject>
      <captionObject>
         <Time>480.500000</Time>
         <Caption><![CDATA[The NullPointerException is a common Java error <BR>you get when you try to run a method or otherwise <BR>try to do something with a null object. ]]></Caption>
      </captionObject>
      <captionObject>
         <Time>491.500000</Time>
         <Caption><![CDATA[If an object is null, we can&apos;t execute any of it&apos;s <BR>methods. If we try to, we get this error. <BR>]]></Caption>
      </captionObject>
      <captionObject>
         <Time>498.300000</Time>
         <Caption><![CDATA[We can avoid the error if we test for the null <BR>value before trying to execute the getName() <BR>method.]]></Caption>
      </captionObject>
      <captionObject>
         <Time>506.300000</Time>
         <Caption><![CDATA[Now let&apos;s go back and fix the getBooksForPerson() <BR>method. <BR>]]></Caption>
      </captionObject>
      <captionObject>
         <Time>511.500000</Time>
         <Caption><![CDATA[Before we do, let&apos;s see exactly where the <BR>NullPointerException came from. <BR>]]></Caption>
      </captionObject>
      <captionObject>
         <Time>517.600000</Time>
         <Caption><![CDATA[We are looping through all of the books in the <BR>MyLibrary object. <BR>]]></Caption>
      </captionObject>
      <captionObject>
         <Time>521.000000</Time>
         <Caption><![CDATA[The first Book that is not checked out to someone <BR>will have a null person field, so the getPerson() <BR>method will return a null value.]]></Caption>
      </captionObject>
      <captionObject>
         <Time>529.900000</Time>
         <Caption><![CDATA[Without the test to see if the getPerson() is <BR>null, <BR>]]></Caption>
      </captionObject>
      <captionObject>
         <Time>534.300000</Time>
         <Caption><![CDATA[we are trying to execute the getName() method on a <BR>null object reference – hence the <BR>NullPointerException.]]></Caption>
      </captionObject>
      <captionObject>
         <Time>543.200000</Time>
         <Caption><![CDATA[Next, let&apos;s fix this up. We&apos;ll delete the “if” <BR>statement we added and then we&apos;ll highlight these <BR>lines, hit Ctrl+/ to uncomment.]]></Caption>
      </captionObject>
      <captionObject>
         <Time>551.000000</Time>
         <Caption><![CDATA[We&apos;ll save and go back to MyLibraryTest. We&apos;ll re-<BR>run the test ...<BR>]]></Caption>
      </captionObject>
      <captionObject>
         <Time>564.700000</Time>
         <Caption><![CDATA[and this time the testGetBooksForPerson method <BR>succeeds.<BR>]]></Caption>
      </captionObject>
      <captionObject>
         <Time>569.700000</Time>
         <Caption><![CDATA[Now that we have a working getBooksForPerson() <BR>method, we can finish our checkOut() method.<BR>]]></Caption>
      </captionObject>
      <captionObject>
         <Time>577.400000</Time>
         <Caption><![CDATA[We&apos;ll minimize this. Let&apos;s go to the Package <BR>Explorer, open up the MyLibrary class. <BR>]]></Caption>
      </captionObject>
      <captionObject>
         <Time>589.900000</Time>
         <Caption><![CDATA[We can go right to the checkOut() method by <BR>double-clicking. <BR>]]></Caption>
      </captionObject>
      <captionObject>
         <Time>595.000000</Time>
         <Caption><![CDATA[Now the first line we&apos;ll add is “int booksOut = <BR>this.getBooksForPerson(p1).size();”. <BR>]]></Caption>
      </captionObject>
      <captionObject>
         <Time>608.400000</Time>
         <Caption><![CDATA[This line sets the local variable booksOut to the <BR>number of books that Person p1 has out. <BR>]]></Caption>
      </captionObject>
      <captionObject>
         <Time>615.300000</Time>
         <Caption><![CDATA[And the way we do that is by using our new <BR>getBooksForPerson() method, which returns a list <BR>of the books that Person p1 has out, ]]></Caption>
      </captionObject>
      <captionObject>
         <Time>624.100000</Time>
         <Caption><![CDATA[and using the size() method on that list to get <BR>the count. <BR>]]></Caption>
      </captionObject>
      <captionObject>
         <Time>630.300000</Time>
         <Caption><![CDATA[Now we will need to add a second test inside our <BR>“if” statement. <BR>]]></Caption>
      </captionObject>
      <captionObject>
         <Time>634.500000</Time>
         <Caption><![CDATA[To make the code more readable, we&apos;ll surround the <BR>entire “if” test with an outer set of parentheses, <BR>]]></Caption>
      </captionObject>
      <captionObject>
         <Time>639.600000</Time>
         <Caption><![CDATA[and then put the second “if” test inside it&apos;s own <BR>parentheses. <BR>]]></Caption>
      </captionObject>
      <captionObject>
         <Time>645.100000</Time>
         <Caption><![CDATA[Next, we do our “and” statement – the “&amp;&amp;” -- and <BR>then we hit the “(“.<BR>]]></Caption>
      </captionObject>
      <captionObject>
         <Time>650.100000</Time>
         <Caption><![CDATA[Notice that Eclipse puts in the “)” for us, which <BR>helps us keep our parentheses matched up. <BR>]]></Caption>
      </captionObject>
      <captionObject>
         <Time>657.900000</Time>
         <Caption><![CDATA[Now we type the second part of our test, which is <BR>just &quot;booksOut &lt; p1.getMaximumBooks()&quot;. <BR>]]></Caption>
      </captionObject>
      <captionObject>
         <Time>666.300000</Time>
         <Caption><![CDATA[And we save and make sure we compile cleanly.<BR> <BR>]]></Caption>
      </captionObject>
      <captionObject>
         <Time>671.400000</Time>
         <Caption><![CDATA[So, to quickly review, in this line we&apos;re <BR>calculating how many books the Person already has <BR>out. ]]></Caption>
      </captionObject>
      <captionObject>
         <Time>677.800000</Time>
         <Caption><![CDATA[And then here we&apos;re adding the test to make sure <BR>that the “booksOut” is less than what this Person <BR>is allowed. ]]></Caption>
      </captionObject>
      <captionObject>
         <Time>687.600000</Time>
         <Caption><![CDATA[So now let&apos;s go back and re-run our test. <BR><BR>]]></Caption>
      </captionObject>
      <captionObject>
         <Time>694.200000</Time>
         <Caption><![CDATA[And everything works. <BR><BR>]]></Caption>
      </captionObject>
      <captionObject>
         <Time>697.866667</Time>
         <Caption><![CDATA[Next, let&apos;s add the MyLibraryTest to our test <BR>suite. <BR>]]></Caption>
      </captionObject>
      <captionObject>
         <Time>702.200000</Time>
         <Caption><![CDATA[So we&apos;ll go to the Package Explorer, pull up the <BR>AllTests test suite. <BR>]]></Caption>
      </captionObject>
      <captionObject>
         <Time>708.900000</Time>
         <Caption><![CDATA[We&apos;ll just copy this line of code, paste it in, <BR>and change “PersonTest” to “MyLibraryTest”.  <BR>]]></Caption>
      </captionObject>
      <captionObject>
         <Time>720.400000</Time>
         <Caption><![CDATA[We&apos;ll save it. Then we&apos;ll go Run / Run As / JUnit <BR>Test, now we&apos;ve run our test suite, and all of our <BR>tests pass. ]]></Caption>
      </captionObject>
      <captionObject>
         <Time>734.300000</Time>
         <Caption><![CDATA[In this lesson, we&apos;ve created the <BR>getBooksForPerson() method and used that method to <BR>finish the checkOut() method. ]]></Caption>
      </captionObject>
      <captionObject>
         <Time>741.300000</Time>
         <Caption><![CDATA[In the next lesson, we&apos;ll finish up the other <BR>methods in the MyLibrary class.<BR>]]></Caption>
      </captionObject>
      <captionObject>
         <Time>746.300000</Time>
         <Caption><![CDATA[This is the end of Lesson 14. I&apos;m Mark Dexter <BR>saying so long for now.<BR>]]></Caption>
      </captionObject>
      <captionObject>
         <Time>751.600000</Time>
         <Caption><![CDATA[(Closing music...)]]></Caption>
      </captionObject>
   </array>
</CaptionXML>
</Caption_Array_Object>
</CaptionPlayerXML_Array>
<CaptionFontHeight>23</CaptionFontHeight>
<MaxCaptionsCharsPerLine>50</MaxCaptionsCharsPerLine>
<TimelineCaptionCount>101</TimelineCaptionCount>
<CaptionHeight>0</CaptionHeight>
<CloseCaptions_Array>
<captionObject>
<Time>0.000000</Time>
<Caption><![CDATA[(Opening music ...)<BR><BR>]]></Caption>
</captionObject>
<captionObject>
<Time>9.800000</Time>
<Caption><![CDATA[Hello again. Welcome back to Eclipse and Java for <BR>Total Beginners. <BR>]]></Caption>
</captionObject>
<captionObject>
<Time>14.700000</Time>
<Caption><![CDATA[In this lesson, we&apos;re going to continue working on <BR>our methods in the MyLibrary class.<BR>]]></Caption>
</captionObject>
<captionObject>
<Time>19.600000</Time>
<Caption><![CDATA[In the last lesson, we wrote the test method for <BR>the getBooksForPerson() method. <BR>]]></Caption>
</captionObject>
<captionObject>
<Time>24.233333</Time>
<Caption><![CDATA[So now we&apos;re ready to write the actual method. <BR>Here we&apos;ve picked up where we left off in the last <BR>lesson.]]></Caption>
</captionObject>
<captionObject>
<Time>32.200000</Time>
<Caption><![CDATA[We&apos;ve got the MyLibrary class open for editing, <BR>]]></Caption>
</captionObject>
<captionObject>
<Time>35.166667</Time>
<Caption><![CDATA[and we&apos;ll work on completing the <BR>getBooksForPerson() method that was auto-generated <BR>by Quick Fix.]]></Caption>
</captionObject>
<captionObject>
<Time>43.700000</Time>
<Caption><![CDATA[First, we&apos;ll delete the auto-generated code. We&apos;ll <BR>create more space.<BR>]]></Caption>
</captionObject>
<captionObject>
<Time>53.200000</Time>
<Caption><![CDATA[Then, the first line creates a new ArrayList of <BR>type Book called result. <BR>]]></Caption>
</captionObject>
<captionObject>
<Time>62.600000</Time>
<Caption><![CDATA[This will hold the result of this method, since <BR>we&apos;re returning an ArrayList&lt;Book&gt;. <BR>]]></Caption>
</captionObject>
<captionObject>
<Time>69.400000</Time>
<Caption><![CDATA[The next line is a “for” loop. We&apos;ll type the word <BR>“for”, then hit Ctrl+Space, and select “foreach <BR>...”. ]]></Caption>
</captionObject>
<captionObject>
<Time>79.600000</Time>
<Caption><![CDATA[We&apos;ll explain what this loop does as we go. So <BR>we&apos;ll type “for (Book”, and we&apos;ll call our local <BR>variable “aBook”.]]></Caption>
</captionObject>
<captionObject>
<Time>89.100000</Time>
<Caption><![CDATA[Then, after the colon (:), we enter the list we&apos;re <BR>going to iterate through – in this case, <BR>“this.getBooks()”. ]]></Caption>
</captionObject>
<captionObject>
<Time>95.400000</Time>
<Caption><![CDATA[So the way to read this is “for each Book aBook in <BR>the list this.getBooks() ...”. <BR>]]></Caption>
</captionObject>
<captionObject>
<Time>104.500000</Time>
<Caption><![CDATA[And then, for each one of these books, we&apos;ll <BR>execute the block of code between the curly <BR>braces. ]]></Caption>
</captionObject>
<captionObject>
<Time>113.200000</Time>
<Caption><![CDATA[We continue “if”, and then we&apos;ll enter two sets of <BR>parentheses (because there will be two <BR>conditions), ]]></Caption>
</captionObject>
<captionObject>
<Time>118.800000</Time>
<Caption><![CDATA[“aBook.getPerson() is not equal to null”, <BR>(remember not equal is “!=”)<BR>]]></Caption>
</captionObject>
<captionObject>
<Time>127.700000</Time>
<Caption><![CDATA[then “and”, which is “&amp;&amp;”, and then we do another <BR>set of parentheses, <BR>]]></Caption>
</captionObject>
<captionObject>
<Time>135.500000</Time>
<Caption><![CDATA[“aBook.getPerson().getName().equals()”, and then <BR>inside the parentheses, “p1.getName()”. <BR>]]></Caption>
</captionObject>
<captionObject>
<Time>156.100000</Time>
<Caption><![CDATA[Then we&apos;ll move this down so we can see it better.<BR> <BR>]]></Caption>
</captionObject>
<captionObject>
<Time>159.900000</Time>
<Caption><![CDATA[So, if both of these things are true, we&apos;re going <BR>to execute the code inside the curly braces, <BR>]]></Caption>
</captionObject>
<captionObject>
<Time>165.000000</Time>
<Caption><![CDATA[which is just “result.add(aBook);”, just add <BR>“aBook” to the result list.<BR>]]></Caption>
</captionObject>
<captionObject>
<Time>171.100000</Time>
<Caption><![CDATA[<BR>Then we&apos;re going to carefully move outside the <BR>“for” loop, and return our “result” variable. ]]></Caption>
</captionObject>
<captionObject>
<Time>180.400000</Time>
<Caption><![CDATA[We&apos;ll move this up to make it easier to see, and <BR>then we&apos;ll save. <BR>]]></Caption>
</captionObject>
<captionObject>
<Time>185.000000</Time>
<Caption><![CDATA[In this method, we&apos;re using our first “for” loop. <BR>Basically, it works as follows.<BR>]]></Caption>
</captionObject>
<captionObject>
<Time>192.700000</Time>
<Caption><![CDATA[For each Book “aBook” -- “aBook” is a local <BR>variable – <BR>]]></Caption>
</captionObject>
<captionObject>
<Time>198.500000</Time>
<Caption><![CDATA[in the list returned by the “this.getBooks()” <BR>method – which returns an ArrayList of Book <BR>objects,  ]]></Caption>
</captionObject>
<captionObject>
<Time>205.000000</Time>
<Caption><![CDATA[So, for each Book in the list, then do this block <BR>of code between the opening and closing curly <BR>braces. ]]></Caption>
</captionObject>
<captionObject>
<Time>214.100000</Time>
<Caption><![CDATA[In our case, just execute this “if” statement. <BR><BR>]]></Caption>
</captionObject>
<captionObject>
<Time>217.800000</Time>
<Caption><![CDATA[Another way of saying this that we start by taking <BR>the first Book off this list and putting in our <BR>local variable “aBook”. ]]></Caption>
</captionObject>
<captionObject>
<Time>225.700000</Time>
<Caption><![CDATA[Then we do the statement block. Then we see if <BR>there is another Book in the list. If so, then <BR>we&apos;ll repeat the process, ]]></Caption>
</captionObject>
<captionObject>
<Time>233.900000</Time>
<Caption><![CDATA[and we&apos;ll continue repeating this statement block <BR>for each Book in the list until there are no more <BR>books in the list. ]]></Caption>
</captionObject>
<captionObject>
<Time>242.100000</Time>
<Caption><![CDATA[This is called a “for each” loop, and it&apos;s a very <BR>convenient way of processing each element inside a <BR>list.  ]]></Caption>
</captionObject>
<captionObject>
<Time>251.066667</Time>
<Caption><![CDATA[Next, notice that this “if” statement has two <BR>parts to it, connected by this “&amp;&amp;” sign. <BR>]]></Caption>
</captionObject>
<captionObject>
<Time>258.600000</Time>
<Caption><![CDATA[So it has two different conditions that must be <BR>true in order for this statement block to be <BR>executed. ]]></Caption>
</captionObject>
<captionObject>
<Time>267.000000</Time>
<Caption><![CDATA[The first condition is that there must be a Person <BR>in the person field of the Book. So it can&apos;t be <BR>null – it&apos;s not equal to null. ]]></Caption>
</captionObject>
<captionObject>
<Time>276.400000</Time>
<Caption><![CDATA[And, the second condition is, the name of the <BR>Person (so the aBook.getPerson().getName() method) <BR>equals the name of Person p1. ]]></Caption>
</captionObject>
<captionObject>
<Time>290.300000</Time>
<Caption><![CDATA[Now it is important to notice how we are checking <BR>whether the names are equal. <BR>]]></Caption>
</captionObject>
<captionObject>
<Time>295.100000</Time>
<Caption><![CDATA[We are using the “.equals()” method of the String <BR>“getName(). <BR>]]></Caption>
</captionObject>
<captionObject>
<Time>300.800000</Time>
<Caption><![CDATA[Why are we using the “.equals()” method instead of <BR>the “==” we&apos;ve seen in an earlier “if” statement?<BR>]]></Caption>
</captionObject>
<captionObject>
<Time>310.100000</Time>
<Caption><![CDATA[The answer is that Strings in Java are objects. <BR>They are not primitive types (like int, char, or <BR>boolean). ]]></Caption>
</captionObject>
<captionObject>
<Time>322.000000</Time>
<Caption><![CDATA[As a general rule in Java, whenever we want to <BR>compare objects to see if they are equal, <BR>]]></Caption>
</captionObject>
<captionObject>
<Time>328.300000</Time>
<Caption><![CDATA[we use the object&apos;s “.equals()” method. We don&apos;t <BR>use “==”. <BR>]]></Caption>
</captionObject>
<captionObject>
<Time>336.100000</Time>
<Caption><![CDATA[So, for now, just remember that when you want to <BR>compare two Strings to see if they are equal, use <BR>the “.equals()” method, not the “==”.  ]]></Caption>
</captionObject>
<captionObject>
<Time>346.300000</Time>
<Caption><![CDATA[Finally, we need to be very careful about where <BR>this “return” statement. <BR>]]></Caption>
</captionObject>
<captionObject>
<Time>351.500000</Time>
<Caption><![CDATA[Remember that this curly brace is the closing <BR>curly brace for the “for” loop, and we don&apos;t want <BR>to do the “return” statement inside the loop. ]]></Caption>
</captionObject>
<captionObject>
<Time>361.300000</Time>
<Caption><![CDATA[We only want to do one “return” statement, when <BR>the “for” loop is completed.<BR>]]></Caption>
</captionObject>
<captionObject>
<Time>365.600000</Time>
<Caption><![CDATA[So we need to put it after the closing curly brace <BR>of the “for” loop, and of course before the <BR>closing curly brace of the method. ]]></Caption>
</captionObject>
<captionObject>
<Time>376.000000</Time>
<Caption><![CDATA[So we put it right here.<BR><BR>]]></Caption>
</captionObject>
<captionObject>
<Time>380.200000</Time>
<Caption><![CDATA[Next, let&apos;s run our test and see what happens. So <BR>we&apos;ll go back over to the MyLibraryTest. Run / Run <BR>As / JUnit Test, ]]></Caption>
</captionObject>
<captionObject>
<Time>391.200000</Time>
<Caption><![CDATA[and we can see that the testCheckOut failed, which <BR>is what we expect since we haven&apos;t finished that <BR>method yet. ]]></Caption>
</captionObject>
<captionObject>
<Time>398.300000</Time>
<Caption><![CDATA[But our testGetBooksForPerson method succeeds. <BR><BR>]]></Caption>
</captionObject>
<captionObject>
<Time>402.266667</Time>
<Caption><![CDATA[Now, let&apos;s look at the getBooksForPerson() method <BR>one more time, specifically at the “if” statement.  <BR>]]></Caption>
</captionObject>
<captionObject>
<Time>410.500000</Time>
<Caption><![CDATA[The first part of this “if” statement is to make <BR>sure that the getPerson() is not null. <BR>]]></Caption>
</captionObject>
<captionObject>
<Time>417.600000</Time>
<Caption><![CDATA[In other words, to make sure that there is a <BR>Person object in the person field of our Book.<BR>]]></Caption>
</captionObject>
<captionObject>
<Time>424.500000</Time>
<Caption><![CDATA[Now, why did we need this test? <BR><BR>]]></Caption>
</captionObject>
<captionObject>
<Time>427.200000</Time>
<Caption><![CDATA[The best way to answer this is to go ahead and <BR>change this “if” statement and remove this test, <BR>and then run the test again.]]></Caption>
</captionObject>
<captionObject>
<Time>436.000000</Time>
<Caption><![CDATA[So we&apos;ll comment this “if” statement out, by using <BR>the Ctrl+/, <BR>]]></Caption>
</captionObject>
<captionObject>
<Time>442.100000</Time>
<Caption><![CDATA[and then we&apos;ll put in a new “if” statement, which <BR>is just the second part of this test. <BR>]]></Caption>
</captionObject>
<captionObject>
<Time>451.500000</Time>
<Caption><![CDATA[So we&apos;ll select the second part of the “if” <BR>statement, being careful about the parentheses, <BR>]]></Caption>
</captionObject>
<captionObject>
<Time>457.500000</Time>
<Caption><![CDATA[copy and paste, get rid of the comment, and then <BR>we&apos;ll save. <BR>]]></Caption>
</captionObject>
<captionObject>
<Time>463.200000</Time>
<Caption><![CDATA[We&apos;ll go back to MyLibraryTest and run the test <BR>again. <BR>]]></Caption>
</captionObject>
<captionObject>
<Time>470.100000</Time>
<Caption><![CDATA[Not only did the test fail, but we got a runtime <BR>error. And, if we look, we can see it&apos;s a <BR>“NullPointerException”. ]]></Caption>
</captionObject>
<captionObject>
<Time>480.500000</Time>
<Caption><![CDATA[The NullPointerException is a common Java error <BR>you get when you try to run a method or otherwise <BR>try to do something with a null object. ]]></Caption>
</captionObject>
<captionObject>
<Time>491.500000</Time>
<Caption><![CDATA[If an object is null, we can&apos;t execute any of it&apos;s <BR>methods. If we try to, we get this error. <BR>]]></Caption>
</captionObject>
<captionObject>
<Time>498.300000</Time>
<Caption><![CDATA[We can avoid the error if we test for the null <BR>value before trying to execute the getName() <BR>method.]]></Caption>
</captionObject>
<captionObject>
<Time>506.300000</Time>
<Caption><![CDATA[Now let&apos;s go back and fix the getBooksForPerson() <BR>method. <BR>]]></Caption>
</captionObject>
<captionObject>
<Time>511.500000</Time>
<Caption><![CDATA[Before we do, let&apos;s see exactly where the <BR>NullPointerException came from. <BR>]]></Caption>
</captionObject>
<captionObject>
<Time>517.600000</Time>
<Caption><![CDATA[We are looping through all of the books in the <BR>MyLibrary object. <BR>]]></Caption>
</captionObject>
<captionObject>
<Time>521.000000</Time>
<Caption><![CDATA[The first Book that is not checked out to someone <BR>will have a null person field, so the getPerson() <BR>method will return a null value.]]></Caption>
</captionObject>
<captionObject>
<Time>529.900000</Time>
<Caption><![CDATA[Without the test to see if the getPerson() is <BR>null, <BR>]]></Caption>
</captionObject>
<captionObject>
<Time>534.300000</Time>
<Caption><![CDATA[we are trying to execute the getName() method on a <BR>null object reference – hence the <BR>NullPointerException.]]></Caption>
</captionObject>
<captionObject>
<Time>543.200000</Time>
<Caption><![CDATA[Next, let&apos;s fix this up. We&apos;ll delete the “if” <BR>statement we added and then we&apos;ll highlight these <BR>lines, hit Ctrl+/ to uncomment.]]></Caption>
</captionObject>
<captionObject>
<Time>551.000000</Time>
<Caption><![CDATA[We&apos;ll save and go back to MyLibraryTest. We&apos;ll re-<BR>run the test ...<BR>]]></Caption>
</captionObject>
<captionObject>
<Time>564.700000</Time>
<Caption><![CDATA[and this time the testGetBooksForPerson method <BR>succeeds.<BR>]]></Caption>
</captionObject>
<captionObject>
<Time>569.700000</Time>
<Caption><![CDATA[Now that we have a working getBooksForPerson() <BR>method, we can finish our checkOut() method.<BR>]]></Caption>
</captionObject>
<captionObject>
<Time>577.400000</Time>
<Caption><![CDATA[We&apos;ll minimize this. Let&apos;s go to the Package <BR>Explorer, open up the MyLibrary class. <BR>]]></Caption>
</captionObject>
<captionObject>
<Time>589.900000</Time>
<Caption><![CDATA[We can go right to the checkOut() method by <BR>double-clicking. <BR>]]></Caption>
</captionObject>
<captionObject>
<Time>595.000000</Time>
<Caption><![CDATA[Now the first line we&apos;ll add is “int booksOut = <BR>this.getBooksForPerson(p1).size();”. <BR>]]></Caption>
</captionObject>
<captionObject>
<Time>608.400000</Time>
<Caption><![CDATA[This line sets the local variable booksOut to the <BR>number of books that Person p1 has out. <BR>]]></Caption>
</captionObject>
<captionObject>
<Time>615.300000</Time>
<Caption><![CDATA[And the way we do that is by using our new <BR>getBooksForPerson() method, which returns a list <BR>of the books that Person p1 has out, ]]></Caption>
</captionObject>
<captionObject>
<Time>624.100000</Time>
<Caption><![CDATA[and using the size() method on that list to get <BR>the count. <BR>]]></Caption>
</captionObject>
<captionObject>
<Time>630.300000</Time>
<Caption><![CDATA[Now we will need to add a second test inside our <BR>“if” statement. <BR>]]></Caption>
</captionObject>
<captionObject>
<Time>634.500000</Time>
<Caption><![CDATA[To make the code more readable, we&apos;ll surround the <BR>entire “if” test with an outer set of parentheses, <BR>]]></Caption>
</captionObject>
<captionObject>
<Time>639.600000</Time>
<Caption><![CDATA[and then put the second “if” test inside it&apos;s own <BR>parentheses. <BR>]]></Caption>
</captionObject>
<captionObject>
<Time>645.100000</Time>
<Caption><![CDATA[Next, we do our “and” statement – the “&amp;&amp;” -- and <BR>then we hit the “(“.<BR>]]></Caption>
</captionObject>
<captionObject>
<Time>650.100000</Time>
<Caption><![CDATA[Notice that Eclipse puts in the “)” for us, which <BR>helps us keep our parentheses matched up. <BR>]]></Caption>
</captionObject>
<captionObject>
<Time>657.900000</Time>
<Caption><![CDATA[Now we type the second part of our test, which is <BR>just &quot;booksOut &lt; p1.getMaximumBooks()&quot;. <BR>]]></Caption>
</captionObject>
<captionObject>
<Time>666.300000</Time>
<Caption><![CDATA[And we save and make sure we compile cleanly.<BR> <BR>]]></Caption>
</captionObject>
<captionObject>
<Time>671.400000</Time>
<Caption><![CDATA[So, to quickly review, in this line we&apos;re <BR>calculating how many books the Person already has <BR>out. ]]></Caption>
</captionObject>
<captionObject>
<Time>677.800000</Time>
<Caption><![CDATA[And then here we&apos;re adding the test to make sure <BR>that the “booksOut” is less than what this Person <BR>is allowed. ]]></Caption>
</captionObject>
<captionObject>
<Time>687.600000</Time>
<Caption><![CDATA[So now let&apos;s go back and re-run our test. <BR><BR>]]></Caption>
</captionObject>
<captionObject>
<Time>694.200000</Time>
<Caption><![CDATA[And everything works. <BR><BR>]]></Caption>
</captionObject>
<captionObject>
<Time>697.866667</Time>
<Caption><![CDATA[Next, let&apos;s add the MyLibraryTest to our test <BR>suite. <BR>]]></Caption>
</captionObject>
<captionObject>
<Time>702.200000</Time>
<Caption><![CDATA[So we&apos;ll go to the Package Explorer, pull up the <BR>AllTests test suite. <BR>]]></Caption>
</captionObject>
<captionObject>
<Time>708.900000</Time>
<Caption><![CDATA[We&apos;ll just copy this line of code, paste it in, <BR>and change “PersonTest” to “MyLibraryTest”.  <BR>]]></Caption>
</captionObject>
<captionObject>
<Time>720.400000</Time>
<Caption><![CDATA[We&apos;ll save it. Then we&apos;ll go Run / Run As / JUnit <BR>Test, now we&apos;ve run our test suite, and all of our <BR>tests pass. ]]></Caption>
</captionObject>
<captionObject>
<Time>734.300000</Time>
<Caption><![CDATA[In this lesson, we&apos;ve created the <BR>getBooksForPerson() method and used that method to <BR>finish the checkOut() method. ]]></Caption>
</captionObject>
<captionObject>
<Time>741.300000</Time>
<Caption><![CDATA[In the next lesson, we&apos;ll finish up the other <BR>methods in the MyLibrary class.<BR>]]></Caption>
</captionObject>
<captionObject>
<Time>746.300000</Time>
<Caption><![CDATA[This is the end of Lesson 14. I&apos;m Mark Dexter <BR>saying so long for now.<BR>]]></Caption>
</captionObject>
<captionObject>
<Time>751.600000</Time>
<Caption><![CDATA[(Closing music...)]]></Caption>
</captionObject>
</CloseCaptions_Array>
<NumMetaDataTypes>34</NumMetaDataTypes>
<MetaData_Array>
<MetaData_Object>
<MetaDataType>Creator</MetaDataType>
<MetaDataValue>Mark Dexter</MetaDataValue>
<MetaDataEmbedName>DC.creator</MetaDataEmbedName>
</MetaData_Object>
</MetaData_Array>
<NumFileTypesUsedByProduction>4</NumFileTypesUsedByProduction>
<FileTypesUsed_Array>
<FileTypeUsed_Object>
<FileTypeName>Video</FileTypeName>
</FileTypeUsed_Object>
<FileTypeUsed_Object>
<FileTypeName>HTMLFile</FileTypeName>
</FileTypeUsed_Object>
<FileTypeUsed_Object>
<FileTypeName>EmbededPlayerJS</FileTypeName>
</FileTypeUsed_Object>
<FileTypeUsed_Object>
<FileTypeName>ProductionInfoXML</FileTypeName>
</FileTypeUsed_Object>
</FileTypesUsed_Array>
<NumFilesTotal>4</NumFilesTotal>
<ProducedFiles_Array>
<ProducedFile_Object>
<FileName>C:\Documents and Settings\Mark\My Documents\Camtasia Studio\Total Beginners\output-200711\lesson14\lesson14.swf</FileName>
<FileSize>16807167</FileSize>
<FileType>Video</FileType>
<WhichFilesOfCurType>0</WhichFilesOfCurType>
<TotalFilesOfCurType>1</TotalFilesOfCurType>
</ProducedFile_Object>
<ProducedFile_Object>
<FileName>C:\Documents and Settings\Mark\My Documents\Camtasia Studio\Total Beginners\output-200711\lesson14\lesson14.html</FileName>
<FileSize>2975</FileSize>
<FileType>HTMLFile</FileType>
<WhichFilesOfCurType>0</WhichFilesOfCurType>
<TotalFilesOfCurType>1</TotalFilesOfCurType>
</ProducedFile_Object>
<ProducedFile_Object>
<FileName>C:\Documents and Settings\Mark\My Documents\Camtasia Studio\Total Beginners\output-200711\lesson14\swfobject.js</FileName>
<FileSize>6880</FileSize>
<FileType>EmbededPlayerJS</FileType>
<WhichFilesOfCurType>0</WhichFilesOfCurType>
<TotalFilesOfCurType>1</TotalFilesOfCurType>
</ProducedFile_Object>
<ProducedFile_Object>
<FileName>C:\Documents and Settings\Mark\My Documents\Camtasia Studio\Total Beginners\output-200711\lesson14\ProductionInfo.xml</FileName>
<FileSize>54155</FileSize>
<FileType>ProductionInfoXML</FileType>
<WhichFilesOfCurType>0</WhichFilesOfCurType>
<TotalFilesOfCurType>1</TotalFilesOfCurType>
</ProducedFile_Object>
</ProducedFiles_Array>
<OutputBasePath>C:\Documents and Settings\Mark\My Documents\Camtasia Studio\Total Beginners\output-200711\lesson14\</OutputBasePath>
<ProductionFormat>SWF</ProductionFormat>
<NumVideoSegments>1</NumVideoSegments>
<NumHTMLFiles>1</NumHTMLFiles>
<TotalProductionSize>16871177</TotalProductionSize>
<m_cf_rtRenderRangeStart>-1</m_cf_rtRenderRangeStart>
<m_cf_rtRenderRangeStop>-1</m_cf_rtRenderRangeStop>
<m_cf_strTempDir>C:\DOCUME~1\Mark\LOCALS~1\Temp\</m_cf_strTempDir>
<m_cf_bWritePIPFile>0</m_cf_bWritePIPFile>
<m_cf_bDisablePIPVideo>1</m_cf_bDisablePIPVideo>
<m_cf_bWriteIndex>1</m_cf_bWriteIndex>
<m_cf_bWriteMultipleFiles>0</m_cf_bWriteMultipleFiles>
<m_cf_strHTMLTemplateName>Template.htm</m_cf_strHTMLTemplateName>
<m_cf_HTMLAlignment>1</m_cf_HTMLAlignment>
<m_cf_bSCORMOutput>0</m_cf_bSCORMOutput>
<m_cf_bController>1</m_cf_bController>
<m_cf_bAutoPlay>1</m_cf_bAutoPlay>
<m_cf_bNumberIndexMarkers>0</m_cf_bNumberIndexMarkers>
<m_cf_bShortenIndexNames>1</m_cf_bShortenIndexNames>
<m_cf_nShortenedIndexLength>17</m_cf_nShortenedIndexLength>
<m_cf_bQuizShowFeedback>1</m_cf_bQuizShowFeedback>
<m_cf_bEMailQuizResults>0</m_cf_bEMailQuizResults>
<m_cf_bEMailIncludeScore>0</m_cf_bEMailIncludeScore>
<m_cf_bJavaScriptQuizResults>0</m_cf_bJavaScriptQuizResults>
<m_cf_bHTMLOutput>1</m_cf_bHTMLOutput>
<m_cf_SCORMVersion>0</m_cf_SCORMVersion>
<m_cf_strManifestID>ID-9305653E-3CA3-49D4-8C95-A18B8F0E5D55</m_cf_strManifestID>
<m_cf_strManifestTitle></m_cf_strManifestTitle>
<m_cf_strDuration>0:13:59.01</m_cf_strDuration>
<m_cf_strSubject></m_cf_strSubject>
<m_cf_strManifestDescription></m_cf_strManifestDescription>
<m_cf_strLanguage>en</m_cf_strLanguage>
<m_cf_SCORMPackage>2</m_cf_SCORMPackage>
<m_cf_strSCOTitle></m_cf_strSCOTitle>
<m_cf_ProductionFormat>8</m_cf_ProductionFormat>
<m_cf_strTitle></m_cf_strTitle>
<m_cf_strAuthor>Mark Dexter</m_cf_strAuthor>
<m_cf_strCopyright></m_cf_strCopyright>
<m_cf_strDescription></m_cf_strDescription>
<m_cf_MultiFileOutputStyle>0</m_cf_MultiFileOutputStyle>
<m_cf_strVideoCompressor>Techsmith Screen Capture Codec</m_cf_strVideoCompressor>
<m_cf_bAddCaption>0</m_cf_bAddCaption>
<m_cf_bWriteCCInfo>1</m_cf_bWriteCCInfo>
<m_cf_bOverlayCaption>1</m_cf_bOverlayCaption>
<m_cf_strCaptionFontFamily>Microsoft Sans Serif</m_cf_strCaptionFontFamily>
<m_cf_bAddIPODFileToProduction>0</m_cf_bAddIPODFileToProduction>
<m_cf_bAddMP3FileToProduction>0</m_cf_bAddMP3FileToProduction>
<m_cf_bAddPPTFileToProduction>0</m_cf_bAddPPTFileToProduction>
<m_cf_strPPTFileToAddToProduction></m_cf_strPPTFileToAddToProduction>
<m_cf_bAviEncodeAudio>1</m_cf_bAviEncodeAudio>
<m_cf_AVIFrameRate>10</m_cf_AVIFrameRate>
<m_cf_nKeyFrameRate>30</m_cf_nKeyFrameRate>
<m_cf_PIP_nKeyFrameRate>30</m_cf_PIP_nKeyFrameRate>
<m_cf_PIP_AVIFrameRate>0</m_cf_PIP_AVIFrameRate>
<m_cf_SwfPlaybackControls>0</m_cf_SwfPlaybackControls>
<m_cf_strControllerSkinName>glass</m_cf_strControllerSkinName>
<m_cf_nSwfTargetVersion>7</m_cf_nSwfTargetVersion>
<m_cf_bSwfMatchPreloadMovieSize>0</m_cf_bSwfMatchPreloadMovieSize>
<m_cf_bSwfPauseAtStart>1</m_cf_bSwfPauseAtStart>
<m_cf_bSwfPreloadAdvanced>1</m_cf_bSwfPreloadAdvanced>
<m_cf_bSwfSingleSWF>1</m_cf_bSwfSingleSWF>
<m_cf_nSwfMainMovieLoadPercent>10</m_cf_nSwfMainMovieLoadPercent>
<m_cf_nSwfPreloadMinDisplayTime>3</m_cf_nSwfPreloadMinDisplayTime>
<m_cf_clrSwfControlColor>0x00C0C0C0</m_cf_clrSwfControlColor>
<m_cf_bSwfShowAboutBtn>1</m_cf_bSwfShowAboutBtn>
<m_cf_strSwfAboutBoxTxt>Copyright (c) 2007 Mark Dexter. Licensed under the Educational Community License version 1.0.</m_cf_strSwfAboutBoxTxt>
<m_cf_strSwfAboutBoxInfoTxt></m_cf_strSwfAboutBoxInfoTxt>
<m_cf_strSwfAboutTitle>Total Beginners</m_cf_strSwfAboutTitle>
<m_cf_strSwfStartTxt>Eclipse and Java for Total Beginners</m_cf_strSwfStartTxt>
<m_cf_SwfAboutBoxWidth>336</m_cf_SwfAboutBoxWidth>
<m_cf_SwfAboutBoxHeight>270</m_cf_SwfAboutBoxHeight>
<m_cf_bSwfAboutBoxTabSelected>1</m_cf_bSwfAboutBoxTabSelected>
<m_cf_strSwfTimeDisplayFormat>MM:SS</m_cf_strSwfTimeDisplayFormat>
<m_cf_bSwfCCInitiallyVisible>0</m_cf_bSwfCCInitiallyVisible>
<m_cf_bSwfFullScreen>0</m_cf_bSwfFullScreen>
<m_cf_bSwfAllowResizing>1</m_cf_bSwfAllowResizing>
<m_cf_nSwfVolueme>50</m_cf_nSwfVolueme>
<m_cf_bSwfBrandContextMenu>0</m_cf_bSwfBrandContextMenu>
<m_cf_SwfTOCType>1</m_cf_SwfTOCType>
<m_cf_SwfTOCTitle></m_cf_SwfTOCTitle>
<m_cf_bSwfShowMovieDuration>1</m_cf_bSwfShowMovieDuration>
<m_cf_bSwfShowTimeElapsed>1</m_cf_bSwfShowTimeElapsed>
<m_cf_strSwfTimeFont>Arial</m_cf_strSwfTimeFont>
<m_cf_clrSwfTimeFontColor>0x00000000</m_cf_clrSwfTimeFontColor>
<m_cf_SwfEndAction>0</m_cf_SwfEndAction>
<m_cf_strSwfEndActionUrl>http://</m_cf_strSwfEndActionUrl>
<m_cf_nSwfEndActionTarget>0</m_cf_nSwfEndActionTarget>
<m_cf_bPauseAfterJump>1</m_cf_bPauseAfterJump>
<m_cf_rtJumpPoint>0</m_cf_rtJumpPoint>
<m_cf_strSwfStartLogo></m_cf_strSwfStartLogo>
<m_cf_strSwfEndLogo>EndLogo</m_cf_strSwfEndLogo>
<m_cf_strSwfAboutLogo></m_cf_strSwfAboutLogo>
<m_cf_strSwfAboutTitleLogo></m_cf_strSwfAboutTitleLogo>
<m_cf_strSwfTocLogo></m_cf_strSwfTocLogo>
</Production_Data>
