﻿<?xml version="1.0" encoding="UTF-8" ?><Production_Data Version="5.00"><HTMLTemplateFile>Template.htm</HTMLTemplateFile>
<HTMLTemplateBodyFile>expressShow\SSWFTemplate-body.htm</HTMLTemplateBodyFile>
<HTMLTemplateHeaderFile>expressShow\SSWFTemplate-header.htm</HTMLTemplateHeaderFile>
<VideoFilenameWithPath>C:\Documents and Settings\Mark\My Documents\Camtasia Studio\Total Beginners\output-200711\lesson05\lesson05.swf</VideoFilenameWithPath>
<AddIPodFileSize>0 bytes</AddIPodFileSize>
<AddMP3FileSize>0 bytes</AddMP3FileSize>
<AddPPTFileSize>0 bytes</AddPPTFileSize>
<ProjectName>lesson05</ProjectName>
<MediaDir></MediaDir>
<ShouldCreateMediaDir>0</ShouldCreateMediaDir>
<MaxTimelineWidth>800</MaxTimelineWidth>
<MaxTimelineHeight>600</MaxTimelineHeight>
<MaxTimelineFPS>15.00</MaxTimelineFPS>
<MaxVideoWidth>800</MaxVideoWidth>
<MaxVideoHeight>600</MaxVideoHeight>
<MaxVideoFPS>15.00</MaxVideoFPS>
<MaxPIPWidth>0</MaxPIPWidth>
<MaxPIPHeight>0</MaxPIPHeight>
<MaxPIPFPS>0.00</MaxPIPFPS>
<VideoDuration>534.93</VideoDuration>
<PIPVideoDuration>534.83</PIPVideoDuration>
<VideoFPS>30.00</VideoFPS>
<PIPVideoFPS>30.00</PIPVideoFPS>
<VideoWidth>800</VideoWidth>
<VideoHeight>618</VideoHeight>
<ActualVideoWidth>800</ActualVideoWidth>
<ActualVideoHeight>600</ActualVideoHeight>
<PIPVideoWidth>160</PIPVideoWidth>
<PIPVideoHeight>120</PIPVideoHeight>
<TOCWidth>-1</TOCWidth>
<MinTOCWidth>160</MinTOCWidth>
<TOCDividerHeight>18</TOCDividerHeight>
<TimelineHasAudio>1</TimelineHasAudio>
<TimelineDuration>5349333333</TimelineDuration>
<SWFControllerTotalHeight>18</SWFControllerTotalHeight>
<SWFMinWidth>320</SWFMinWidth>
<SWFTOCXPos>0</SWFTOCXPos>
<SWFTOCYPos>0</SWFTOCYPos>
<SWFTOCWidth>160</SWFTOCWidth>
<SWFTOCHeight>600</SWFTOCHeight>
<SWFHasPIPOverlay>0</SWFHasPIPOverlay>
<SWFControllerColor></SWFControllerColor>
<SWFTimeDispFontColor>0x000000</SWFTimeDispFontColor>
<SWFPlaybackConfigFileName>lesson05_config.xml</SWFPlaybackConfigFileName>
<SWFPlaybackControllerFileName>lesson05_controller.swf</SWFPlaybackControllerFileName>
<SWFPreloaderFileName></SWFPreloaderFileName>
<StripWhitespace>0</StripWhitespace>
<WritingImages>0</WritingImages>
<WritePreviewXML>0</WritePreviewXML>
<DisableTOC>0</DisableTOC>
<AutoPlay>0</AutoPlay>
<CancelledProduction>0</CancelledProduction>
<CancelledProdLength>5349000000</CancelledProdLength>
<Hotspot_Array>
<Hotspot_Array_Object>
               <array>
               <hotspot>
               </hotspot>
               <hotspot>
               </hotspot>
               <hotspot>
               </hotspot>
               <hotspot>
               </hotspot>
               <hotspot>
               </hotspot>
               <hotspot>
               </hotspot>
               <hotspot>
               </hotspot>
               <hotspot>
               </hotspot>
               </array>
</Hotspot_Array_Object>
</Hotspot_Array>
<AdjGlobalRenderRangeStart>-1</AdjGlobalRenderRangeStart>
<AdjGlobalRenderRangeStop>-1</AdjGlobalRenderRangeStop>
<AdjRenderRange_Array>
<AdjRenderRange_Obj>
<AdjRenderRangeStart>0</AdjRenderRangeStart>
<AdjRenderRangeStop>398000000</AdjRenderRangeStop>
</AdjRenderRange_Obj>
<AdjRenderRange_Obj>
<AdjRenderRangeStart>398000000</AdjRenderRangeStart>
<AdjRenderRangeStop>1521000000</AdjRenderRangeStop>
</AdjRenderRange_Obj>
<AdjRenderRange_Obj>
<AdjRenderRangeStart>1521000000</AdjRenderRangeStart>
<AdjRenderRangeStop>2509666667</AdjRenderRangeStop>
</AdjRenderRange_Obj>
<AdjRenderRange_Obj>
<AdjRenderRangeStart>2509666667</AdjRenderRangeStart>
<AdjRenderRangeStop>2753333333</AdjRenderRangeStop>
</AdjRenderRange_Obj>
<AdjRenderRange_Obj>
<AdjRenderRangeStart>2753333333</AdjRenderRangeStart>
<AdjRenderRangeStop>3492666667</AdjRenderRangeStop>
</AdjRenderRange_Obj>
<AdjRenderRange_Obj>
<AdjRenderRangeStart>3492666667</AdjRenderRangeStart>
<AdjRenderRangeStop>4455666667</AdjRenderRangeStop>
</AdjRenderRange_Obj>
<AdjRenderRange_Obj>
<AdjRenderRangeStart>4455666667</AdjRenderRangeStart>
<AdjRenderRangeStop>5349333333</AdjRenderRangeStop>
</AdjRenderRange_Obj>
</AdjRenderRange_Array>
<AdjMarkerDuration_Array>
<AdjMarkerDuration_Obj>
<AdjMarkerDuration>398000000</AdjMarkerDuration>
</AdjMarkerDuration_Obj>
<AdjMarkerDuration_Obj>
<AdjMarkerDuration>1123000000</AdjMarkerDuration>
</AdjMarkerDuration_Obj>
<AdjMarkerDuration_Obj>
<AdjMarkerDuration>988666667</AdjMarkerDuration>
</AdjMarkerDuration_Obj>
<AdjMarkerDuration_Obj>
<AdjMarkerDuration>243666667</AdjMarkerDuration>
</AdjMarkerDuration_Obj>
<AdjMarkerDuration_Obj>
<AdjMarkerDuration>739333333</AdjMarkerDuration>
</AdjMarkerDuration_Obj>
<AdjMarkerDuration_Obj>
<AdjMarkerDuration>963000000</AdjMarkerDuration>
</AdjMarkerDuration_Obj>
<AdjMarkerDuration_Obj>
<AdjMarkerDuration>893666667</AdjMarkerDuration>
</AdjMarkerDuration_Obj>
</AdjMarkerDuration_Array>
<AdjMarkerTimes_Array>
<AdjMarkerTime_Obj>
<AdjMarkerTime>0</AdjMarkerTime>
</AdjMarkerTime_Obj>
<AdjMarkerTime_Obj>
<AdjMarkerTime>398000000</AdjMarkerTime>
</AdjMarkerTime_Obj>
<AdjMarkerTime_Obj>
<AdjMarkerTime>1521000000</AdjMarkerTime>
</AdjMarkerTime_Obj>
<AdjMarkerTime_Obj>
<AdjMarkerTime>2509666667</AdjMarkerTime>
</AdjMarkerTime_Obj>
<AdjMarkerTime_Obj>
<AdjMarkerTime>2753333333</AdjMarkerTime>
</AdjMarkerTime_Obj>
<AdjMarkerTime_Obj>
<AdjMarkerTime>3492666667</AdjMarkerTime>
</AdjMarkerTime_Obj>
<AdjMarkerTime_Obj>
<AdjMarkerTime>4455666667</AdjMarkerTime>
</AdjMarkerTime_Obj>
</AdjMarkerTimes_Array>
<HasQuizQuestions>0</HasQuizQuestions>
<m_strQuizQuestionOfString>Question @ of @</m_strQuizQuestionOfString>
<m_strQuizPrevString>Prev</m_strQuizPrevString>
<m_strQuizSubmitString>Submit</m_strQuizSubmitString>
<m_strQuizNextString>Next</m_strQuizNextString>
<m_strQuizDoneString>Done</m_strQuizDoneString>
<m_strQuizPreviewString>Preview</m_strQuizPreviewString>
<m_strQuizSendString>Send</m_strQuizSendString>
<m_strQuizMainMessageString>You have reached the end of the questions and this video. Your answers are ready to be sent.</m_strQuizMainMessageString>
<m_strQuizEmailContentsString>E-mail Contents</m_strQuizEmailContentsString>
<m_strQuizEmailToString>E-mail to </m_strQuizEmailToString>
<m_strQuizAnswersSentString>Your answers have been sent.</m_strQuizAnswersSentString>
<m_strQuizSummaryString>You have completed @ of @ questions.</m_strQuizSummaryString>
<m_strQuizScoreString>Score = @/@</m_strQuizScoreString>
<m_strQuizSummaryTitleString>Answers Summary</m_strQuizSummaryTitleString>
<Quiz_Array>
</Quiz_Array>
<Markers_Array>
<Marker_Object>
<MarkerName>Introduction</MarkerName>
<MarkerImage></MarkerImage>
<MarkerTime>0</MarkerTime>
<IndentLevel>0</IndentLevel>
<ShouldIgnore>0</ShouldIgnore>
</Marker_Object>
<Marker_Object>
<MarkerName>Constructor Test</MarkerName>
<MarkerImage></MarkerImage>
<MarkerTime>398000000</MarkerTime>
<IndentLevel>0</IndentLevel>
<ShouldIgnore>0</ShouldIgnore>
</Marker_Object>
<Marker_Object>
<MarkerName>Static Methods</MarkerName>
<MarkerImage></MarkerImage>
<MarkerTime>1521000000</MarkerTime>
<IndentLevel>0</IndentLevel>
<ShouldIgnore>0</ShouldIgnore>
</Marker_Object>
<Marker_Object>
<MarkerName>First Successful Test</MarkerName>
<MarkerImage></MarkerImage>
<MarkerTime>2509666667</MarkerTime>
<IndentLevel>0</IndentLevel>
<ShouldIgnore>0</ShouldIgnore>
</Marker_Object>
<Marker_Object>
<MarkerName>testSetName Method</MarkerName>
<MarkerImage></MarkerImage>
<MarkerTime>2753333333</MarkerTime>
<IndentLevel>0</IndentLevel>
<ShouldIgnore>0</ShouldIgnore>
</Marker_Object>
<Marker_Object>
<MarkerName>testSetMaximumBooks Method</MarkerName>
<MarkerImage></MarkerImage>
<MarkerTime>3492666667</MarkerTime>
<IndentLevel>0</IndentLevel>
<ShouldIgnore>0</ShouldIgnore>
</Marker_Object>
<Marker_Object>
<MarkerName>Failed Test</MarkerName>
<MarkerImage></MarkerImage>
<MarkerTime>4455666667</MarkerTime>
<IndentLevel>0</IndentLevel>
<ShouldIgnore>0</ShouldIgnore>
</Marker_Object>
</Markers_Array>
<CaptionPlayerXML_Array>
<Caption_Array_Object>
<CaptionXML>   <array>
      <captionObject>
         <Time>0.000000</Time>
         <Caption><![CDATA[(Opening music ...)<BR><BR>]]></Caption>
      </captionObject>
      <captionObject>
         <Time>9.400000</Time>
         <Caption><![CDATA[Hello again, welcome to Eclipse and Java for Total <BR>Beginners. <BR>]]></Caption>
      </captionObject>
      <captionObject>
         <Time>14.400000</Time>
         <Caption><![CDATA[In this lesson, we are going to continue with our <BR>JUnit testing and actually write the test methods <BR>to test our person class.]]></Caption>
      </captionObject>
      <captionObject>
         <Time>23.700000</Time>
         <Caption><![CDATA[Now, if you remember from last time, we had used <BR>Eclipes to build the outline of our PersonTest <BR>class, ]]></Caption>
      </captionObject>
      <captionObject>
         <Time>32.400000</Time>
         <Caption><![CDATA[and we&apos;re ready to write our test methods. So <BR>let&apos;s get started. <BR>]]></Caption>
      </captionObject>
      <captionObject>
         <Time>39.800000</Time>
         <Caption><![CDATA[First, we&apos;re going to test the constructor. We&apos;ll <BR>take out this &quot;fail&quot; statement, and let&apos;s quickly <BR>review what the constructor is supposed to do.]]></Caption>
      </captionObject>
      <captionObject>
         <Time>50.733333</Time>
         <Caption><![CDATA[The constructor is supposed to set the name to <BR>“unknown name” and maximumBooks equal to 3.  <BR>]]></Caption>
      </captionObject>
      <captionObject>
         <Time>56.833333</Time>
         <Caption><![CDATA[So what want to do is create a new Person object <BR>and then make sure those values are set as the <BR>should be.]]></Caption>
      </captionObject>
      <captionObject>
         <Time>67.500000</Time>
         <Caption><![CDATA[So, the first line should be familiar. We&apos;ll type <BR>Person p1 = new Person();<BR>]]></Caption>
      </captionObject>
      <captionObject>
         <Time>76.900000</Time>
         <Caption><![CDATA[Now the second line is new. We&apos;re going to type<BR>&quot;assertEquals&quot; (I&apos;ll use Ctrl+Space to help me <BR>fill out the text.)]]></Caption>
      </captionObject>
      <captionObject>
         <Time>88.500000</Time>
         <Caption><![CDATA[This has an &quot;expected&quot; and an &quot;actual&quot; in my <BR>template. For my &quot;expected&quot;, I&apos;ll enter &quot;unknown <BR>name&quot;.]]></Caption>
      </captionObject>
      <captionObject>
         <Time>98.033333</Time>
         <Caption><![CDATA[And for my &quot;actual&quot;, I need to get the name from <BR>the Person, so I&apos;ll enter &quot;p1.get&quot;, press <BR>Ctrl+Space, and select getName().]]></Caption>
      </captionObject>
      <captionObject>
         <Time>113.500000</Time>
         <Caption><![CDATA[And then I end with a semi-colon (;). Now, I&apos;ll do <BR>a very similar line to test the maximumBooks. <BR>]]></Caption>
      </captionObject>
      <captionObject>
         <Time>121.700000</Time>
         <Caption><![CDATA[I&apos;ll say &quot;assertEquals&quot; (using Code Assist, <BR>because I&apos;m lazy). This time I&apos;ll say &quot;3&quot; for the <BR>expected, and p1.getMaximumBooks() for the actual.]]></Caption>
      </captionObject>
      <captionObject>
         <Time>135.133333</Time>
         <Caption><![CDATA[So, all I&apos;m doing here is using a special method, <BR>assertEquals. I&apos;m saying that &quot;unknown name&quot; and <BR>p1.getName() should be the same. ]]></Caption>
      </captionObject>
      <captionObject>
         <Time>146.200000</Time>
         <Caption><![CDATA[And I&apos;m saying that 3 and p1.getMaximumBooks() <BR>should be the same. <BR>]]></Caption>
      </captionObject>
      <captionObject>
         <Time>152.100000</Time>
         <Caption><![CDATA[Where does the method assertEquals() come from? It <BR>comes from the TestCase class, the superclass of <BR>PersonTest.]]></Caption>
      </captionObject>
      <captionObject>
         <Time>165.900000</Time>
         <Caption><![CDATA[But where is the dot? Why don&apos;t we have to create <BR>an object of type PersonTest and then call the <BR>method using the dot?]]></Caption>
      </captionObject>
      <captionObject>
         <Time>174.233333</Time>
         <Caption><![CDATA[(Like, for example, <BR>PersonTest pt = new PersonTest();<BR>pt.assertEquals( ... ) )]]></Caption>
      </captionObject>
      <captionObject>
         <Time>184.600000</Time>
         <Caption><![CDATA[The answer is that assertEquals() is what is <BR>called a static method. <BR>]]></Caption>
      </captionObject>
      <captionObject>
         <Time>190.700000</Time>
         <Caption><![CDATA[A static method is a method that doesn&apos;t depend on <BR>a particular instance of the class. <BR>]]></Caption>
      </captionObject>
      <captionObject>
         <Time>197.700000</Time>
         <Caption><![CDATA[So it doesn&apos;t need an instance of the class –- in <BR>other words, an object –- in order to be executed. <BR>]]></Caption>
      </captionObject>
      <captionObject>
         <Time>203.633333</Time>
         <Caption><![CDATA[So the way we invoke a static method is with the <BR>syntax Class.method. So, up here, if I wanted to, <BR>I could have typed &quot;PersonTest.assertEquals(...&quot;,]]></Caption>
      </captionObject>
      <captionObject>
         <Time>220.000000</Time>
         <Caption><![CDATA[in other words, the class and then the method. And <BR>that would have worked just as well. <BR>]]></Caption>
      </captionObject>
      <captionObject>
         <Time>224.300000</Time>
         <Caption><![CDATA[Since I&apos;m inside the PersonTest class, and since <BR>assertEquals() is a static method of this same <BR>class, ]]></Caption>
      </captionObject>
      <captionObject>
         <Time>233.700000</Time>
         <Caption><![CDATA[I can leave out the class name + &quot;.&quot; and just type <BR>the method name. <BR>]]></Caption>
      </captionObject>
      <captionObject>
         <Time>241.000000</Time>
         <Caption><![CDATA[Notice that static methods are displayed in <BR>italics, which helps us identify them as static <BR>methods. ]]></Caption>
      </captionObject>
      <captionObject>
         <Time>250.933333</Time>
         <Caption><![CDATA[OK, back to the testing. So, let&apos;s run the test <BR>again. We can re-run the test from the JUnit view <BR>just by pressing the Rerun Test button. ]]></Caption>
      </captionObject>
      <captionObject>
         <Time>266.300000</Time>
         <Caption><![CDATA[Now, when we run it, our first test method, the <BR>testPerson, has a green check next to it, <BR>indicating that it succeeded. ]]></Caption>
      </captionObject>
      <captionObject>
         <Time>275.366667</Time>
         <Caption><![CDATA[Let&apos;s do the second method. For this method, we&apos;ll <BR>create a Person object, change it&apos;s name, and make <BR>sure the new name is what we expect.  ]]></Caption>
      </captionObject>
      <captionObject>
         <Time>288.833333</Time>
         <Caption><![CDATA[I&apos;ll use code assist to help me create the new <BR>object. I&apos;ll type &quot;new&quot;, hit Ctrl+Space, and Code <BR>Assist offers to create a new object.   ]]></Caption>
      </captionObject>
      <captionObject>
         <Time>298.900000</Time>
         <Caption><![CDATA[I press Enter. My &quot;type&quot; is &quot;Person&quot;. I press Tab. <BR>I&apos;ll call the name &quot;p2&quot;. And I press Tab again. I <BR>don&apos;t need any &quot;arguments&quot;.  ]]></Caption>
      </captionObject>
      <captionObject>
         <Time>308.700000</Time>
         <Caption><![CDATA[And I&apos;ve got my Person object. Now I want to set <BR>the name. So I&apos;ll say &quot;p2.setName(&quot;Fred&quot;);&quot; and <BR>set the name to &quot;Fred&quot;. ]]></Caption>
      </captionObject>
      <captionObject>
         <Time>321.233333</Time>
         <Caption><![CDATA[And now I need to make sure that the new name <BR>equals &quot;Fred&quot;. <BR>]]></Caption>
      </captionObject>
      <captionObject>
         <Time>326.500000</Time>
         <Caption><![CDATA[So I type &quot;assertEquals(&quot;Fred&quot;,&quot; and then I want <BR>to compare that to &quot;p2.getName()&quot; method. <BR>]]></Caption>
      </captionObject>
      <captionObject>
         <Time>340.400000</Time>
         <Caption><![CDATA[Now, we&apos;ll go back to the JUnit view, re-run my <BR>test, and now testSetName works.<BR>]]></Caption>
      </captionObject>
      <captionObject>
         <Time>349.266667</Time>
         <Caption><![CDATA[The last method is very similar. Again, I&apos;ll <BR>create an object: Person p3 = new Person(); <BR>]]></Caption>
      </captionObject>
      <captionObject>
         <Time>367.800000</Time>
         <Caption><![CDATA[And this time I&apos;m going to set the maximumBooks<BR>to 10. Then we&apos;ll type: &quot;assertEquals(&quot;, and I&apos;ll <BR>say 10, and I&apos;m going to make a typing error here.]]></Caption>
      </captionObject>
      <captionObject>
         <Time>386.633333</Time>
         <Caption><![CDATA[I&apos;m going to try to type &quot;p2.getMaximumBooks()&quot;. <BR>When I type &quot;p2.get&quot; and hit the code assist, I <BR>get &quot;No Default Proposals&quot;. ]]></Caption>
      </captionObject>
      <captionObject>
         <Time>397.333333</Time>
         <Caption><![CDATA[So this is telling me right away that something is <BR>wrong. I would have expected to have a Person <BR>object]]></Caption>
      </captionObject>
      <captionObject>
         <Time>403.300000</Time>
         <Caption><![CDATA[in which case I should have some get methods <BR>available. When I look, I see that I have &quot;p2&quot;, <BR>which is a local variable up here. I need &quot;p3&quot;. ]]></Caption>
      </captionObject>
      <captionObject>
         <Time>413.200000</Time>
         <Caption><![CDATA[So now if I go back and change that to &quot;p3&quot;, I get <BR>the Code-Assist help that I expect. And I&apos;ll <BR>select &quot;getMaximumBooks()&quot;. ]]></Caption>
      </captionObject>
      <captionObject>
         <Time>422.800000</Time>
         <Caption><![CDATA[<BR>So, another benefit of Code Assist is that it can <BR>help us find typing mistakes right away. ]]></Caption>
      </captionObject>
      <captionObject>
         <Time>430.166667</Time>
         <Caption><![CDATA[Let&apos;s run our test one more time. The green bar <BR>indicates that all tests ran correctly. If we <BR>like, we can expand here and see all of the tests.]]></Caption>
      </captionObject>
      <captionObject>
         <Time>445.566667</Time>
         <Caption><![CDATA[Before we end this lesson, let&apos;s go back and see <BR>what a failed test looks like. <BR>]]></Caption>
      </captionObject>
      <captionObject>
         <Time>454.266667</Time>
         <Caption><![CDATA[I&apos;ll change this test to make it fail, because <BR>&quot;Freddy&quot; won&apos;t equal &quot;Fred&quot;. <BR>]]></Caption>
      </captionObject>
      <captionObject>
         <Time>459.533333</Time>
         <Caption><![CDATA[We&apos;ll re-run the test and see what a failure looks <BR>like. We see that &quot;testSetName&quot; failed. <BR>]]></Caption>
      </captionObject>
      <captionObject>
         <Time>469.933333</Time>
         <Caption><![CDATA[If we click on it, we can down here <BR>&quot;expected&lt;Fred[dy]&gt; but was: &lt;Fred[]&gt;&quot;.<BR>]]></Caption>
      </captionObject>
      <captionObject>
         <Time>475.233333</Time>
         <Caption><![CDATA[And another way we can expand that is by pressing <BR>this button &quot;Compare Actual With Expected Test <BR>Result&quot; button. ]]></Caption>
      </captionObject>
      <captionObject>
         <Time>481.833333</Time>
         <Caption><![CDATA[And we can see that what we expected was &quot;Freddy&quot; <BR>and what we got was &quot;Fred&quot;. So the test failed. <BR>]]></Caption>
      </captionObject>
      <captionObject>
         <Time>489.833333</Time>
         <Caption><![CDATA[So, we&apos;ll go back up, fix the test, run it, and <BR>we&apos;re back to a successful test. <BR>]]></Caption>
      </captionObject>
      <captionObject>
         <Time>503.966667</Time>
         <Caption><![CDATA[Now we&apos;ve got a unit test for the person class. As <BR>we make changes to this class, <BR>]]></Caption>
      </captionObject>
      <captionObject>
         <Time>510.066667</Time>
         <Caption><![CDATA[we&apos;ll be able to re-test very quickly to make sure <BR>we didn&apos;t break anything.  <BR>]]></Caption>
      </captionObject>
      <captionObject>
         <Time>515.033333</Time>
         <Caption><![CDATA[In the next lesson, we&apos;re going to use the “test <BR>first” approach to create a new method in the <BR>Person class.]]></Caption>
      </captionObject>
      <captionObject>
         <Time>521.433333</Time>
         <Caption><![CDATA[This is the end of Lesson 5. I&apos;m Mark Dexter <BR>saying so long for now.<BR>]]></Caption>
      </captionObject>
      <captionObject>
         <Time>526.733333</Time>
         <Caption><![CDATA[(Closing music ...)]]></Caption>
      </captionObject>
   </array>
</CaptionXML>
</Caption_Array_Object>
</CaptionPlayerXML_Array>
<CaptionFontHeight>23</CaptionFontHeight>
<MaxCaptionsCharsPerLine>50</MaxCaptionsCharsPerLine>
<TimelineCaptionCount>56</TimelineCaptionCount>
<CaptionHeight>0</CaptionHeight>
<CloseCaptions_Array>
<captionObject>
<Time>0.000000</Time>
<Caption><![CDATA[(Opening music ...)<BR><BR>]]></Caption>
</captionObject>
<captionObject>
<Time>9.400000</Time>
<Caption><![CDATA[Hello again, welcome to Eclipse and Java for Total <BR>Beginners. <BR>]]></Caption>
</captionObject>
<captionObject>
<Time>14.400000</Time>
<Caption><![CDATA[In this lesson, we are going to continue with our <BR>JUnit testing and actually write the test methods <BR>to test our person class.]]></Caption>
</captionObject>
<captionObject>
<Time>23.700000</Time>
<Caption><![CDATA[Now, if you remember from last time, we had used <BR>Eclipes to build the outline of our PersonTest <BR>class, ]]></Caption>
</captionObject>
<captionObject>
<Time>32.400000</Time>
<Caption><![CDATA[and we&apos;re ready to write our test methods. So <BR>let&apos;s get started. <BR>]]></Caption>
</captionObject>
<captionObject>
<Time>39.800000</Time>
<Caption><![CDATA[First, we&apos;re going to test the constructor. We&apos;ll <BR>take out this &quot;fail&quot; statement, and let&apos;s quickly <BR>review what the constructor is supposed to do.]]></Caption>
</captionObject>
<captionObject>
<Time>50.733333</Time>
<Caption><![CDATA[The constructor is supposed to set the name to <BR>“unknown name” and maximumBooks equal to 3.  <BR>]]></Caption>
</captionObject>
<captionObject>
<Time>56.833333</Time>
<Caption><![CDATA[So what want to do is create a new Person object <BR>and then make sure those values are set as the <BR>should be.]]></Caption>
</captionObject>
<captionObject>
<Time>67.500000</Time>
<Caption><![CDATA[So, the first line should be familiar. We&apos;ll type <BR>Person p1 = new Person();<BR>]]></Caption>
</captionObject>
<captionObject>
<Time>76.900000</Time>
<Caption><![CDATA[Now the second line is new. We&apos;re going to type<BR>&quot;assertEquals&quot; (I&apos;ll use Ctrl+Space to help me <BR>fill out the text.)]]></Caption>
</captionObject>
<captionObject>
<Time>88.500000</Time>
<Caption><![CDATA[This has an &quot;expected&quot; and an &quot;actual&quot; in my <BR>template. For my &quot;expected&quot;, I&apos;ll enter &quot;unknown <BR>name&quot;.]]></Caption>
</captionObject>
<captionObject>
<Time>98.033333</Time>
<Caption><![CDATA[And for my &quot;actual&quot;, I need to get the name from <BR>the Person, so I&apos;ll enter &quot;p1.get&quot;, press <BR>Ctrl+Space, and select getName().]]></Caption>
</captionObject>
<captionObject>
<Time>113.500000</Time>
<Caption><![CDATA[And then I end with a semi-colon (;). Now, I&apos;ll do <BR>a very similar line to test the maximumBooks. <BR>]]></Caption>
</captionObject>
<captionObject>
<Time>121.700000</Time>
<Caption><![CDATA[I&apos;ll say &quot;assertEquals&quot; (using Code Assist, <BR>because I&apos;m lazy). This time I&apos;ll say &quot;3&quot; for the <BR>expected, and p1.getMaximumBooks() for the actual.]]></Caption>
</captionObject>
<captionObject>
<Time>135.133333</Time>
<Caption><![CDATA[So, all I&apos;m doing here is using a special method, <BR>assertEquals. I&apos;m saying that &quot;unknown name&quot; and <BR>p1.getName() should be the same. ]]></Caption>
</captionObject>
<captionObject>
<Time>146.200000</Time>
<Caption><![CDATA[And I&apos;m saying that 3 and p1.getMaximumBooks() <BR>should be the same. <BR>]]></Caption>
</captionObject>
<captionObject>
<Time>152.100000</Time>
<Caption><![CDATA[Where does the method assertEquals() come from? It <BR>comes from the TestCase class, the superclass of <BR>PersonTest.]]></Caption>
</captionObject>
<captionObject>
<Time>165.900000</Time>
<Caption><![CDATA[But where is the dot? Why don&apos;t we have to create <BR>an object of type PersonTest and then call the <BR>method using the dot?]]></Caption>
</captionObject>
<captionObject>
<Time>174.233333</Time>
<Caption><![CDATA[(Like, for example, <BR>PersonTest pt = new PersonTest();<BR>pt.assertEquals( ... ) )]]></Caption>
</captionObject>
<captionObject>
<Time>184.600000</Time>
<Caption><![CDATA[The answer is that assertEquals() is what is <BR>called a static method. <BR>]]></Caption>
</captionObject>
<captionObject>
<Time>190.700000</Time>
<Caption><![CDATA[A static method is a method that doesn&apos;t depend on <BR>a particular instance of the class. <BR>]]></Caption>
</captionObject>
<captionObject>
<Time>197.700000</Time>
<Caption><![CDATA[So it doesn&apos;t need an instance of the class –- in <BR>other words, an object –- in order to be executed. <BR>]]></Caption>
</captionObject>
<captionObject>
<Time>203.633333</Time>
<Caption><![CDATA[So the way we invoke a static method is with the <BR>syntax Class.method. So, up here, if I wanted to, <BR>I could have typed &quot;PersonTest.assertEquals(...&quot;,]]></Caption>
</captionObject>
<captionObject>
<Time>220.000000</Time>
<Caption><![CDATA[in other words, the class and then the method. And <BR>that would have worked just as well. <BR>]]></Caption>
</captionObject>
<captionObject>
<Time>224.300000</Time>
<Caption><![CDATA[Since I&apos;m inside the PersonTest class, and since <BR>assertEquals() is a static method of this same <BR>class, ]]></Caption>
</captionObject>
<captionObject>
<Time>233.700000</Time>
<Caption><![CDATA[I can leave out the class name + &quot;.&quot; and just type <BR>the method name. <BR>]]></Caption>
</captionObject>
<captionObject>
<Time>241.000000</Time>
<Caption><![CDATA[Notice that static methods are displayed in <BR>italics, which helps us identify them as static <BR>methods. ]]></Caption>
</captionObject>
<captionObject>
<Time>250.933333</Time>
<Caption><![CDATA[OK, back to the testing. So, let&apos;s run the test <BR>again. We can re-run the test from the JUnit view <BR>just by pressing the Rerun Test button. ]]></Caption>
</captionObject>
<captionObject>
<Time>266.300000</Time>
<Caption><![CDATA[Now, when we run it, our first test method, the <BR>testPerson, has a green check next to it, <BR>indicating that it succeeded. ]]></Caption>
</captionObject>
<captionObject>
<Time>275.366667</Time>
<Caption><![CDATA[Let&apos;s do the second method. For this method, we&apos;ll <BR>create a Person object, change it&apos;s name, and make <BR>sure the new name is what we expect.  ]]></Caption>
</captionObject>
<captionObject>
<Time>288.833333</Time>
<Caption><![CDATA[I&apos;ll use code assist to help me create the new <BR>object. I&apos;ll type &quot;new&quot;, hit Ctrl+Space, and Code <BR>Assist offers to create a new object.   ]]></Caption>
</captionObject>
<captionObject>
<Time>298.900000</Time>
<Caption><![CDATA[I press Enter. My &quot;type&quot; is &quot;Person&quot;. I press Tab. <BR>I&apos;ll call the name &quot;p2&quot;. And I press Tab again. I <BR>don&apos;t need any &quot;arguments&quot;.  ]]></Caption>
</captionObject>
<captionObject>
<Time>308.700000</Time>
<Caption><![CDATA[And I&apos;ve got my Person object. Now I want to set <BR>the name. So I&apos;ll say &quot;p2.setName(&quot;Fred&quot;);&quot; and <BR>set the name to &quot;Fred&quot;. ]]></Caption>
</captionObject>
<captionObject>
<Time>321.233333</Time>
<Caption><![CDATA[And now I need to make sure that the new name <BR>equals &quot;Fred&quot;. <BR>]]></Caption>
</captionObject>
<captionObject>
<Time>326.500000</Time>
<Caption><![CDATA[So I type &quot;assertEquals(&quot;Fred&quot;,&quot; and then I want <BR>to compare that to &quot;p2.getName()&quot; method. <BR>]]></Caption>
</captionObject>
<captionObject>
<Time>340.400000</Time>
<Caption><![CDATA[Now, we&apos;ll go back to the JUnit view, re-run my <BR>test, and now testSetName works.<BR>]]></Caption>
</captionObject>
<captionObject>
<Time>349.266667</Time>
<Caption><![CDATA[The last method is very similar. Again, I&apos;ll <BR>create an object: Person p3 = new Person(); <BR>]]></Caption>
</captionObject>
<captionObject>
<Time>367.800000</Time>
<Caption><![CDATA[And this time I&apos;m going to set the maximumBooks<BR>to 10. Then we&apos;ll type: &quot;assertEquals(&quot;, and I&apos;ll <BR>say 10, and I&apos;m going to make a typing error here.]]></Caption>
</captionObject>
<captionObject>
<Time>386.633333</Time>
<Caption><![CDATA[I&apos;m going to try to type &quot;p2.getMaximumBooks()&quot;. <BR>When I type &quot;p2.get&quot; and hit the code assist, I <BR>get &quot;No Default Proposals&quot;. ]]></Caption>
</captionObject>
<captionObject>
<Time>397.333333</Time>
<Caption><![CDATA[So this is telling me right away that something is <BR>wrong. I would have expected to have a Person <BR>object]]></Caption>
</captionObject>
<captionObject>
<Time>403.300000</Time>
<Caption><![CDATA[in which case I should have some get methods <BR>available. When I look, I see that I have &quot;p2&quot;, <BR>which is a local variable up here. I need &quot;p3&quot;. ]]></Caption>
</captionObject>
<captionObject>
<Time>413.200000</Time>
<Caption><![CDATA[So now if I go back and change that to &quot;p3&quot;, I get <BR>the Code-Assist help that I expect. And I&apos;ll <BR>select &quot;getMaximumBooks()&quot;. ]]></Caption>
</captionObject>
<captionObject>
<Time>422.800000</Time>
<Caption><![CDATA[<BR>So, another benefit of Code Assist is that it can <BR>help us find typing mistakes right away. ]]></Caption>
</captionObject>
<captionObject>
<Time>430.166667</Time>
<Caption><![CDATA[Let&apos;s run our test one more time. The green bar <BR>indicates that all tests ran correctly. If we <BR>like, we can expand here and see all of the tests.]]></Caption>
</captionObject>
<captionObject>
<Time>445.566667</Time>
<Caption><![CDATA[Before we end this lesson, let&apos;s go back and see <BR>what a failed test looks like. <BR>]]></Caption>
</captionObject>
<captionObject>
<Time>454.266667</Time>
<Caption><![CDATA[I&apos;ll change this test to make it fail, because <BR>&quot;Freddy&quot; won&apos;t equal &quot;Fred&quot;. <BR>]]></Caption>
</captionObject>
<captionObject>
<Time>459.533333</Time>
<Caption><![CDATA[We&apos;ll re-run the test and see what a failure looks <BR>like. We see that &quot;testSetName&quot; failed. <BR>]]></Caption>
</captionObject>
<captionObject>
<Time>469.933333</Time>
<Caption><![CDATA[If we click on it, we can down here <BR>&quot;expected&lt;Fred[dy]&gt; but was: &lt;Fred[]&gt;&quot;.<BR>]]></Caption>
</captionObject>
<captionObject>
<Time>475.233333</Time>
<Caption><![CDATA[And another way we can expand that is by pressing <BR>this button &quot;Compare Actual With Expected Test <BR>Result&quot; button. ]]></Caption>
</captionObject>
<captionObject>
<Time>481.833333</Time>
<Caption><![CDATA[And we can see that what we expected was &quot;Freddy&quot; <BR>and what we got was &quot;Fred&quot;. So the test failed. <BR>]]></Caption>
</captionObject>
<captionObject>
<Time>489.833333</Time>
<Caption><![CDATA[So, we&apos;ll go back up, fix the test, run it, and <BR>we&apos;re back to a successful test. <BR>]]></Caption>
</captionObject>
<captionObject>
<Time>503.966667</Time>
<Caption><![CDATA[Now we&apos;ve got a unit test for the person class. As <BR>we make changes to this class, <BR>]]></Caption>
</captionObject>
<captionObject>
<Time>510.066667</Time>
<Caption><![CDATA[we&apos;ll be able to re-test very quickly to make sure <BR>we didn&apos;t break anything.  <BR>]]></Caption>
</captionObject>
<captionObject>
<Time>515.033333</Time>
<Caption><![CDATA[In the next lesson, we&apos;re going to use the “test <BR>first” approach to create a new method in the <BR>Person class.]]></Caption>
</captionObject>
<captionObject>
<Time>521.433333</Time>
<Caption><![CDATA[This is the end of Lesson 5. I&apos;m Mark Dexter <BR>saying so long for now.<BR>]]></Caption>
</captionObject>
<captionObject>
<Time>526.733333</Time>
<Caption><![CDATA[(Closing music ...)]]></Caption>
</captionObject>
</CloseCaptions_Array>
<NumMetaDataTypes>286</NumMetaDataTypes>
<MetaData_Array>
<MetaData_Object>
<MetaDataType>Date</MetaDataType>
<MetaDataValue>Monday, June 18, 2007</MetaDataValue>
<MetaDataEmbedName>DC.date</MetaDataEmbedName>
</MetaData_Object>
<MetaData_Object>
<MetaDataType>Language</MetaDataType>
<MetaDataValue>ENU</MetaDataValue>
<MetaDataEmbedName>DC.language</MetaDataEmbedName>
</MetaData_Object>
<MetaData_Object>
<MetaDataType>Title</MetaDataType>
<MetaDataValue>lesson05</MetaDataValue>
<MetaDataEmbedName>DC.title</MetaDataEmbedName>
</MetaData_Object>
</MetaData_Array>
<NumFileTypesUsedByProduction>4</NumFileTypesUsedByProduction>
<FileTypesUsed_Array>
<FileTypeUsed_Object>
<FileTypeName>Video</FileTypeName>
</FileTypeUsed_Object>
<FileTypeUsed_Object>
<FileTypeName>HTMLFile</FileTypeName>
</FileTypeUsed_Object>
<FileTypeUsed_Object>
<FileTypeName>EmbededPlayerJS</FileTypeName>
</FileTypeUsed_Object>
<FileTypeUsed_Object>
<FileTypeName>ProductionInfoXML</FileTypeName>
</FileTypeUsed_Object>
</FileTypesUsed_Array>
<NumFilesTotal>4</NumFilesTotal>
<ProducedFiles_Array>
<ProducedFile_Object>
<FileName>C:\Documents and Settings\Mark\My Documents\Camtasia Studio\Total Beginners\output-200711\lesson05\lesson05.swf</FileName>
<FileSize>14487725</FileSize>
<FileType>Video</FileType>
<WhichFilesOfCurType>0</WhichFilesOfCurType>
<TotalFilesOfCurType>1</TotalFilesOfCurType>
</ProducedFile_Object>
<ProducedFile_Object>
<FileName>C:\Documents and Settings\Mark\My Documents\Camtasia Studio\Total Beginners\output-200711\lesson05\lesson05.html</FileName>
<FileSize>3094</FileSize>
<FileType>HTMLFile</FileType>
<WhichFilesOfCurType>0</WhichFilesOfCurType>
<TotalFilesOfCurType>1</TotalFilesOfCurType>
</ProducedFile_Object>
<ProducedFile_Object>
<FileName>C:\Documents and Settings\Mark\My Documents\Camtasia Studio\Total Beginners\output-200711\lesson05\swfobject.js</FileName>
<FileSize>6880</FileSize>
<FileType>EmbededPlayerJS</FileType>
<WhichFilesOfCurType>0</WhichFilesOfCurType>
<TotalFilesOfCurType>1</TotalFilesOfCurType>
</ProducedFile_Object>
<ProducedFile_Object>
<FileName>C:\Documents and Settings\Mark\My Documents\Camtasia Studio\Total Beginners\output-200711\lesson05\ProductionInfo.xml</FileName>
<FileSize>41579</FileSize>
<FileType>ProductionInfoXML</FileType>
<WhichFilesOfCurType>0</WhichFilesOfCurType>
<TotalFilesOfCurType>1</TotalFilesOfCurType>
</ProducedFile_Object>
</ProducedFiles_Array>
<OutputBasePath>C:\Documents and Settings\Mark\My Documents\Camtasia Studio\Total Beginners\output-200711\lesson05\</OutputBasePath>
<ProductionFormat>SWF</ProductionFormat>
<NumVideoSegments>1</NumVideoSegments>
<NumHTMLFiles>1</NumHTMLFiles>
<TotalProductionSize>14539278</TotalProductionSize>
<m_cf_rtRenderRangeStart>-1</m_cf_rtRenderRangeStart>
<m_cf_rtRenderRangeStop>-1</m_cf_rtRenderRangeStop>
<m_cf_strTempDir>C:\DOCUME~1\Mark\LOCALS~1\Temp\</m_cf_strTempDir>
<m_cf_bWritePIPFile>0</m_cf_bWritePIPFile>
<m_cf_bDisablePIPVideo>1</m_cf_bDisablePIPVideo>
<m_cf_bWriteIndex>1</m_cf_bWriteIndex>
<m_cf_bWriteMultipleFiles>0</m_cf_bWriteMultipleFiles>
<m_cf_strHTMLTemplateName>Template.htm</m_cf_strHTMLTemplateName>
<m_cf_HTMLAlignment>1</m_cf_HTMLAlignment>
<m_cf_bSCORMOutput>0</m_cf_bSCORMOutput>
<m_cf_bController>1</m_cf_bController>
<m_cf_bAutoPlay>1</m_cf_bAutoPlay>
<m_cf_bNumberIndexMarkers>0</m_cf_bNumberIndexMarkers>
<m_cf_bShortenIndexNames>1</m_cf_bShortenIndexNames>
<m_cf_nShortenedIndexLength>17</m_cf_nShortenedIndexLength>
<m_cf_bQuizShowFeedback>1</m_cf_bQuizShowFeedback>
<m_cf_bEMailQuizResults>0</m_cf_bEMailQuizResults>
<m_cf_bEMailIncludeScore>0</m_cf_bEMailIncludeScore>
<m_cf_bJavaScriptQuizResults>0</m_cf_bJavaScriptQuizResults>
<m_cf_bHTMLOutput>1</m_cf_bHTMLOutput>
<m_cf_SCORMVersion>0</m_cf_SCORMVersion>
<m_cf_strManifestID>ID-029E2694-B18A-45F6-8697-978791C24DBD</m_cf_strManifestID>
<m_cf_strManifestTitle></m_cf_strManifestTitle>
<m_cf_strDuration>0:08:54.28</m_cf_strDuration>
<m_cf_strSubject></m_cf_strSubject>
<m_cf_strManifestDescription></m_cf_strManifestDescription>
<m_cf_strLanguage>en</m_cf_strLanguage>
<m_cf_SCORMPackage>2</m_cf_SCORMPackage>
<m_cf_strSCOTitle></m_cf_strSCOTitle>
<m_cf_ProductionFormat>8</m_cf_ProductionFormat>
<m_cf_strTitle></m_cf_strTitle>
<m_cf_strAuthor></m_cf_strAuthor>
<m_cf_strCopyright></m_cf_strCopyright>
<m_cf_strDescription></m_cf_strDescription>
<m_cf_MultiFileOutputStyle>0</m_cf_MultiFileOutputStyle>
<m_cf_strVideoCompressor>Techsmith Screen Capture Codec</m_cf_strVideoCompressor>
<m_cf_bAddCaption>0</m_cf_bAddCaption>
<m_cf_bWriteCCInfo>1</m_cf_bWriteCCInfo>
<m_cf_bOverlayCaption>1</m_cf_bOverlayCaption>
<m_cf_strCaptionFontFamily>Microsoft Sans Serif</m_cf_strCaptionFontFamily>
<m_cf_bAddIPODFileToProduction>0</m_cf_bAddIPODFileToProduction>
<m_cf_bAddMP3FileToProduction>0</m_cf_bAddMP3FileToProduction>
<m_cf_bAddPPTFileToProduction>0</m_cf_bAddPPTFileToProduction>
<m_cf_strPPTFileToAddToProduction></m_cf_strPPTFileToAddToProduction>
<m_cf_bAviEncodeAudio>1</m_cf_bAviEncodeAudio>
<m_cf_AVIFrameRate>10</m_cf_AVIFrameRate>
<m_cf_nKeyFrameRate>30</m_cf_nKeyFrameRate>
<m_cf_PIP_nKeyFrameRate>30</m_cf_PIP_nKeyFrameRate>
<m_cf_PIP_AVIFrameRate>0</m_cf_PIP_AVIFrameRate>
<m_cf_SwfPlaybackControls>0</m_cf_SwfPlaybackControls>
<m_cf_strControllerSkinName>glass</m_cf_strControllerSkinName>
<m_cf_nSwfTargetVersion>7</m_cf_nSwfTargetVersion>
<m_cf_bSwfMatchPreloadMovieSize>0</m_cf_bSwfMatchPreloadMovieSize>
<m_cf_bSwfPauseAtStart>1</m_cf_bSwfPauseAtStart>
<m_cf_bSwfPreloadAdvanced>1</m_cf_bSwfPreloadAdvanced>
<m_cf_bSwfSingleSWF>1</m_cf_bSwfSingleSWF>
<m_cf_nSwfMainMovieLoadPercent>10</m_cf_nSwfMainMovieLoadPercent>
<m_cf_nSwfPreloadMinDisplayTime>3</m_cf_nSwfPreloadMinDisplayTime>
<m_cf_clrSwfControlColor>0x00C0C0C0</m_cf_clrSwfControlColor>
<m_cf_bSwfShowAboutBtn>1</m_cf_bSwfShowAboutBtn>
<m_cf_strSwfAboutBoxTxt>Copyright (c) 2007 Mark Dexter. Licensed under the Educational Community License version 1.0.</m_cf_strSwfAboutBoxTxt>
<m_cf_strSwfAboutBoxInfoTxt></m_cf_strSwfAboutBoxInfoTxt>
<m_cf_strSwfAboutTitle>Total Beginners</m_cf_strSwfAboutTitle>
<m_cf_strSwfStartTxt>Eclipse and Java for Total Beginners</m_cf_strSwfStartTxt>
<m_cf_SwfAboutBoxWidth>336</m_cf_SwfAboutBoxWidth>
<m_cf_SwfAboutBoxHeight>270</m_cf_SwfAboutBoxHeight>
<m_cf_bSwfAboutBoxTabSelected>1</m_cf_bSwfAboutBoxTabSelected>
<m_cf_strSwfTimeDisplayFormat>MM:SS</m_cf_strSwfTimeDisplayFormat>
<m_cf_bSwfCCInitiallyVisible>0</m_cf_bSwfCCInitiallyVisible>
<m_cf_bSwfFullScreen>0</m_cf_bSwfFullScreen>
<m_cf_bSwfAllowResizing>1</m_cf_bSwfAllowResizing>
<m_cf_nSwfVolueme>50</m_cf_nSwfVolueme>
<m_cf_bSwfBrandContextMenu>0</m_cf_bSwfBrandContextMenu>
<m_cf_SwfTOCType>1</m_cf_SwfTOCType>
<m_cf_SwfTOCTitle></m_cf_SwfTOCTitle>
<m_cf_bSwfShowMovieDuration>1</m_cf_bSwfShowMovieDuration>
<m_cf_bSwfShowTimeElapsed>1</m_cf_bSwfShowTimeElapsed>
<m_cf_strSwfTimeFont>Arial</m_cf_strSwfTimeFont>
<m_cf_clrSwfTimeFontColor>0x00000000</m_cf_clrSwfTimeFontColor>
<m_cf_SwfEndAction>0</m_cf_SwfEndAction>
<m_cf_strSwfEndActionUrl>http://</m_cf_strSwfEndActionUrl>
<m_cf_nSwfEndActionTarget>0</m_cf_nSwfEndActionTarget>
<m_cf_bPauseAfterJump>1</m_cf_bPauseAfterJump>
<m_cf_rtJumpPoint>0</m_cf_rtJumpPoint>
<m_cf_strSwfStartLogo></m_cf_strSwfStartLogo>
<m_cf_strSwfEndLogo>EndLogo</m_cf_strSwfEndLogo>
<m_cf_strSwfAboutLogo></m_cf_strSwfAboutLogo>
<m_cf_strSwfAboutTitleLogo></m_cf_strSwfAboutTitleLogo>
<m_cf_strSwfTocLogo></m_cf_strSwfTocLogo>
</Production_Data>
