﻿<?xml version="1.0" encoding="utf-8"?>
<Production_Data Version="5.00">
  <HTMLTemplateFile>Template.htm</HTMLTemplateFile>
  <HTMLTemplateBodyFile>expressShow\SSWFTemplate-body.htm</HTMLTemplateBodyFile>
  <HTMLTemplateHeaderFile>expressShow\SSWFTemplate-header.htm</HTMLTemplateHeaderFile>
  <VideoFilenameWithPath>C:\Documents and Settings\Mark\My Documents\Camtasia Studio\Total Beginners\output-200711\lesson01\lesson01.swf</VideoFilenameWithPath>
  <AddIPodFileSize>0 bytes</AddIPodFileSize>
  <AddMP3FileSize>0 bytes</AddMP3FileSize>
  <AddPPTFileSize>0 bytes</AddPPTFileSize>
  <ProjectName>lesson01</ProjectName>
  <MediaDir></MediaDir>
  <ShouldCreateMediaDir>0</ShouldCreateMediaDir>
  <MaxTimelineWidth>800</MaxTimelineWidth>
  <MaxTimelineHeight>600</MaxTimelineHeight>
  <MaxTimelineFPS>15.00</MaxTimelineFPS>
  <MaxVideoWidth>800</MaxVideoWidth>
  <MaxVideoHeight>600</MaxVideoHeight>
  <MaxVideoFPS>15.00</MaxVideoFPS>
  <MaxPIPWidth>0</MaxPIPWidth>
  <MaxPIPHeight>0</MaxPIPHeight>
  <MaxPIPFPS>0.00</MaxPIPFPS>
  <VideoDuration>699.90</VideoDuration>
  <PIPVideoDuration>699.30</PIPVideoDuration>
  <VideoFPS>30.00</VideoFPS>
  <PIPVideoFPS>30.00</PIPVideoFPS>
  <VideoWidth>800</VideoWidth>
  <VideoHeight>618</VideoHeight>
  <ActualVideoWidth>800</ActualVideoWidth>
  <ActualVideoHeight>600</ActualVideoHeight>
  <PIPVideoWidth>160</PIPVideoWidth>
  <PIPVideoHeight>120</PIPVideoHeight>
  <TOCWidth>-1</TOCWidth>
  <MinTOCWidth>160</MinTOCWidth>
  <TOCDividerHeight>18</TOCDividerHeight>
  <TimelineHasAudio>1</TimelineHasAudio>
  <TimelineDuration>6999000000</TimelineDuration>
  <SWFControllerTotalHeight>18</SWFControllerTotalHeight>
  <SWFMinWidth>320</SWFMinWidth>
  <SWFTOCXPos>0</SWFTOCXPos>
  <SWFTOCYPos>0</SWFTOCYPos>
  <SWFTOCWidth>160</SWFTOCWidth>
  <SWFTOCHeight>600</SWFTOCHeight>
  <SWFHasPIPOverlay>0</SWFHasPIPOverlay>
  <SWFControllerColor></SWFControllerColor>
  <SWFTimeDispFontColor>0x000000</SWFTimeDispFontColor>
  <SWFPlaybackConfigFileName>lesson01_config.xml</SWFPlaybackConfigFileName>
  <SWFPlaybackControllerFileName>lesson01_controller.swf</SWFPlaybackControllerFileName>
  <SWFPreloaderFileName></SWFPreloaderFileName>
  <StripWhitespace>0</StripWhitespace>
  <WritingImages>0</WritingImages>
  <WritePreviewXML>0</WritePreviewXML>
  <DisableTOC>0</DisableTOC>
  <AutoPlay>0</AutoPlay>
  <CancelledProduction>0</CancelledProduction>
  <CancelledProdLength>6995000000</CancelledProdLength>
  <Hotspot_Array>
    <Hotspot_Array_Object>
      <array>
        <hotspot></hotspot>
        <hotspot></hotspot>
        <hotspot></hotspot>
        <hotspot></hotspot>
        <hotspot></hotspot>
        <hotspot></hotspot>
        <hotspot></hotspot>
        <hotspot></hotspot>
        <hotspot></hotspot>
        <hotspot></hotspot>
        <hotspot></hotspot>
        <hotspot></hotspot>
        <hotspot></hotspot>
        <hotspot></hotspot>
        <hotspot></hotspot>
        <hotspot></hotspot>
        <hotspot></hotspot>
      </array>
    </Hotspot_Array_Object>
  </Hotspot_Array>
  <AdjGlobalRenderRangeStart>-1</AdjGlobalRenderRangeStart>
  <AdjGlobalRenderRangeStop>-1</AdjGlobalRenderRangeStop>
  <AdjRenderRange_Array>
    <AdjRenderRange_Obj>
      <AdjRenderRangeStart>0</AdjRenderRangeStart>
      <AdjRenderRangeStop>445666667</AdjRenderRangeStop>
    </AdjRenderRange_Obj>
    <AdjRenderRange_Obj>
      <AdjRenderRangeStart>445666667</AdjRenderRangeStart>
      <AdjRenderRangeStop>965333333</AdjRenderRangeStop>
    </AdjRenderRange_Obj>
    <AdjRenderRange_Obj>
      <AdjRenderRangeStart>965333333</AdjRenderRangeStart>
      <AdjRenderRangeStop>1485666667</AdjRenderRangeStop>
    </AdjRenderRange_Obj>
    <AdjRenderRange_Obj>
      <AdjRenderRangeStart>1485666667</AdjRenderRangeStart>
      <AdjRenderRangeStop>1979333333</AdjRenderRangeStop>
    </AdjRenderRange_Obj>
    <AdjRenderRange_Obj>
      <AdjRenderRangeStart>1979333333</AdjRenderRangeStart>
      <AdjRenderRangeStop>2458000000</AdjRenderRangeStop>
    </AdjRenderRange_Obj>
    <AdjRenderRange_Obj>
      <AdjRenderRangeStart>2458000000</AdjRenderRangeStart>
      <AdjRenderRangeStop>2804333333</AdjRenderRangeStop>
    </AdjRenderRange_Obj>
    <AdjRenderRange_Obj>
      <AdjRenderRangeStart>2804333333</AdjRenderRangeStart>
      <AdjRenderRangeStop>3891000000</AdjRenderRangeStop>
    </AdjRenderRange_Obj>
    <AdjRenderRange_Obj>
      <AdjRenderRangeStart>3891000000</AdjRenderRangeStart>
      <AdjRenderRangeStop>4415000000</AdjRenderRangeStop>
    </AdjRenderRange_Obj>
    <AdjRenderRange_Obj>
      <AdjRenderRangeStart>4415000000</AdjRenderRangeStart>
      <AdjRenderRangeStop>5017000000</AdjRenderRangeStop>
    </AdjRenderRange_Obj>
    <AdjRenderRange_Obj>
      <AdjRenderRangeStart>5017000000</AdjRenderRangeStart>
      <AdjRenderRangeStop>5432333333</AdjRenderRangeStop>
    </AdjRenderRange_Obj>
    <AdjRenderRange_Obj>
      <AdjRenderRangeStart>5432333333</AdjRenderRangeStart>
      <AdjRenderRangeStop>6257333333</AdjRenderRangeStop>
    </AdjRenderRange_Obj>
    <AdjRenderRange_Obj>
      <AdjRenderRangeStart>6257333333</AdjRenderRangeStart>
      <AdjRenderRangeStop>6999000000</AdjRenderRangeStop>
    </AdjRenderRange_Obj>
  </AdjRenderRange_Array>
  <AdjMarkerDuration_Array>
    <AdjMarkerDuration_Obj>
      <AdjMarkerDuration>445666667</AdjMarkerDuration>
    </AdjMarkerDuration_Obj>
    <AdjMarkerDuration_Obj>
      <AdjMarkerDuration>519666667</AdjMarkerDuration>
    </AdjMarkerDuration_Obj>
    <AdjMarkerDuration_Obj>
      <AdjMarkerDuration>520333333</AdjMarkerDuration>
    </AdjMarkerDuration_Obj>
    <AdjMarkerDuration_Obj>
      <AdjMarkerDuration>493666667</AdjMarkerDuration>
    </AdjMarkerDuration_Obj>
    <AdjMarkerDuration_Obj>
      <AdjMarkerDuration>478666667</AdjMarkerDuration>
    </AdjMarkerDuration_Obj>
    <AdjMarkerDuration_Obj>
      <AdjMarkerDuration>346333333</AdjMarkerDuration>
    </AdjMarkerDuration_Obj>
    <AdjMarkerDuration_Obj>
      <AdjMarkerDuration>1086666667</AdjMarkerDuration>
    </AdjMarkerDuration_Obj>
    <AdjMarkerDuration_Obj>
      <AdjMarkerDuration>524000000</AdjMarkerDuration>
    </AdjMarkerDuration_Obj>
    <AdjMarkerDuration_Obj>
      <AdjMarkerDuration>602000000</AdjMarkerDuration>
    </AdjMarkerDuration_Obj>
    <AdjMarkerDuration_Obj>
      <AdjMarkerDuration>415333333</AdjMarkerDuration>
    </AdjMarkerDuration_Obj>
    <AdjMarkerDuration_Obj>
      <AdjMarkerDuration>825000000</AdjMarkerDuration>
    </AdjMarkerDuration_Obj>
    <AdjMarkerDuration_Obj>
      <AdjMarkerDuration>741666667</AdjMarkerDuration>
    </AdjMarkerDuration_Obj>
  </AdjMarkerDuration_Array>
  <AdjMarkerTimes_Array>
    <AdjMarkerTime_Obj>
      <AdjMarkerTime>0</AdjMarkerTime>
    </AdjMarkerTime_Obj>
    <AdjMarkerTime_Obj>
      <AdjMarkerTime>445666667</AdjMarkerTime>
    </AdjMarkerTime_Obj>
    <AdjMarkerTime_Obj>
      <AdjMarkerTime>965333333</AdjMarkerTime>
    </AdjMarkerTime_Obj>
    <AdjMarkerTime_Obj>
      <AdjMarkerTime>1485666667</AdjMarkerTime>
    </AdjMarkerTime_Obj>
    <AdjMarkerTime_Obj>
      <AdjMarkerTime>1979333333</AdjMarkerTime>
    </AdjMarkerTime_Obj>
    <AdjMarkerTime_Obj>
      <AdjMarkerTime>2458000000</AdjMarkerTime>
    </AdjMarkerTime_Obj>
    <AdjMarkerTime_Obj>
      <AdjMarkerTime>2804333333</AdjMarkerTime>
    </AdjMarkerTime_Obj>
    <AdjMarkerTime_Obj>
      <AdjMarkerTime>3891000000</AdjMarkerTime>
    </AdjMarkerTime_Obj>
    <AdjMarkerTime_Obj>
      <AdjMarkerTime>4415000000</AdjMarkerTime>
    </AdjMarkerTime_Obj>
    <AdjMarkerTime_Obj>
      <AdjMarkerTime>5017000000</AdjMarkerTime>
    </AdjMarkerTime_Obj>
    <AdjMarkerTime_Obj>
      <AdjMarkerTime>5432333333</AdjMarkerTime>
    </AdjMarkerTime_Obj>
    <AdjMarkerTime_Obj>
      <AdjMarkerTime>6257333333</AdjMarkerTime>
    </AdjMarkerTime_Obj>
  </AdjMarkerTimes_Array>
  <HasQuizQuestions>0</HasQuizQuestions>
  <m_strQuizQuestionOfString>Question @ of @</m_strQuizQuestionOfString>
  <m_strQuizPrevString>Prev</m_strQuizPrevString>
  <m_strQuizSubmitString>Submit</m_strQuizSubmitString>
  <m_strQuizNextString>Next</m_strQuizNextString>
  <m_strQuizDoneString>Done</m_strQuizDoneString>
  <m_strQuizPreviewString>Preview</m_strQuizPreviewString>
  <m_strQuizSendString>Send</m_strQuizSendString>
  <m_strQuizMainMessageString>You have reached the end of the questions and this video. Your answers are ready to be sent.</m_strQuizMainMessageString>
  <m_strQuizEmailContentsString>E-mail Contents</m_strQuizEmailContentsString>
  <m_strQuizEmailToString>E-mail to </m_strQuizEmailToString>
  <m_strQuizAnswersSentString>Your answers have been sent.</m_strQuizAnswersSentString>
  <m_strQuizSummaryString>You have completed @ of @ questions.</m_strQuizSummaryString>
  <m_strQuizScoreString>Score = @/@</m_strQuizScoreString>
  <m_strQuizSummaryTitleString>Answers Summary</m_strQuizSummaryTitleString>
  <Quiz_Array></Quiz_Array>
  <Markers_Array>
    <Marker_Object>
      <MarkerName>Introduction</MarkerName>
      <MarkerImage></MarkerImage>
      <MarkerTime>0</MarkerTime>
      <IndentLevel>0</IndentLevel>
      <ShouldIgnore>0</ShouldIgnore>
    </Marker_Object>
    <Marker_Object>
      <MarkerName>Workspace</MarkerName>
      <MarkerImage></MarkerImage>
      <MarkerTime>445666667</MarkerTime>
      <IndentLevel>0</IndentLevel>
      <ShouldIgnore>0</ShouldIgnore>
    </Marker_Object>
    <Marker_Object>
      <MarkerName>Project</MarkerName>
      <MarkerImage></MarkerImage>
      <MarkerTime>965333333</MarkerTime>
      <IndentLevel>0</IndentLevel>
      <ShouldIgnore>0</ShouldIgnore>
    </Marker_Object>
    <Marker_Object>
      <MarkerName>Package</MarkerName>
      <MarkerImage></MarkerImage>
      <MarkerTime>1485666667</MarkerTime>
      <IndentLevel>0</IndentLevel>
      <ShouldIgnore>0</ShouldIgnore>
    </Marker_Object>
    <Marker_Object>
      <MarkerName>Personal Library Application</MarkerName>
      <MarkerImage></MarkerImage>
      <MarkerTime>1979333333</MarkerTime>
      <IndentLevel>0</IndentLevel>
      <ShouldIgnore>0</ShouldIgnore>
    </Marker_Object>
    <Marker_Object>
      <MarkerName>Our First Code</MarkerName>
      <MarkerImage></MarkerImage>
      <MarkerTime>2458000000</MarkerTime>
      <IndentLevel>0</IndentLevel>
      <ShouldIgnore>0</ShouldIgnore>
    </Marker_Object>
    <Marker_Object>
      <MarkerName>Eclipse Preferences</MarkerName>
      <MarkerImage></MarkerImage>
      <MarkerTime>2804333333</MarkerTime>
      <IndentLevel>0</IndentLevel>
      <ShouldIgnore>0</ShouldIgnore>
    </Marker_Object>
    <Marker_Object>
      <MarkerName>Fields</MarkerName>
      <MarkerImage></MarkerImage>
      <MarkerTime>3891000000</MarkerTime>
      <IndentLevel>0</IndentLevel>
      <ShouldIgnore>0</ShouldIgnore>
    </Marker_Object>
    <Marker_Object>
      <MarkerName>Reserved Words and Case Sensitivity</MarkerName>
      <MarkerImage></MarkerImage>
      <MarkerTime>4415000000</MarkerTime>
      <IndentLevel>0</IndentLevel>
      <ShouldIgnore>0</ShouldIgnore>
    </Marker_Object>
    <Marker_Object>
      <MarkerName>Eclipse checking</MarkerName>
      <MarkerImage></MarkerImage>
      <MarkerTime>5017000000</MarkerTime>
      <IndentLevel>0</IndentLevel>
      <ShouldIgnore>0</ShouldIgnore>
    </Marker_Object>
    <Marker_Object>
      <MarkerName>Constructor</MarkerName>
      <MarkerImage></MarkerImage>
      <MarkerTime>5432333333</MarkerTime>
      <IndentLevel>0</IndentLevel>
      <ShouldIgnore>0</ShouldIgnore>
    </Marker_Object>
    <Marker_Object>
      <MarkerName>Code Assist</MarkerName>
      <MarkerImage></MarkerImage>
      <MarkerTime>6257333333</MarkerTime>
      <IndentLevel>0</IndentLevel>
      <ShouldIgnore>0</ShouldIgnore>
    </Marker_Object>
  </Markers_Array>
  <CaptionPlayerXML_Array>
    <Caption_Array_Object>
      <CaptionXML>
        <array>
          <captionObject>
            <Time>0.000000</Time>
            <Caption><![CDATA[(Opening music ...)<BR><BR>]]></Caption>
          </captionObject>
          <captionObject>
            <Time>11.200000</Time>
            <Caption>Ola. Blah blah blah.&lt;BR&gt;</Caption>
          </captionObject>
          <captionObject>
            <Time>18.100000</Time>
            <Caption>This tutorial will speak some spanish. </Caption>
          </captionObject>
          <captionObject>
            <Time>24.400000</Time>
            <Caption>Before we begin, please download the Tutorial &lt;BR&gt;spanish here&lt;BR&gt;</Caption>
          </captionObject>
          <captionObject>
            <Time>29.700000</Time>
            <Caption><![CDATA[You&apos;ll get the most from this tutorial <BR>if you have Eclipse installed on your computer <BR>]]></Caption>
          </captionObject>
          <captionObject>
            <Time>34.800000</Time>
            <Caption><![CDATA[and work along with the lessons. <BR>If you don&apos;t already have Eclipse installed, <BR>]]></Caption>
          </captionObject>
          <captionObject>
            <Time>39.500000</Time>
            <Caption><![CDATA[just follow the instructions in the companion <BR>document.<BR>]]></Caption>
          </captionObject>
          <captionObject>
            <Time>43.000000</Time>
            <Caption><![CDATA[Ok, lets get started. When we launch Eclipse, we are <BR>asked for the workspace. <BR>]]></Caption>
          </captionObject>
          <captionObject>
            <Time>47.800000</Time>
            <Caption><![CDATA[This is just a directory on our system where all of <BR>our Eclipse files will be saved. <BR>]]></Caption>
          </captionObject>
          <captionObject>
            <Time>52.700000</Time>
            <Caption><![CDATA[Here, we&apos;re running Windows XP and have  <BR>installed eclipse in c:\eclipse. <BR>]]></Caption>
          </captionObject>
          <captionObject>
            <Time>59.000000</Time>
            <Caption><![CDATA[Our workspace is installed in the same directory.<BR><BR>]]></Caption>
          </captionObject>
          <captionObject>
            <Time>62.100000</Time>
            <Caption><![CDATA[The workspace you will use will depend on what type <BR>of computer you are using <BR>]]></Caption>
          </captionObject>
          <captionObject>
            <Time>65.600000</Time>
            <Caption><![CDATA[and where you installed Eclipse. <BR><BR>]]></Caption>
          </captionObject>
          <captionObject>
            <Time>68.000000</Time>
            <Caption><![CDATA[One of the great things about Eclipse and Java is <BR>that they run on multiple platforms.<BR>]]></Caption>
          </captionObject>
          <captionObject>
            <Time>73.600000</Time>
            <Caption><![CDATA[If you&apos;ve already set up Eclipse in a different <BR>directory, it&apos;s fine to just use that directory and <BR>workspace. ]]></Caption>
          </captionObject>
          <captionObject>
            <Time>80.000000</Time>
            <Caption><![CDATA[The first time Eclipse starts,  it displays this <BR>“welcome” screen. ]]></Caption>
          </captionObject>
          <captionObject>
            <Time>83.900000</Time>
            <Caption><![CDATA[This has an Overview screen, what&apos;s new, <BR>samples, and tutorials. ]]></Caption>
          </captionObject>
          <captionObject>
            <Time>87.833333</Time>
            <Caption><![CDATA[We&apos;ll close it now. We can open the Welcome screen <BR>any time by selecting Help / Welcome, and <BR>you might want to explore this on your own.]]></Caption>
          </captionObject>
          <captionObject>
            <Time>96.000000</Time>
            <Caption><![CDATA[The first thing we need to do is create our project. <BR>A Java project contains source code and related <BR>files for building a Java program. ]]></Caption>
          </captionObject>
          <captionObject>
            <Time>106.200000</Time>
            <Caption><![CDATA[To create the project, we&apos;re going to use the new <BR>project wizard found on the File / New / Project / <BR>Java / Java Project. ]]></Caption>
          </captionObject>
          <captionObject>
            <Time>120.900000</Time>
            <Caption><![CDATA[We&apos;ll press Next to launch the wizard. We&apos;ll type in <BR>TotalBeginner for the project name. Press next.<BR>]]></Caption>
          </captionObject>
          <captionObject>
            <Time>132.400000</Time>
            <Caption><![CDATA[Here we&apos;ll take the default options and press <BR>finish.<BR>]]></Caption>
          </captionObject>
          <captionObject>
            <Time>137.200000</Time>
            <Caption><![CDATA[Now asks if we want the project to be associated <BR>with the Java Perspective, and we say yes. And now <BR>Eclipse has created our project. ]]></Caption>
          </captionObject>
          <captionObject>
            <Time>148.566667</Time>
            <Caption><![CDATA[Next, we need to create a Java package to hold our <BR>source files. A package in Java is a way to group <BR>related source files together. ]]></Caption>
          </captionObject>
          <captionObject>
            <Time>157.200000</Time>
            <Caption><![CDATA[We&apos;ll talk more about packages as we go along.<BR>To create the package, we select the folder,  right-<BR>click, New / Package. ]]></Caption>
          </captionObject>
          <captionObject>
            <Time>173.100000</Time>
            <Caption><![CDATA[The naming convention for packages is to use your <BR>company&apos;s web URL plus the package name. So we&apos;ll <BR>type “org.totalbeginner.tutorial”. ]]></Caption>
          </captionObject>
          <captionObject>
            <Time>187.800000</Time>
            <Caption><![CDATA[Press finish, and now we have our package. So we&apos;ve <BR>got project and package.<BR>]]></Caption>
          </captionObject>
          <captionObject>
            <Time>197.933333</Time>
            <Caption><![CDATA[Before we start coding, let&apos;s take a minute to <BR>discuss what our application will do. <BR>]]></Caption>
          </captionObject>
          <captionObject>
            <Time>204.200000</Time>
            <Caption><![CDATA[We&apos;re going to write a small sample application to <BR>track our personal library of books. <BR>]]></Caption>
          </captionObject>
          <captionObject>
            <Time>210.200000</Time>
            <Caption><![CDATA[We&apos;re also going to include a list of people to whom <BR>we loan our books. The application will have 3 Java <BR>classes: ]]></Caption>
          </captionObject>
          <captionObject>
            <Time>217.700000</Time>
            <Caption><![CDATA[one called Person, which will have the person&apos;s name <BR>and a number which will be the maximum number of <BR>books this person can borrow at one time. ]]></Caption>
          </captionObject>
          <captionObject>
            <Time>227.600000</Time>
            <Caption><![CDATA[The Book class will have fields for title, author, <BR>and the person who is currently borrowing the book. <BR>]]></Caption>
          </captionObject>
          <captionObject>
            <Time>235.100000</Time>
            <Caption><![CDATA[Finally, we&apos;ll create a class called MyLibrary which <BR>will contain a list of all of our books and a list <BR>of all of the people who might borrow them.]]></Caption>
          </captionObject>
          <captionObject>
            <Time>245.833333</Time>
            <Caption><![CDATA[Now we&apos;re ready to write our first Java code! You&apos;ve <BR>probably heard about objects and object-oriented <BR>programming (OOP). ]]></Caption>
          </captionObject>
          <captionObject>
            <Time>253.133333</Time>
            <Caption><![CDATA[A class is a blueprint for creating objects.<BR>We&apos;ll start with a very simple class called Person. <BR>]]></Caption>
          </captionObject>
          <captionObject>
            <Time>260.200000</Time>
            <Caption><![CDATA[Creating a new class is easy. We&apos;ll just select the <BR>package, right-click. <BR>]]></Caption>
          </captionObject>
          <captionObject>
            <Time>267.500000</Time>
            <Caption><![CDATA[Select New  / Class, and we get a wizard. We&apos;ll put <BR>in the name of the class – Person -- press finish. <BR>And Eclipse has created the class for us. ]]></Caption>
          </captionObject>
          <captionObject>
            <Time>280.433333</Time>
            <Caption><![CDATA[Next, let&apos;s make the text in the edit window a <BR>little bigger so it will be easier to see. <BR>]]></Caption>
          </captionObject>
          <captionObject>
            <Time>287.100000</Time>
            <Caption><![CDATA[So we&apos;ll select Window / Preferences / General / <BR>Appearance / Colors and Fonts / Java / Java Editor <BR>Text Font. ]]></Caption>
          </captionObject>
          <captionObject>
            <Time>305.000000</Time>
            <Caption><![CDATA[Then we&apos;ll press the Change button. And we&apos;ll just <BR>make it 12 point and Bold, to make it a little<BR>easier to see. ]]></Caption>
          </captionObject>
          <captionObject>
            <Time>314.133333</Time>
            <Caption><![CDATA[So we&apos;ll press OK, and now the font&apos;s a little<BR>bigger.<BR>]]></Caption>
          </captionObject>
          <captionObject>
            <Time>318.800000</Time>
            <Caption><![CDATA[Let&apos;s look at what we have so far. The first line is <BR>the name of the package where the class was<BR>created – org.totalbeginner.tutorial.  ]]></Caption>
          </captionObject>
          <captionObject>
            <Time>332.200000</Time>
            <Caption><![CDATA[Notice that the line ends in a semi-colon (;).<BR>We&apos;ll see that a lot more. <BR>]]></Caption>
          </captionObject>
          <captionObject>
            <Time>338.300000</Time>
            <Caption><![CDATA[The next thing is what&apos;s called the class<BR>declaration, where we tell Eclipse this is a class. <BR>]]></Caption>
          </captionObject>
          <captionObject>
            <Time>343.800000</Time>
            <Caption><![CDATA[We&apos;re saying “public” (we&apos;ll talk about what that <BR>means later on) “class Person” <BR>]]></Caption>
          </captionObject>
          <captionObject>
            <Time>348.533333</Time>
            <Caption><![CDATA[and then we have this open (“{“) and closed (“})<BR>set of curly-braces. Now, everything about this <BR>class has to go between these two curly braces.]]></Caption>
          </captionObject>
          <captionObject>
            <Time>358.233333</Time>
            <Caption><![CDATA[For now, I&apos;m going to create a simple class and <BR>briefly explain what I&apos;m doing as we go along.<BR> ]]></Caption>
          </captionObject>
          <captionObject>
            <Time>366.100000</Time>
            <Caption><![CDATA[This will give you a quick overview of a Java class. <BR>Don&apos;t worry -- we&apos;ll come back <BR>]]></Caption>
          </captionObject>
          <captionObject>
            <Time>370.800000</Time>
            <Caption><![CDATA[and go into a lot more detail about writing Java <BR>classes, methods, and code later on.<BR>]]></Caption>
          </captionObject>
          <captionObject>
            <Time>376.400000</Time>
            <Caption><![CDATA[To give us a little more space, I can double click<BR>on the tab and that will maximize the editor window <BR>within the Eclipse workbench.]]></Caption>
          </captionObject>
          <captionObject>
            <Time>389.100000</Time>
            <Caption><![CDATA[So the first things we normally put in a class are<BR>what are called the fields, the data elements that <BR>the class holds. ]]></Caption>
          </captionObject>
          <captionObject>
            <Time>397.900000</Time>
            <Caption><![CDATA[So I&apos;m going to type in a comment with two forward<BR>slashes (“//”) and say these are the fields. Then <BR>I&apos;m going to type the fields.]]></Caption>
          </captionObject>
          <captionObject>
            <Time>404.300000</Time>
            <Caption><![CDATA[This is a very simple class. It only has a couple of <BR>fields. <BR>]]></Caption>
          </captionObject>
          <captionObject>
            <Time>408.400000</Time>
            <Caption><![CDATA[We&apos;ll say “private String name; // name of the<BR>person” and “private int maximumBooks; // most books <BR>the person can check out”.]]></Caption>
          </captionObject>
          <captionObject>
            <Time>435.000000</Time>
            <Caption><![CDATA[And since I&apos;m very safety oriented, I&apos;m going to <BR>save this right now.<BR>]]></Caption>
          </captionObject>
          <captionObject>
            <Time>441.500000</Time>
            <Caption><![CDATA[Now you can see that Eclipse is formatting and <BR>color-coding the Java code as I type. <BR>]]></Caption>
          </captionObject>
          <captionObject>
            <Time>446.700000</Time>
            <Caption><![CDATA[For example, the words package, public, class, <BR>private, and int are in red. <BR>]]></Caption>
          </captionObject>
          <captionObject>
            <Time>453.500000</Time>
            <Caption><![CDATA[That indicates that these are Java reserved words<BR>or key words. So we can&apos;t use any of those words for <BR>our own variable or method names.]]></Caption>
          </captionObject>
          <captionObject>
            <Time>464.000000</Time>
            <Caption><![CDATA[Now it&apos;s important to note that in Java all names<BR>are case sensitive. So for example if I go up here <BR>and change this upper-case “P” in “Person” ]]></Caption>
          </captionObject>
          <captionObject>
            <Time>475.566667</Time>
            <Caption><![CDATA[to a lower-case “p”,  Eclipse now indicates that <BR>there&apos;s an error. If I hover on that, <BR>]]></Caption>
          </captionObject>
          <captionObject>
            <Time>481.800000</Time>
            <Caption><![CDATA[it&apos;s telling me that this is a new class and needs <BR>to be defined in its own file.  <BR>]]></Caption>
          </captionObject>
          <captionObject>
            <Time>487.933333</Time>
            <Caption><![CDATA[So Java is telling me that “person” with a lower<BR>case “p” is not the same as “Person” with an upper-<BR>case “P”.  ]]></Caption>
          </captionObject>
          <captionObject>
            <Time>495.333333</Time>
            <Caption><![CDATA[So I&apos;m going to go back and change that to an upper-<BR>case “P”.  <BR>]]></Caption>
          </captionObject>
          <captionObject>
            <Time>499.200000</Time>
            <Caption><![CDATA[As an aside, you can see that Eclipse is always<BR>checking our code to report errors right away. It <BR>doesn&apos;t wait until we compile the code. ]]></Caption>
          </captionObject>
          <captionObject>
            <Time>509.733333</Time>
            <Caption><![CDATA[It&apos;s checking it as we type, which is really a nice <BR>feature and saves a lot of time.<BR>]]></Caption>
          </captionObject>
          <captionObject>
            <Time>516.100000</Time>
            <Caption><![CDATA[Ok, back to upper and lower case for a minute. <BR>It&apos;s strongly recommended in Java that names of <BR>classes be capitalized ]]></Caption>
          </captionObject>
          <captionObject>
            <Time>526.400000</Time>
            <Caption><![CDATA[and names of variables and methods start with<BR>lower case letter. Now in compound names, such as <BR>“maximumBooks”, ]]></Caption>
          </captionObject>
          <captionObject>
            <Time>534.600000</Time>
            <Caption><![CDATA[we capitalize the first letter in all of the words<BR>except the first word. So “Books” is capitalized but <BR>“maximum” is not.]]></Caption>
          </captionObject>
          <captionObject>
            <Time>543.233333</Time>
            <Caption><![CDATA[Now we have our two fields in the class. The next <BR>thing that a class normally has is a constructor. <BR>]]></Caption>
          </captionObject>
          <captionObject>
            <Time>549.400000</Time>
            <Caption><![CDATA[A constructor is a special block of code whose job<BR>is to initialize the object. This is done by setting <BR>the fields to their initial values. ]]></Caption>
          </captionObject>
          <captionObject>
            <Time>558.600000</Time>
            <Caption><![CDATA[So we&apos;ll type in the constructor. We&apos;ll start with a <BR>comment. <BR>]]></Caption>
          </captionObject>
          <captionObject>
            <Time>562.233333</Time>
            <Caption><![CDATA[Now normally, we would only put in comments in <BR>portions of the code that are not self-explanatory. <BR>]]></Caption>
          </captionObject>
          <captionObject>
            <Time>568.400000</Time>
            <Caption><![CDATA[We&apos;ve added them here just for clarity. Next we&apos;ll <BR>type “public”, space, and then “Person” in capitals, <BR>with parentheses. ]]></Caption>
          </captionObject>
          <captionObject>
            <Time>577.233333</Time>
            <Caption><![CDATA[This is called the declaration of the constructor, <BR>and it&apos;s just the name of the class, plus any <BR>parameters to the constructor. ]]></Caption>
          </captionObject>
          <captionObject>
            <Time>584.400000</Time>
            <Caption><![CDATA[In our case, there are no parameters, so we just <BR>have empty parentheses. <BR>]]></Caption>
          </captionObject>
          <captionObject>
            <Time>588.800000</Time>
            <Caption><![CDATA[The body of the constructor is a block of code <BR>between curly braces.<BR>]]></Caption>
          </captionObject>
          <captionObject>
            <Time>593.500000</Time>
            <Caption><![CDATA[There are some little things going on with Eclipse <BR>as I type this, that you may be noticing. <BR>]]></Caption>
          </captionObject>
          <captionObject>
            <Time>599.000000</Time>
            <Caption><![CDATA[For example, when I hit the open curly brace (“{“), <BR>and hit Enter, Eclipse is putting in the second <BR>curly brace (“}”) for me. ]]></Caption>
          </captionObject>
          <captionObject>
            <Time>607.400000</Time>
            <Caption><![CDATA[It did the same thing on the parentheses up here. <BR>Because Eclipse “knows” that, if I have an open <BR>parenthesis or open curly brace, ]]></Caption>
          </captionObject>
          <captionObject>
            <Time>615.000000</Time>
            <Caption><![CDATA[I need a closing one. So now we&apos;ll type in the body <BR>of the constructor. <BR>]]></Caption>
          </captionObject>
          <captionObject>
            <Time>619.533333</Time>
            <Caption><![CDATA[The first thing I&apos;ll do is say “name = “unknown <BR>name”;”. <BR>]]></Caption>
          </captionObject>
          <captionObject>
            <Time>625.733333</Time>
            <Caption><![CDATA[Now I&apos;m going to show off a feature in Eclipse <BR>called “Code Assist”. I&apos;m going to type “max”, hit <BR>Ctrl+Space, ]]></Caption>
          </captionObject>
          <captionObject>
            <Time>635.500000</Time>
            <Caption><![CDATA[and since I&apos;ve got a field called “maximumBooks”, <BR>Eclipse&apos;s first “guess” is that I might be typing in <BR>“maximumBooks”. ]]></Caption>
          </captionObject>
          <captionObject>
            <Time>646.100000</Time>
            <Caption><![CDATA[So if I just hit Enter now, it finishes that for me. <BR>That&apos;s really handy when you have long variable <BR>names. ]]></Caption>
          </captionObject>
          <captionObject>
            <Time>652.133333</Time>
            <Caption><![CDATA[Now I&apos;m going to set maximumBooks equal to 3. Put a <BR>semi-colon to end my line. And I&apos;m now done with my <BR>constructor. ]]></Caption>
          </captionObject>
          <captionObject>
            <Time>662.033333</Time>
            <Caption><![CDATA[I&apos;ll save my code, and now I have a complete class. <BR>It doesn&apos;t do much, but it does know how to build <BR>itself using the constructor. ]]></Caption>
          </captionObject>
          <captionObject>
            <Time>674.200000</Time>
            <Caption><![CDATA[We&apos;re off to a great start. We&apos;ve learned a little <BR>about Eclipse and written our first Java class. <BR>]]></Caption>
          </captionObject>
          <captionObject>
            <Time>680.533333</Time>
            <Caption><![CDATA[In the next lesson, we&apos;re going to look at some more <BR>Eclipse functionality and add some methods to the <BR>Person class.]]></Caption>
          </captionObject>
          <captionObject>
            <Time>687.033333</Time>
            <Caption><![CDATA[This is the end of Lesson 1. I&apos;m Mark Dexter saying <BR>so long for now.<BR>]]></Caption>
          </captionObject>
          <captionObject>
            <Time>692.000000</Time>
            <Caption><![CDATA[(Closing music ...)<BR>]]></Caption>
          </captionObject>
        </array>
      </CaptionXML>
    </Caption_Array_Object>
  </CaptionPlayerXML_Array>
  <CaptionFontHeight>23</CaptionFontHeight>
  <MaxCaptionsCharsPerLine>50</MaxCaptionsCharsPerLine>
  <TimelineCaptionCount>90</TimelineCaptionCount>
  <CaptionHeight>0</CaptionHeight>
  <CloseCaptions_Array>
    <captionObject>
      <Time>0.000000</Time>
      <Caption><![CDATA[(Opening music ...)<BR><BR>]]></Caption>
    </captionObject>
    <captionObject>
      <Time>11.200000</Time>
      <Caption><![CDATA[Hello. Welcome to Eclipse and Java for total <BR>beginners. I&apos;m Mark Dexter, your instructor.<BR>]]></Caption>
    </captionObject>
    <captionObject>
      <Time>18.100000</Time>
      <Caption><![CDATA[This tutorial will help you get started writing Java <BR>programs using Eclipse.]]></Caption>
    </captionObject>
    <captionObject>
      <Time>24.400000</Time>
      <Caption><![CDATA[Before we begin, please download the Tutorial <BR>Companion Document. <BR>]]></Caption>
    </captionObject>
    <captionObject>
      <Time>29.700000</Time>
      <Caption><![CDATA[You&apos;ll get the most from this tutorial <BR>if you have Eclipse installed on your computer <BR>]]></Caption>
    </captionObject>
    <captionObject>
      <Time>34.800000</Time>
      <Caption><![CDATA[and work along with the lessons. <BR>If you don&apos;t already have Eclipse installed, <BR>]]></Caption>
    </captionObject>
    <captionObject>
      <Time>39.500000</Time>
      <Caption><![CDATA[just follow the instructions in the companion <BR>document.<BR>]]></Caption>
    </captionObject>
    <captionObject>
      <Time>43.000000</Time>
      <Caption><![CDATA[Ok, lets get started. When we launch Eclipse, we are <BR>asked for the workspace. <BR>]]></Caption>
    </captionObject>
    <captionObject>
      <Time>47.800000</Time>
      <Caption><![CDATA[This is just a directory on our system where all of <BR>our Eclipse files will be saved. <BR>]]></Caption>
    </captionObject>
    <captionObject>
      <Time>52.700000</Time>
      <Caption><![CDATA[Here, we&apos;re running Windows XP and have  <BR>installed eclipse in c:\eclipse. <BR>]]></Caption>
    </captionObject>
    <captionObject>
      <Time>59.000000</Time>
      <Caption><![CDATA[Our workspace is installed in the same directory.<BR><BR>]]></Caption>
    </captionObject>
    <captionObject>
      <Time>62.100000</Time>
      <Caption><![CDATA[The workspace you will use will depend on what type <BR>of computer you are using <BR>]]></Caption>
    </captionObject>
    <captionObject>
      <Time>65.600000</Time>
      <Caption><![CDATA[and where you installed Eclipse. <BR><BR>]]></Caption>
    </captionObject>
    <captionObject>
      <Time>68.000000</Time>
      <Caption><![CDATA[One of the great things about Eclipse and Java is <BR>that they run on multiple platforms.<BR>]]></Caption>
    </captionObject>
    <captionObject>
      <Time>73.600000</Time>
      <Caption><![CDATA[If you&apos;ve already set up Eclipse in a different <BR>directory, it&apos;s fine to just use that directory and <BR>workspace. ]]></Caption>
    </captionObject>
    <captionObject>
      <Time>80.000000</Time>
      <Caption><![CDATA[The first time Eclipse starts,  it displays this <BR>“welcome” screen. ]]></Caption>
    </captionObject>
    <captionObject>
      <Time>83.900000</Time>
      <Caption><![CDATA[This has an Overview screen, what&apos;s new, <BR>samples, and tutorials. ]]></Caption>
    </captionObject>
    <captionObject>
      <Time>87.833333</Time>
      <Caption><![CDATA[We&apos;ll close it now. We can open the Welcome screen <BR>any time by selecting Help / Welcome, and <BR>you might want to explore this on your own.]]></Caption>
    </captionObject>
    <captionObject>
      <Time>96.000000</Time>
      <Caption><![CDATA[The first thing we need to do is create our project. <BR>A Java project contains source code and related <BR>files for building a Java program. ]]></Caption>
    </captionObject>
    <captionObject>
      <Time>106.200000</Time>
      <Caption><![CDATA[To create the project, we&apos;re going to use the new <BR>project wizard found on the File / New / Project / <BR>Java / Java Project. ]]></Caption>
    </captionObject>
    <captionObject>
      <Time>120.900000</Time>
      <Caption><![CDATA[We&apos;ll press Next to launch the wizard. We&apos;ll type in <BR>TotalBeginner for the project name. Press next.<BR>]]></Caption>
    </captionObject>
    <captionObject>
      <Time>132.400000</Time>
      <Caption><![CDATA[Here we&apos;ll take the default options and press <BR>finish.<BR>]]></Caption>
    </captionObject>
    <captionObject>
      <Time>137.200000</Time>
      <Caption><![CDATA[Now asks if we want the project to be associated <BR>with the Java Perspective, and we say yes. And now <BR>Eclipse has created our project. ]]></Caption>
    </captionObject>
    <captionObject>
      <Time>148.566667</Time>
      <Caption><![CDATA[Next, we need to create a Java package to hold our <BR>source files. A package in Java is a way to group <BR>related source files together. ]]></Caption>
    </captionObject>
    <captionObject>
      <Time>157.200000</Time>
      <Caption><![CDATA[We&apos;ll talk more about packages as we go along.<BR>To create the package, we select the folder,  right-<BR>click, New / Package. ]]></Caption>
    </captionObject>
    <captionObject>
      <Time>173.100000</Time>
      <Caption><![CDATA[The naming convention for packages is to use your <BR>company&apos;s web URL plus the package name. So we&apos;ll <BR>type “org.totalbeginner.tutorial”. ]]></Caption>
    </captionObject>
    <captionObject>
      <Time>187.800000</Time>
      <Caption><![CDATA[Press finish, and now we have our package. So we&apos;ve <BR>got project and package.<BR>]]></Caption>
    </captionObject>
    <captionObject>
      <Time>197.933333</Time>
      <Caption><![CDATA[Before we start coding, let&apos;s take a minute to <BR>discuss what our application will do. <BR>]]></Caption>
    </captionObject>
    <captionObject>
      <Time>204.200000</Time>
      <Caption><![CDATA[We&apos;re going to write a small sample application to <BR>track our personal library of books. <BR>]]></Caption>
    </captionObject>
    <captionObject>
      <Time>210.200000</Time>
      <Caption><![CDATA[We&apos;re also going to include a list of people to whom <BR>we loan our books. The application will have 3 Java <BR>classes: ]]></Caption>
    </captionObject>
    <captionObject>
      <Time>217.700000</Time>
      <Caption><![CDATA[one called Person, which will have the person&apos;s name <BR>and a number which will be the maximum number of <BR>books this person can borrow at one time. ]]></Caption>
    </captionObject>
    <captionObject>
      <Time>227.600000</Time>
      <Caption><![CDATA[The Book class will have fields for title, author, <BR>and the person who is currently borrowing the book. <BR>]]></Caption>
    </captionObject>
    <captionObject>
      <Time>235.100000</Time>
      <Caption><![CDATA[Finally, we&apos;ll create a class called MyLibrary which <BR>will contain a list of all of our books and a list <BR>of all of the people who might borrow them.]]></Caption>
    </captionObject>
    <captionObject>
      <Time>245.833333</Time>
      <Caption><![CDATA[Now we&apos;re ready to write our first Java code! You&apos;ve <BR>probably heard about objects and object-oriented <BR>programming (OOP). ]]></Caption>
    </captionObject>
    <captionObject>
      <Time>253.133333</Time>
      <Caption><![CDATA[A class is a blueprint for creating objects.<BR>We&apos;ll start with a very simple class called Person. <BR>]]></Caption>
    </captionObject>
    <captionObject>
      <Time>260.200000</Time>
      <Caption><![CDATA[Creating a new class is easy. We&apos;ll just select the <BR>package, right-click. <BR>]]></Caption>
    </captionObject>
    <captionObject>
      <Time>267.500000</Time>
      <Caption><![CDATA[Select New  / Class, and we get a wizard. We&apos;ll put <BR>in the name of the class – Person -- press finish. <BR>And Eclipse has created the class for us. ]]></Caption>
    </captionObject>
    <captionObject>
      <Time>280.433333</Time>
      <Caption><![CDATA[Next, let&apos;s make the text in the edit window a <BR>little bigger so it will be easier to see. <BR>]]></Caption>
    </captionObject>
    <captionObject>
      <Time>287.100000</Time>
      <Caption><![CDATA[So we&apos;ll select Window / Preferences / General / <BR>Appearance / Colors and Fonts / Java / Java Editor <BR>Text Font. ]]></Caption>
    </captionObject>
    <captionObject>
      <Time>305.000000</Time>
      <Caption><![CDATA[Then we&apos;ll press the Change button. And we&apos;ll just <BR>make it 12 point and Bold, to make it a little<BR>easier to see. ]]></Caption>
    </captionObject>
    <captionObject>
      <Time>314.133333</Time>
      <Caption><![CDATA[So we&apos;ll press OK, and now the font&apos;s a little<BR>bigger.<BR>]]></Caption>
    </captionObject>
    <captionObject>
      <Time>318.800000</Time>
      <Caption><![CDATA[Let&apos;s look at what we have so far. The first line is <BR>the name of the package where the class was<BR>created – org.totalbeginner.tutorial.  ]]></Caption>
    </captionObject>
    <captionObject>
      <Time>332.200000</Time>
      <Caption><![CDATA[Notice that the line ends in a semi-colon (;).<BR>We&apos;ll see that a lot more. <BR>]]></Caption>
    </captionObject>
    <captionObject>
      <Time>338.300000</Time>
      <Caption><![CDATA[The next thing is what&apos;s called the class<BR>declaration, where we tell Eclipse this is a class. <BR>]]></Caption>
    </captionObject>
    <captionObject>
      <Time>343.800000</Time>
      <Caption><![CDATA[We&apos;re saying “public” (we&apos;ll talk about what that <BR>means later on) “class Person” <BR>]]></Caption>
    </captionObject>
    <captionObject>
      <Time>348.533333</Time>
      <Caption><![CDATA[and then we have this open (“{“) and closed (“})<BR>set of curly-braces. Now, everything about this <BR>class has to go between these two curly braces.]]></Caption>
    </captionObject>
    <captionObject>
      <Time>358.233333</Time>
      <Caption><![CDATA[For now, I&apos;m going to create a simple class and <BR>briefly explain what I&apos;m doing as we go along.<BR> ]]></Caption>
    </captionObject>
    <captionObject>
      <Time>366.100000</Time>
      <Caption><![CDATA[This will give you a quick overview of a Java class. <BR>Don&apos;t worry -- we&apos;ll come back <BR>]]></Caption>
    </captionObject>
    <captionObject>
      <Time>370.800000</Time>
      <Caption><![CDATA[and go into a lot more detail about writing Java <BR>classes, methods, and code later on.<BR>]]></Caption>
    </captionObject>
    <captionObject>
      <Time>376.400000</Time>
      <Caption><![CDATA[To give us a little more space, I can double click<BR>on the tab and that will maximize the editor window <BR>within the Eclipse workbench.]]></Caption>
    </captionObject>
    <captionObject>
      <Time>389.100000</Time>
      <Caption><![CDATA[So the first things we normally put in a class are<BR>what are called the fields, the data elements that <BR>the class holds. ]]></Caption>
    </captionObject>
    <captionObject>
      <Time>397.900000</Time>
      <Caption><![CDATA[So I&apos;m going to type in a comment with two forward<BR>slashes (“//”) and say these are the fields. Then <BR>I&apos;m going to type the fields.]]></Caption>
    </captionObject>
    <captionObject>
      <Time>404.300000</Time>
      <Caption><![CDATA[This is a very simple class. It only has a couple of <BR>fields. <BR>]]></Caption>
    </captionObject>
    <captionObject>
      <Time>408.400000</Time>
      <Caption><![CDATA[We&apos;ll say “private String name; // name of the<BR>person” and “private int maximumBooks; // most books <BR>the person can check out”.]]></Caption>
    </captionObject>
    <captionObject>
      <Time>435.000000</Time>
      <Caption><![CDATA[And since I&apos;m very safety oriented, I&apos;m going to <BR>save this right now.<BR>]]></Caption>
    </captionObject>
    <captionObject>
      <Time>441.500000</Time>
      <Caption><![CDATA[Now you can see that Eclipse is formatting and <BR>color-coding the Java code as I type. <BR>]]></Caption>
    </captionObject>
    <captionObject>
      <Time>446.700000</Time>
      <Caption><![CDATA[For example, the words package, public, class, <BR>private, and int are in red. <BR>]]></Caption>
    </captionObject>
    <captionObject>
      <Time>453.500000</Time>
      <Caption><![CDATA[That indicates that these are Java reserved words<BR>or key words. So we can&apos;t use any of those words for <BR>our own variable or method names.]]></Caption>
    </captionObject>
    <captionObject>
      <Time>464.000000</Time>
      <Caption><![CDATA[Now it&apos;s important to note that in Java all names<BR>are case sensitive. So for example if I go up here <BR>and change this upper-case “P” in “Person” ]]></Caption>
    </captionObject>
    <captionObject>
      <Time>475.566667</Time>
      <Caption><![CDATA[to a lower-case “p”,  Eclipse now indicates that <BR>there&apos;s an error. If I hover on that, <BR>]]></Caption>
    </captionObject>
    <captionObject>
      <Time>481.800000</Time>
      <Caption><![CDATA[it&apos;s telling me that this is a new class and needs <BR>to be defined in its own file.  <BR>]]></Caption>
    </captionObject>
    <captionObject>
      <Time>487.933333</Time>
      <Caption><![CDATA[So Java is telling me that “person” with a lower<BR>case “p” is not the same as “Person” with an upper-<BR>case “P”.  ]]></Caption>
    </captionObject>
    <captionObject>
      <Time>495.333333</Time>
      <Caption><![CDATA[So I&apos;m going to go back and change that to an upper-<BR>case “P”.  <BR>]]></Caption>
    </captionObject>
    <captionObject>
      <Time>499.200000</Time>
      <Caption><![CDATA[As an aside, you can see that Eclipse is always<BR>checking our code to report errors right away. It <BR>doesn&apos;t wait until we compile the code. ]]></Caption>
    </captionObject>
    <captionObject>
      <Time>509.733333</Time>
      <Caption><![CDATA[It&apos;s checking it as we type, which is really a nice <BR>feature and saves a lot of time.<BR>]]></Caption>
    </captionObject>
    <captionObject>
      <Time>516.100000</Time>
      <Caption><![CDATA[Ok, back to upper and lower case for a minute. <BR>It&apos;s strongly recommended in Java that names of <BR>classes be capitalized ]]></Caption>
    </captionObject>
    <captionObject>
      <Time>526.400000</Time>
      <Caption><![CDATA[and names of variables and methods start with<BR>lower case letter. Now in compound names, such as <BR>“maximumBooks”, ]]></Caption>
    </captionObject>
    <captionObject>
      <Time>534.600000</Time>
      <Caption><![CDATA[we capitalize the first letter in all of the words<BR>except the first word. So “Books” is capitalized but <BR>“maximum” is not.]]></Caption>
    </captionObject>
    <captionObject>
      <Time>543.233333</Time>
      <Caption><![CDATA[Now we have our two fields in the class. The next <BR>thing that a class normally has is a constructor. <BR>]]></Caption>
    </captionObject>
    <captionObject>
      <Time>549.400000</Time>
      <Caption><![CDATA[A constructor is a special block of code whose job<BR>is to initialize the object. This is done by setting <BR>the fields to their initial values. ]]></Caption>
    </captionObject>
    <captionObject>
      <Time>558.600000</Time>
      <Caption><![CDATA[So we&apos;ll type in the constructor. We&apos;ll start with a <BR>comment. <BR>]]></Caption>
    </captionObject>
    <captionObject>
      <Time>562.233333</Time>
      <Caption><![CDATA[Now normally, we would only put in comments in <BR>portions of the code that are not self-explanatory. <BR>]]></Caption>
    </captionObject>
    <captionObject>
      <Time>568.400000</Time>
      <Caption><![CDATA[We&apos;ve added them here just for clarity. Next we&apos;ll <BR>type “public”, space, and then “Person” in capitals, <BR>with parentheses. ]]></Caption>
    </captionObject>
    <captionObject>
      <Time>577.233333</Time>
      <Caption><![CDATA[This is called the declaration of the constructor, <BR>and it&apos;s just the name of the class, plus any <BR>parameters to the constructor. ]]></Caption>
    </captionObject>
    <captionObject>
      <Time>584.400000</Time>
      <Caption><![CDATA[In our case, there are no parameters, so we just <BR>have empty parentheses. <BR>]]></Caption>
    </captionObject>
    <captionObject>
      <Time>588.800000</Time>
      <Caption><![CDATA[The body of the constructor is a block of code <BR>between curly braces.<BR>]]></Caption>
    </captionObject>
    <captionObject>
      <Time>593.500000</Time>
      <Caption><![CDATA[There are some little things going on with Eclipse <BR>as I type this, that you may be noticing. <BR>]]></Caption>
    </captionObject>
    <captionObject>
      <Time>599.000000</Time>
      <Caption><![CDATA[For example, when I hit the open curly brace (“{“), <BR>and hit Enter, Eclipse is putting in the second <BR>curly brace (“}”) for me. ]]></Caption>
    </captionObject>
    <captionObject>
      <Time>607.400000</Time>
      <Caption><![CDATA[It did the same thing on the parentheses up here. <BR>Because Eclipse “knows” that, if I have an open <BR>parenthesis or open curly brace, ]]></Caption>
    </captionObject>
    <captionObject>
      <Time>615.000000</Time>
      <Caption><![CDATA[I need a closing one. So now we&apos;ll type in the body <BR>of the constructor. <BR>]]></Caption>
    </captionObject>
    <captionObject>
      <Time>619.533333</Time>
      <Caption><![CDATA[The first thing I&apos;ll do is say “name = “unknown <BR>name”;”. <BR>]]></Caption>
    </captionObject>
    <captionObject>
      <Time>625.733333</Time>
      <Caption><![CDATA[Now I&apos;m going to show off a feature in Eclipse <BR>called “Code Assist”. I&apos;m going to type “max”, hit <BR>Ctrl+Space, ]]></Caption>
    </captionObject>
    <captionObject>
      <Time>635.500000</Time>
      <Caption><![CDATA[and since I&apos;ve got a field called “maximumBooks”, <BR>Eclipse&apos;s first “guess” is that I might be typing in <BR>“maximumBooks”. ]]></Caption>
    </captionObject>
    <captionObject>
      <Time>646.100000</Time>
      <Caption><![CDATA[So if I just hit Enter now, it finishes that for me. <BR>That&apos;s really handy when you have long variable <BR>names. ]]></Caption>
    </captionObject>
    <captionObject>
      <Time>652.133333</Time>
      <Caption><![CDATA[Now I&apos;m going to set maximumBooks equal to 3. Put a <BR>semi-colon to end my line. And I&apos;m now done with my <BR>constructor. ]]></Caption>
    </captionObject>
    <captionObject>
      <Time>662.033333</Time>
      <Caption><![CDATA[I&apos;ll save my code, and now I have a complete class. <BR>It doesn&apos;t do much, but it does know how to build <BR>itself using the constructor. ]]></Caption>
    </captionObject>
    <captionObject>
      <Time>674.200000</Time>
      <Caption><![CDATA[We&apos;re off to a great start. We&apos;ve learned a little <BR>about Eclipse and written our first Java class. <BR>]]></Caption>
    </captionObject>
    <captionObject>
      <Time>680.533333</Time>
      <Caption><![CDATA[In the next lesson, we&apos;re going to look at some more <BR>Eclipse functionality and add some methods to the <BR>Person class.]]></Caption>
    </captionObject>
    <captionObject>
      <Time>687.033333</Time>
      <Caption><![CDATA[This is the end of Lesson 1. I&apos;m Mark Dexter saying <BR>so long for now.<BR>]]></Caption>
    </captionObject>
    <captionObject>
      <Time>692.000000</Time>
      <Caption><![CDATA[(Closing music ...)<BR>]]></Caption>
    </captionObject>
  </CloseCaptions_Array>
  <NumMetaDataTypes>286</NumMetaDataTypes>
  <MetaData_Array>
    <MetaData_Object>
      <MetaDataType>Date</MetaDataType>
      <MetaDataValue>Thursday, June 14, 2007</MetaDataValue>
      <MetaDataEmbedName>DC.date</MetaDataEmbedName>
    </MetaData_Object>
    <MetaData_Object>
      <MetaDataType>Language</MetaDataType>
      <MetaDataValue>ENU</MetaDataValue>
      <MetaDataEmbedName>DC.language</MetaDataEmbedName>
    </MetaData_Object>
    <MetaData_Object>
      <MetaDataType>Title</MetaDataType>
      <MetaDataValue>lesson 1 - 20071120 - subtitles</MetaDataValue>
      <MetaDataEmbedName>DC.title</MetaDataEmbedName>
    </MetaData_Object>
  </MetaData_Array>
  <NumFileTypesUsedByProduction>4</NumFileTypesUsedByProduction>
  <FileTypesUsed_Array>
    <FileTypeUsed_Object>
      <FileTypeName>Video</FileTypeName>
    </FileTypeUsed_Object>
    <FileTypeUsed_Object>
      <FileTypeName>HTMLFile</FileTypeName>
    </FileTypeUsed_Object>
    <FileTypeUsed_Object>
      <FileTypeName>EmbededPlayerJS</FileTypeName>
    </FileTypeUsed_Object>
    <FileTypeUsed_Object>
      <FileTypeName>ProductionInfoXML</FileTypeName>
    </FileTypeUsed_Object>
  </FileTypesUsed_Array>
  <NumFilesTotal>4</NumFilesTotal>
  <ProducedFiles_Array>
    <ProducedFile_Object>
      <FileName>C:\Documents and Settings\Mark\My Documents\Camtasia Studio\Total Beginners\output-200711\lesson01\lesson01.swf</FileName>
      <FileSize>10327441</FileSize>
      <FileType>Video</FileType>
      <WhichFilesOfCurType>0</WhichFilesOfCurType>
      <TotalFilesOfCurType>1</TotalFilesOfCurType>
    </ProducedFile_Object>
    <ProducedFile_Object>
      <FileName>C:\Documents and Settings\Mark\My Documents\Camtasia Studio\Total Beginners\output-200711\lesson01\lesson01.html</FileName>
      <FileSize>3121</FileSize>
      <FileType>HTMLFile</FileType>
      <WhichFilesOfCurType>0</WhichFilesOfCurType>
      <TotalFilesOfCurType>1</TotalFilesOfCurType>
    </ProducedFile_Object>
    <ProducedFile_Object>
      <FileName>C:\Documents and Settings\Mark\My Documents\Camtasia Studio\Total Beginners\output-200711\lesson01\swfobject.js</FileName>
      <FileSize>6880</FileSize>
      <FileType>EmbededPlayerJS</FileType>
      <WhichFilesOfCurType>0</WhichFilesOfCurType>
      <TotalFilesOfCurType>1</TotalFilesOfCurType>
    </ProducedFile_Object>
    <ProducedFile_Object>
      <FileName>C:\Documents and Settings\Mark\My Documents\Camtasia Studio\Total Beginners\output-200711\lesson01\ProductionInfo.xml</FileName>
      <FileSize>58608</FileSize>
      <FileType>ProductionInfoXML</FileType>
      <WhichFilesOfCurType>0</WhichFilesOfCurType>
      <TotalFilesOfCurType>1</TotalFilesOfCurType>
    </ProducedFile_Object>
  </ProducedFiles_Array>
  <OutputBasePath>C:\Documents and Settings\Mark\My Documents\Camtasia Studio\Total Beginners\output-200711\lesson01\</OutputBasePath>
  <ProductionFormat>SWF</ProductionFormat>
  <NumVideoSegments>1</NumVideoSegments>
  <NumHTMLFiles>1</NumHTMLFiles>
  <TotalProductionSize>10396050</TotalProductionSize>
  <m_cf_rtRenderRangeStart>-1</m_cf_rtRenderRangeStart>
  <m_cf_rtRenderRangeStop>-1</m_cf_rtRenderRangeStop>
  <m_cf_strTempDir>C:\DOCUME~1\Mark\LOCALS~1\Temp\</m_cf_strTempDir>
  <m_cf_bWritePIPFile>0</m_cf_bWritePIPFile>
  <m_cf_bDisablePIPVideo>1</m_cf_bDisablePIPVideo>
  <m_cf_bWriteIndex>1</m_cf_bWriteIndex>
  <m_cf_bWriteMultipleFiles>0</m_cf_bWriteMultipleFiles>
  <m_cf_strHTMLTemplateName>Template.htm</m_cf_strHTMLTemplateName>
  <m_cf_HTMLAlignment>1</m_cf_HTMLAlignment>
  <m_cf_bSCORMOutput>0</m_cf_bSCORMOutput>
  <m_cf_bController>1</m_cf_bController>
  <m_cf_bAutoPlay>1</m_cf_bAutoPlay>
  <m_cf_bNumberIndexMarkers>0</m_cf_bNumberIndexMarkers>
  <m_cf_bShortenIndexNames>1</m_cf_bShortenIndexNames>
  <m_cf_nShortenedIndexLength>17</m_cf_nShortenedIndexLength>
  <m_cf_bQuizShowFeedback>1</m_cf_bQuizShowFeedback>
  <m_cf_bEMailQuizResults>0</m_cf_bEMailQuizResults>
  <m_cf_bEMailIncludeScore>0</m_cf_bEMailIncludeScore>
  <m_cf_bJavaScriptQuizResults>0</m_cf_bJavaScriptQuizResults>
  <m_cf_bHTMLOutput>1</m_cf_bHTMLOutput>
  <m_cf_SCORMVersion>0</m_cf_SCORMVersion>
  <m_cf_strManifestID>ID-DCA53A91-6EBD-4EAE-A8CF-1C869F6D1FC5</m_cf_strManifestID>
  <m_cf_strManifestTitle></m_cf_strManifestTitle>
  <m_cf_strDuration>0:11:39.27</m_cf_strDuration>
  <m_cf_strSubject></m_cf_strSubject>
  <m_cf_strManifestDescription></m_cf_strManifestDescription>
  <m_cf_strLanguage>en</m_cf_strLanguage>
  <m_cf_SCORMPackage>2</m_cf_SCORMPackage>
  <m_cf_strSCOTitle></m_cf_strSCOTitle>
  <m_cf_ProductionFormat>8</m_cf_ProductionFormat>
  <m_cf_strTitle></m_cf_strTitle>
  <m_cf_strAuthor></m_cf_strAuthor>
  <m_cf_strCopyright></m_cf_strCopyright>
  <m_cf_strDescription></m_cf_strDescription>
  <m_cf_MultiFileOutputStyle>0</m_cf_MultiFileOutputStyle>
  <m_cf_strVideoCompressor>Techsmith Screen Capture Codec</m_cf_strVideoCompressor>
  <m_cf_bAddCaption>0</m_cf_bAddCaption>
  <m_cf_bWriteCCInfo>1</m_cf_bWriteCCInfo>
  <m_cf_bOverlayCaption>1</m_cf_bOverlayCaption>
  <m_cf_strCaptionFontFamily>Microsoft Sans Serif</m_cf_strCaptionFontFamily>
  <m_cf_bAddIPODFileToProduction>0</m_cf_bAddIPODFileToProduction>
  <m_cf_bAddMP3FileToProduction>0</m_cf_bAddMP3FileToProduction>
  <m_cf_bAddPPTFileToProduction>0</m_cf_bAddPPTFileToProduction>
  <m_cf_strPPTFileToAddToProduction></m_cf_strPPTFileToAddToProduction>
  <m_cf_bAviEncodeAudio>1</m_cf_bAviEncodeAudio>
  <m_cf_AVIFrameRate>10</m_cf_AVIFrameRate>
  <m_cf_nKeyFrameRate>30</m_cf_nKeyFrameRate>
  <m_cf_PIP_nKeyFrameRate>30</m_cf_PIP_nKeyFrameRate>
  <m_cf_PIP_AVIFrameRate>0</m_cf_PIP_AVIFrameRate>
  <m_cf_SwfPlaybackControls>0</m_cf_SwfPlaybackControls>
  <m_cf_strControllerSkinName>glass</m_cf_strControllerSkinName>
  <m_cf_nSwfTargetVersion>7</m_cf_nSwfTargetVersion>
  <m_cf_bSwfMatchPreloadMovieSize>0</m_cf_bSwfMatchPreloadMovieSize>
  <m_cf_bSwfPauseAtStart>1</m_cf_bSwfPauseAtStart>
  <m_cf_bSwfPreloadAdvanced>1</m_cf_bSwfPreloadAdvanced>
  <m_cf_bSwfSingleSWF>1</m_cf_bSwfSingleSWF>
  <m_cf_nSwfMainMovieLoadPercent>10</m_cf_nSwfMainMovieLoadPercent>
  <m_cf_nSwfPreloadMinDisplayTime>3</m_cf_nSwfPreloadMinDisplayTime>
  <m_cf_clrSwfControlColor>0x00C0C0C0</m_cf_clrSwfControlColor>
  <m_cf_bSwfShowAboutBtn>1</m_cf_bSwfShowAboutBtn>
  <m_cf_strSwfAboutBoxTxt>Copyright (c) 2007 Mark Dexter. Licensed under the Educational Community License version 1.0.</m_cf_strSwfAboutBoxTxt>
  <m_cf_strSwfAboutBoxInfoTxt></m_cf_strSwfAboutBoxInfoTxt>
  <m_cf_strSwfAboutTitle>Total Beginners</m_cf_strSwfAboutTitle>
  <m_cf_strSwfStartTxt>Eclipse and Java for Total Beginners</m_cf_strSwfStartTxt>
  <m_cf_SwfAboutBoxWidth>336</m_cf_SwfAboutBoxWidth>
  <m_cf_SwfAboutBoxHeight>270</m_cf_SwfAboutBoxHeight>
  <m_cf_bSwfAboutBoxTabSelected>1</m_cf_bSwfAboutBoxTabSelected>
  <m_cf_strSwfTimeDisplayFormat>MM:SS</m_cf_strSwfTimeDisplayFormat>
  <m_cf_bSwfCCInitiallyVisible>0</m_cf_bSwfCCInitiallyVisible>
  <m_cf_bSwfFullScreen>0</m_cf_bSwfFullScreen>
  <m_cf_bSwfAllowResizing>1</m_cf_bSwfAllowResizing>
  <m_cf_nSwfVolueme>50</m_cf_nSwfVolueme>
  <m_cf_bSwfBrandContextMenu>0</m_cf_bSwfBrandContextMenu>
  <m_cf_SwfTOCType>1</m_cf_SwfTOCType>
  <m_cf_SwfTOCTitle></m_cf_SwfTOCTitle>
  <m_cf_bSwfShowMovieDuration>1</m_cf_bSwfShowMovieDuration>
  <m_cf_bSwfShowTimeElapsed>1</m_cf_bSwfShowTimeElapsed>
  <m_cf_strSwfTimeFont>Arial</m_cf_strSwfTimeFont>
  <m_cf_clrSwfTimeFontColor>0x00000000</m_cf_clrSwfTimeFontColor>
  <m_cf_SwfEndAction>0</m_cf_SwfEndAction>
  <m_cf_strSwfEndActionUrl>http://</m_cf_strSwfEndActionUrl>
  <m_cf_nSwfEndActionTarget>0</m_cf_nSwfEndActionTarget>
  <m_cf_bPauseAfterJump>1</m_cf_bPauseAfterJump>
  <m_cf_rtJumpPoint>0</m_cf_rtJumpPoint>
  <m_cf_strSwfStartLogo></m_cf_strSwfStartLogo>
  <m_cf_strSwfEndLogo>EndLogo</m_cf_strSwfEndLogo>
  <m_cf_strSwfAboutLogo></m_cf_strSwfAboutLogo>
  <m_cf_strSwfAboutTitleLogo></m_cf_strSwfAboutTitleLogo>
  <m_cf_strSwfTocLogo></m_cf_strSwfTocLogo>
</Production_Data>