﻿<?xml version="1.0" encoding="UTF-8" ?><Production_Data Version="5.00"><HTMLTemplateFile>Template.htm</HTMLTemplateFile>
<HTMLTemplateBodyFile>expressShow\SSWFTemplate-body.htm</HTMLTemplateBodyFile>
<HTMLTemplateHeaderFile>expressShow\SSWFTemplate-header.htm</HTMLTemplateHeaderFile>
<VideoFilenameWithPath>C:\Documents and Settings\Mark\My Documents\Camtasia Studio\Total Beginners\output-200711\lesson02\lesson02.swf</VideoFilenameWithPath>
<AddIPodFileSize>0 bytes</AddIPodFileSize>
<AddMP3FileSize>0 bytes</AddMP3FileSize>
<AddPPTFileSize>0 bytes</AddPPTFileSize>
<ProjectName>lesson02</ProjectName>
<MediaDir></MediaDir>
<ShouldCreateMediaDir>0</ShouldCreateMediaDir>
<MaxTimelineWidth>800</MaxTimelineWidth>
<MaxTimelineHeight>600</MaxTimelineHeight>
<MaxTimelineFPS>15.00</MaxTimelineFPS>
<MaxVideoWidth>800</MaxVideoWidth>
<MaxVideoHeight>600</MaxVideoHeight>
<MaxVideoFPS>15.00</MaxVideoFPS>
<MaxPIPWidth>0</MaxPIPWidth>
<MaxPIPHeight>0</MaxPIPHeight>
<MaxPIPFPS>0.00</MaxPIPFPS>
<VideoDuration>792.43</VideoDuration>
<PIPVideoDuration>792.17</PIPVideoDuration>
<VideoFPS>30.00</VideoFPS>
<PIPVideoFPS>30.00</PIPVideoFPS>
<VideoWidth>800</VideoWidth>
<VideoHeight>618</VideoHeight>
<ActualVideoWidth>800</ActualVideoWidth>
<ActualVideoHeight>600</ActualVideoHeight>
<PIPVideoWidth>160</PIPVideoWidth>
<PIPVideoHeight>120</PIPVideoHeight>
<TOCWidth>-1</TOCWidth>
<MinTOCWidth>160</MinTOCWidth>
<TOCDividerHeight>18</TOCDividerHeight>
<TimelineHasAudio>1</TimelineHasAudio>
<TimelineDuration>7924333333</TimelineDuration>
<SWFControllerTotalHeight>18</SWFControllerTotalHeight>
<SWFMinWidth>320</SWFMinWidth>
<SWFTOCXPos>0</SWFTOCXPos>
<SWFTOCYPos>0</SWFTOCYPos>
<SWFTOCWidth>160</SWFTOCWidth>
<SWFTOCHeight>600</SWFTOCHeight>
<SWFHasPIPOverlay>0</SWFHasPIPOverlay>
<SWFControllerColor></SWFControllerColor>
<SWFTimeDispFontColor>0x000000</SWFTimeDispFontColor>
<SWFPlaybackConfigFileName>lesson02_config.xml</SWFPlaybackConfigFileName>
<SWFPlaybackControllerFileName>lesson02_controller.swf</SWFPlaybackControllerFileName>
<SWFPreloaderFileName></SWFPreloaderFileName>
<StripWhitespace>0</StripWhitespace>
<WritingImages>0</WritingImages>
<WritePreviewXML>0</WritePreviewXML>
<DisableTOC>0</DisableTOC>
<AutoPlay>0</AutoPlay>
<CancelledProduction>0</CancelledProduction>
<CancelledProdLength>7923000000</CancelledProdLength>
<Hotspot_Array>
<Hotspot_Array_Object>
               <array>
               <hotspot>
               </hotspot>
               <hotspot>
               </hotspot>
               <hotspot>
               </hotspot>
               <hotspot>
               </hotspot>
               <hotspot>
               </hotspot>
               <hotspot>
               </hotspot>
               <hotspot>
               </hotspot>
               <hotspot>
               </hotspot>
               <hotspot>
               </hotspot>
               <hotspot>
               </hotspot>
               <hotspot>
               </hotspot>
               <hotspot>
               </hotspot>
               <hotspot>
               </hotspot>
               </array>
</Hotspot_Array_Object>
</Hotspot_Array>
<AdjGlobalRenderRangeStart>-1</AdjGlobalRenderRangeStart>
<AdjGlobalRenderRangeStop>-1</AdjGlobalRenderRangeStop>
<AdjRenderRange_Array>
<AdjRenderRange_Obj>
<AdjRenderRangeStart>0</AdjRenderRangeStart>
<AdjRenderRangeStop>861333333</AdjRenderRangeStop>
</AdjRenderRange_Obj>
<AdjRenderRange_Obj>
<AdjRenderRangeStart>861333333</AdjRenderRangeStart>
<AdjRenderRangeStop>1154000000</AdjRenderRangeStop>
</AdjRenderRange_Obj>
<AdjRenderRange_Obj>
<AdjRenderRangeStart>1154000000</AdjRenderRangeStart>
<AdjRenderRangeStop>2420000000</AdjRenderRangeStop>
</AdjRenderRange_Obj>
<AdjRenderRange_Obj>
<AdjRenderRangeStart>2420000000</AdjRenderRangeStart>
<AdjRenderRangeStop>3308333333</AdjRenderRangeStop>
</AdjRenderRange_Obj>
<AdjRenderRange_Obj>
<AdjRenderRangeStart>3308333333</AdjRenderRangeStart>
<AdjRenderRangeStop>3683333333</AdjRenderRangeStop>
</AdjRenderRange_Obj>
<AdjRenderRange_Obj>
<AdjRenderRangeStart>3683333333</AdjRenderRangeStart>
<AdjRenderRangeStop>5892333333</AdjRenderRangeStop>
</AdjRenderRange_Obj>
<AdjRenderRange_Obj>
<AdjRenderRangeStart>5892333333</AdjRenderRangeStart>
<AdjRenderRangeStop>6478333333</AdjRenderRangeStop>
</AdjRenderRange_Obj>
<AdjRenderRange_Obj>
<AdjRenderRangeStart>6478333333</AdjRenderRangeStart>
<AdjRenderRangeStop>7066333333</AdjRenderRangeStop>
</AdjRenderRange_Obj>
<AdjRenderRange_Obj>
<AdjRenderRangeStart>7066333333</AdjRenderRangeStart>
<AdjRenderRangeStop>7924333333</AdjRenderRangeStop>
</AdjRenderRange_Obj>
</AdjRenderRange_Array>
<AdjMarkerDuration_Array>
<AdjMarkerDuration_Obj>
<AdjMarkerDuration>861333333</AdjMarkerDuration>
</AdjMarkerDuration_Obj>
<AdjMarkerDuration_Obj>
<AdjMarkerDuration>292666667</AdjMarkerDuration>
</AdjMarkerDuration_Obj>
<AdjMarkerDuration_Obj>
<AdjMarkerDuration>1266000000</AdjMarkerDuration>
</AdjMarkerDuration_Obj>
<AdjMarkerDuration_Obj>
<AdjMarkerDuration>888333333</AdjMarkerDuration>
</AdjMarkerDuration_Obj>
<AdjMarkerDuration_Obj>
<AdjMarkerDuration>375000000</AdjMarkerDuration>
</AdjMarkerDuration_Obj>
<AdjMarkerDuration_Obj>
<AdjMarkerDuration>2209000000</AdjMarkerDuration>
</AdjMarkerDuration_Obj>
<AdjMarkerDuration_Obj>
<AdjMarkerDuration>586000000</AdjMarkerDuration>
</AdjMarkerDuration_Obj>
<AdjMarkerDuration_Obj>
<AdjMarkerDuration>588000000</AdjMarkerDuration>
</AdjMarkerDuration_Obj>
<AdjMarkerDuration_Obj>
<AdjMarkerDuration>858000000</AdjMarkerDuration>
</AdjMarkerDuration_Obj>
</AdjMarkerDuration_Array>
<AdjMarkerTimes_Array>
<AdjMarkerTime_Obj>
<AdjMarkerTime>0</AdjMarkerTime>
</AdjMarkerTime_Obj>
<AdjMarkerTime_Obj>
<AdjMarkerTime>861333333</AdjMarkerTime>
</AdjMarkerTime_Obj>
<AdjMarkerTime_Obj>
<AdjMarkerTime>1154000000</AdjMarkerTime>
</AdjMarkerTime_Obj>
<AdjMarkerTime_Obj>
<AdjMarkerTime>2420000000</AdjMarkerTime>
</AdjMarkerTime_Obj>
<AdjMarkerTime_Obj>
<AdjMarkerTime>3308333333</AdjMarkerTime>
</AdjMarkerTime_Obj>
<AdjMarkerTime_Obj>
<AdjMarkerTime>3683333333</AdjMarkerTime>
</AdjMarkerTime_Obj>
<AdjMarkerTime_Obj>
<AdjMarkerTime>5892333333</AdjMarkerTime>
</AdjMarkerTime_Obj>
<AdjMarkerTime_Obj>
<AdjMarkerTime>6478333333</AdjMarkerTime>
</AdjMarkerTime_Obj>
<AdjMarkerTime_Obj>
<AdjMarkerTime>7066333333</AdjMarkerTime>
</AdjMarkerTime_Obj>
</AdjMarkerTimes_Array>
<HasQuizQuestions>0</HasQuizQuestions>
<m_strQuizQuestionOfString>Question @ of @</m_strQuizQuestionOfString>
<m_strQuizPrevString>Prev</m_strQuizPrevString>
<m_strQuizSubmitString>Submit</m_strQuizSubmitString>
<m_strQuizNextString>Next</m_strQuizNextString>
<m_strQuizDoneString>Done</m_strQuizDoneString>
<m_strQuizPreviewString>Preview</m_strQuizPreviewString>
<m_strQuizSendString>Send</m_strQuizSendString>
<m_strQuizMainMessageString>You have reached the end of the questions and this video. Your answers are ready to be sent.</m_strQuizMainMessageString>
<m_strQuizEmailContentsString>E-mail Contents</m_strQuizEmailContentsString>
<m_strQuizEmailToString>E-mail to </m_strQuizEmailToString>
<m_strQuizAnswersSentString>Your answers have been sent.</m_strQuizAnswersSentString>
<m_strQuizSummaryString>You have completed @ of @ questions.</m_strQuizSummaryString>
<m_strQuizScoreString>Score = @/@</m_strQuizScoreString>
<m_strQuizSummaryTitleString>Answers Summary</m_strQuizSummaryTitleString>
<Quiz_Array>
</Quiz_Array>
<Markers_Array>
<Marker_Object>
<MarkerName>Introduction</MarkerName>
<MarkerImage></MarkerImage>
<MarkerTime>0</MarkerTime>
<IndentLevel>0</IndentLevel>
<ShouldIgnore>0</ShouldIgnore>
</Marker_Object>
<Marker_Object>
<MarkerName>The Eclipse Workbench</MarkerName>
<MarkerImage></MarkerImage>
<MarkerTime>861333333</MarkerTime>
<IndentLevel>0</IndentLevel>
<ShouldIgnore>0</ShouldIgnore>
</Marker_Object>
<Marker_Object>
<MarkerName>Views and Perspectives</MarkerName>
<MarkerImage></MarkerImage>
<MarkerTime>1154000000</MarkerTime>
<IndentLevel>0</IndentLevel>
<ShouldIgnore>0</ShouldIgnore>
</Marker_Object>
<Marker_Object>
<MarkerName>Special Characters</MarkerName>
<MarkerImage></MarkerImage>
<MarkerTime>2420000000</MarkerTime>
<IndentLevel>0</IndentLevel>
<ShouldIgnore>0</ShouldIgnore>
</Marker_Object>
<Marker_Object>
<MarkerName>Getters</MarkerName>
<MarkerImage></MarkerImage>
<MarkerTime>3308333333</MarkerTime>
<IndentLevel>0</IndentLevel>
<ShouldIgnore>0</ShouldIgnore>
</Marker_Object>
<Marker_Object>
<MarkerName>Code Assist</MarkerName>
<MarkerImage></MarkerImage>
<MarkerTime>3683333333</MarkerTime>
<IndentLevel>0</IndentLevel>
<ShouldIgnore>0</ShouldIgnore>
</Marker_Object>
<Marker_Object>
<MarkerName>Paramters and Fields</MarkerName>
<MarkerImage></MarkerImage>
<MarkerTime>5892333333</MarkerTime>
<IndentLevel>0</IndentLevel>
<ShouldIgnore>0</ShouldIgnore>
</Marker_Object>
<Marker_Object>
<MarkerName>This</MarkerName>
<MarkerImage></MarkerImage>
<MarkerTime>6478333333</MarkerTime>
<IndentLevel>0</IndentLevel>
<ShouldIgnore>0</ShouldIgnore>
</Marker_Object>
<Marker_Object>
<MarkerName>Class Members</MarkerName>
<MarkerImage></MarkerImage>
<MarkerTime>7066333333</MarkerTime>
<IndentLevel>0</IndentLevel>
<ShouldIgnore>0</ShouldIgnore>
</Marker_Object>
</Markers_Array>
<CaptionPlayerXML_Array>
<Caption_Array_Object>
<CaptionXML>   <array>
      <captionObject>
         <Time>0.000000</Time>
         <Caption><![CDATA[(Opening music ...)<BR><BR>]]></Caption>
      </captionObject>
      <captionObject>
         <Time>8.066667</Time>
         <Caption><![CDATA[Hello again. Welcome to lesson 2 of Eclipse and <BR>Java for total beginners. In this lesson, we are <BR>going to learn a little more about Eclipse ]]></Caption>
      </captionObject>
      <captionObject>
         <Time>17.700000</Time>
         <Caption><![CDATA[and then continue working on the Person class we <BR>created in Lesson 1.<BR>]]></Caption>
      </captionObject>
      <captionObject>
         <Time>23.300000</Time>
         <Caption><![CDATA[Let&apos;s start by looking at the Eclipse user <BR>interface.  If you need to, re-start Eclipse. It <BR>will launch with your last layout, ]]></Caption>
      </captionObject>
      <captionObject>
         <Time>31.866667</Time>
         <Caption><![CDATA[which for me is editing the Person class editing <BR>in full-screen mode. If you closed this class, and <BR>re-open it, it&apos;s no problem.]]></Caption>
      </captionObject>
      <captionObject>
         <Time>41.300000</Time>
         <Caption><![CDATA[I&apos;ll show you how to do that real quick. I&apos;ll <BR>double-click here to get it back to normal view. <BR>I&apos;ll close the class.]]></Caption>
      </captionObject>
      <captionObject>
         <Time>48.100000</Time>
         <Caption><![CDATA[And if you came in and Eclipse looked like this, <BR>you just expand the Total Beginner project in the <BR>package explorer, ]]></Caption>
      </captionObject>
      <captionObject>
         <Time>57.500000</Time>
         <Caption><![CDATA[highlight the Person class, right-click, select <BR>Open, and we&apos;re back where we were. <BR> ]]></Caption>
      </captionObject>
      <captionObject>
         <Time>66.000000</Time>
         <Caption><![CDATA[For this tutorial, I&apos;m using a small screen size, <BR>800 by 600. So Eclipse is a bit little cramped, <BR>but you&apos;ll still get the idea. ]]></Caption>
      </captionObject>
      <captionObject>
         <Time>75.166667</Time>
         <Caption><![CDATA[Also, if you are running another platform -- Linux <BR>or Mac -- the screen will look slightly different <BR>but the functionality should be the same. ]]></Caption>
      </captionObject>
      <captionObject>
         <Time>86.133333</Time>
         <Caption><![CDATA[The Eclipse desktop is called the workbench and is <BR>comprised of 4 regions. This region in the middle <BR>where we normally have our Java editor.  ]]></Caption>
      </captionObject>
      <captionObject>
         <Time>96.433333</Time>
         <Caption><![CDATA[We have this region on the left, where right now <BR>we&apos;ve got the Package Explorer open. <BR>]]></Caption>
      </captionObject>
      <captionObject>
         <Time>101.133333</Time>
         <Caption><![CDATA[We&apos;ve got this region down below, where right now <BR>we have our Problems window open. The Problems <BR>view shows compiler errors. ]]></Caption>
      </captionObject>
      <captionObject>
         <Time>109.633333</Time>
         <Caption><![CDATA[Then we have this region on the right, where <BR>currently we have the Task List and the Outline.<BR>]]></Caption>
      </captionObject>
      <captionObject>
         <Time>115.400000</Time>
         <Caption><![CDATA[Each of these regions can hold one or more views. <BR>Each of these windows is called a view in Eclipse. <BR>]]></Caption>
      </captionObject>
      <captionObject>
         <Time>123.533333</Time>
         <Caption><![CDATA[Eclipse also has the concept of a Perspective. A <BR>Perspective is a layout of views designed for a <BR>specific task. ]]></Caption>
      </captionObject>
      <captionObject>
         <Time>134.433333</Time>
         <Caption><![CDATA[For example, so far we&apos;ve been using the Java <BR>Perspective. If I click up here, we can use the <BR>Debug Perspective. ]]></Caption>
      </captionObject>
      <captionObject>
         <Time>141.633333</Time>
         <Caption><![CDATA[This rearranges the workbench to make it good for <BR>running the Debugger. <BR>]]></Caption>
      </captionObject>
      <captionObject>
         <Time>149.233333</Time>
         <Caption><![CDATA[You can arrange the workbench in many different <BR>ways. I&apos;ll just show you a few examples.  <BR>]]></Caption>
      </captionObject>
      <captionObject>
         <Time>156.633333</Time>
         <Caption><![CDATA[You can open and close views. For example, I can <BR>close the task list, <BR>]]></Caption>
      </captionObject>
      <captionObject>
         <Time>160.533333</Time>
         <Caption><![CDATA[then come back here and select Show View, go down, <BR>and re-open the Task List. <BR>]]></Caption>
      </captionObject>
      <captionObject>
         <Time>166.933333</Time>
         <Caption><![CDATA[You can change perspectives, either by pressing a <BR>Perspective button here, or by going Window / Open <BR>Perspective. Either method works.]]></Caption>
      </captionObject>
      <captionObject>
         <Time>181.333333</Time>
         <Caption><![CDATA[You can drag and drop views to different regions <BR>of the screen. For example, I can take the Task <BR>List and drag it down as a tab pane here. ]]></Caption>
      </captionObject>
      <captionObject>
         <Time>191.733333</Time>
         <Caption><![CDATA[I can drag it as a split-pane vertically. I can <BR>drag it as a split-pane horizontally, and so <BR>forth.]]></Caption>
      </captionObject>
      <captionObject>
         <Time>205.733333</Time>
         <Caption><![CDATA[You can also change the toolbar up here. For <BR>example, I can expand the toolbar and still access <BR>the options using the drop-down list.]]></Caption>
      </captionObject>
      <captionObject>
         <Time>217.933333</Time>
         <Caption><![CDATA[<BR>Eclipse has extensive online help.  For example, <BR>if I go here and select Help / Contents, ]]></Caption>
      </captionObject>
      <captionObject>
         <Time>224.533333</Time>
         <Caption><![CDATA[I can look up some of the things we were just <BR>talking about, such as Workbench, Perspectives, <BR>Views, and so forth.]]></Caption>
      </captionObject>
      <captionObject>
         <Time>235.733333</Time>
         <Caption><![CDATA[Let&apos;s get back to the Person class.  I&apos;ll double <BR>click to expand it. <BR>]]></Caption>
      </captionObject>
      <captionObject>
         <Time>242.000000</Time>
         <Caption><![CDATA[This is a good time to quickly discuss some <BR>special characters in the Java syntax.<BR>]]></Caption>
      </captionObject>
      <captionObject>
         <Time>249.233333</Time>
         <Caption><![CDATA[As mentioned before, curly braces enclose all <BR>blocks of code, including the entire class, and<BR>methods. ]]></Caption>
      </captionObject>
      <captionObject>
         <Time>257.766667</Time>
         <Caption><![CDATA[You can see here, when I click, the matching curly<BR>brace is highlighted by Eclipse. <BR>]]></Caption>
      </captionObject>
      <captionObject>
         <Time>264.033333</Time>
         <Caption><![CDATA[Fortunately, most of the time Eclipse puts in the <BR>ending curly brace as soon as you type the<BR>beginning one.]]></Caption>
      </captionObject>
      <captionObject>
         <Time>272.466667</Time>
         <Caption><![CDATA[Next, notice that statements all end with semi-<BR>colons. A statement is like a complete sentence.<BR>]]></Caption>
      </captionObject>
      <captionObject>
         <Time>283.833333</Time>
         <Caption><![CDATA[A statement is usually used to assign a value to a <BR>variable or to run a method, or something like <BR>that. ]]></Caption>
      </captionObject>
      <captionObject>
         <Time>291.833333</Time>
         <Caption><![CDATA[When you declare a  method or a constructor, the <BR>name is followed by a set of parentheses.  <BR>]]></Caption>
      </captionObject>
      <captionObject>
         <Time>297.233333</Time>
         <Caption><![CDATA[These parentheses enclose parameters passed to the <BR>method or constructor. Lots of methods have no <BR>parameters, but they still need empty parentheses. ]]></Caption>
      </captionObject>
      <captionObject>
         <Time>308.333333</Time>
         <Caption><![CDATA[As I mentioned before, the &quot;//&quot; indicate in-line <BR>comments. And there are a couple of other ways to <BR>do comments that we&apos;ll talk about later on.]]></Caption>
      </captionObject>
      <captionObject>
         <Time>318.633333</Time>
         <Caption><![CDATA[If you have never used C or a similar programming <BR>language, the Java syntax is a little strange at <BR>first. ]]></Caption>
      </captionObject>
      <captionObject>
         <Time>326.033333</Time>
         <Caption><![CDATA[Eclipse helps a lot by automatically formatting <BR>the code for you.<BR>]]></Caption>
      </captionObject>
      <captionObject>
         <Time>330.766667</Time>
         <Caption><![CDATA[Next, let&apos;s add some methods to the Person class. <BR>Most classes you will write contain simple methods <BR>to set or get data from fields. ]]></Caption>
      </captionObject>
      <captionObject>
         <Time>341.333333</Time>
         <Caption><![CDATA[These are affectionately called “getters” and <BR>“setters”. Let&apos;s write a &quot;getter&quot; and &quot;setter&quot; <BR>method for the name field. ]]></Caption>
      </captionObject>
      <captionObject>
         <Time>344.833333</Time>
         <Caption><![CDATA[So, let&apos;s write a getter and setter method for the <BR>name field.<BR>]]></Caption>
      </captionObject>
      <captionObject>
         <Time>351.633333</Time>
         <Caption><![CDATA[I&apos;ll write &quot;public String&quot;. This is the getName() <BR>method, so it&apos;s going to return the name, which is <BR>a String. ]]></Caption>
      </captionObject>
      <captionObject>
         <Time>361.333333</Time>
         <Caption><![CDATA[And I say &quot;return name;&quot;. And that&apos;s all there is <BR>to it. <BR>]]></Caption>
      </captionObject>
      <captionObject>
         <Time>368.333333</Time>
         <Caption><![CDATA[For the setName method, we&apos;re going to use Eclipse <BR>to help us. Follow this carefully. <BR>]]></Caption>
      </captionObject>
      <captionObject>
         <Time>377.133333</Time>
         <Caption><![CDATA[I&apos;m going to type “pub” and then hit Ctrl+Space, <BR>which pulls up the Code Assist, like we did <BR>before. ]]></Caption>
      </captionObject>
      <captionObject>
         <Time>385.033333</Time>
         <Caption><![CDATA[Now the very first item is “public method”, which <BR>is what I want. Now I hit Enter. <BR>]]></Caption>
      </captionObject>
      <captionObject>
         <Time>391.133333</Time>
         <Caption><![CDATA[Now notice here that there is a slight difference <BR>in the appearence. This has a little rectangle <BR>around it.]]></Caption>
      </captionObject>
      <captionObject>
         <Time>396.833333</Time>
         <Caption><![CDATA[That tells me that we&apos;re inside a Code Assist <BR>template. So it&apos;s asking me for the return type. <BR>]]></Caption>
      </captionObject>
      <captionObject>
         <Time>402.833333</Time>
         <Caption><![CDATA[I&apos;m going to type &quot;void&quot;. Now instead of a Space <BR>or arrow key, I&apos;m going to hit the Tab key, <BR>]]></Caption>
      </captionObject>
      <captionObject>
         <Time>408.733333</Time>
         <Caption><![CDATA[and that&apos;s going to take me to the next element of <BR>this method, which is name. This method is called <BR>&quot;setName&quot;. Again I hit the Tab. ]]></Caption>
      </captionObject>
      <captionObject>
         <Time>419.633333</Time>
         <Caption><![CDATA[It takes me inside the parentheses, where I can <BR>put in the parameters for this method. In this <BR>case &quot;String anyName&quot;. ]]></Caption>
      </captionObject>
      <captionObject>
         <Time>431.133333</Time>
         <Caption><![CDATA[(We&apos;ll talk about the content of this in a <BR>minute.)<BR>]]></Caption>
      </captionObject>
      <captionObject>
         <Time>433.633333</Time>
         <Caption><![CDATA[Again I hit Tab one more time and it takes me to <BR>where I can type the body of the method. So it&apos;s a <BR>shortcut. ]]></Caption>
      </captionObject>
      <captionObject>
         <Time>441.133333</Time>
         <Caption><![CDATA[I can Tab through the various elements I need to <BR>define the method. <BR>]]></Caption>
      </captionObject>
      <captionObject>
         <Time>444.633333</Time>
         <Caption><![CDATA[In this case, I&apos;ll say &quot;name = anyName;&quot; and end <BR>with a semi-colon. <BR>]]></Caption>
      </captionObject>
      <captionObject>
         <Time>454.133333</Time>
         <Caption><![CDATA[Let&apos;s look at these methods. The getName() method <BR>returns a String, so that&apos;s why we say &quot;String&quot; <BR>here. ]]></Caption>
      </captionObject>
      <captionObject>
         <Time>463.833333</Time>
         <Caption><![CDATA[And the String it returns is just our name field, <BR>which is the same thing as up here. <BR>]]></Caption>
      </captionObject>
      <captionObject>
         <Time>471.133333</Time>
         <Caption><![CDATA[The key word &quot;return&quot; tells Java that this is the <BR>value that&apos;s going to be returned when this method <BR>is called. ]]></Caption>
      </captionObject>
      <captionObject>
         <Time>481.833333</Time>
         <Caption><![CDATA[Now the setName method doesn&apos;t return any value. <BR>That&apos;s why this says &quot;void&quot;. But it takes as a <BR>parameter a String, ]]></Caption>
      </captionObject>
      <captionObject>
         <Time>490.733333</Time>
         <Caption><![CDATA[and I&apos;ve chosen to give this String parameter the <BR>name &quot;anyName&quot;. And inside this method is just <BR>says &quot;name&quot; (which is my field up here)]]></Caption>
      </captionObject>
      <captionObject>
         <Time>504.433333</Time>
         <Caption><![CDATA[is set equal to whatever the value of &quot;anyName&quot; <BR>happens to be.<BR>]]></Caption>
      </captionObject>
      <captionObject>
         <Time>508.033333</Time>
         <Caption><![CDATA[Now it&apos;s important to understand that this <BR>parameter could be called just about anything.<BR>I just happened to have called it &quot;anyName&quot;. ]]></Caption>
      </captionObject>
      <captionObject>
         <Time>521.233333</Time>
         <Caption><![CDATA[Now we start to have some fun. You can see that <BR>these methods are very simple, and it would be<BR>very repetitive if we had a bunch of fields]]></Caption>
      </captionObject>
      <captionObject>
         <Time>531.133333</Time>
         <Caption><![CDATA[where were just doing get and set methods that are <BR>just one line of code each. <BR>]]></Caption>
      </captionObject>
      <captionObject>
         <Time>537.433333</Time>
         <Caption><![CDATA[So Eclipse has a wizard that does this <BR>automatically for us. To do the wizard, I go <BR>Source / Generate Getters and Setters.]]></Caption>
      </captionObject>
      <captionObject>
         <Time>554.733333</Time>
         <Caption><![CDATA[The only field I have that doesn&apos;t already have a <BR>getter and setter is maximumBooks. So I&apos;ll check <BR>that. We want a get and a set method. ]]></Caption>
      </captionObject>
      <captionObject>
         <Time>563.433333</Time>
         <Caption><![CDATA[I hit Ok, and here are our two new methods. Now <BR>they look pretty much the same, except that it&apos;s <BR>an int (integer) instead of a String. ]]></Caption>
      </captionObject>
      <captionObject>
         <Time>575.933333</Time>
         <Caption><![CDATA[It&apos;s just returning the value of the field. Now <BR>&quot;this&quot; is new. Let&apos;s look carefully at this method <BR>&quot;setMaximumBooks&quot;. ]]></Caption>
      </captionObject>
      <captionObject>
         <Time>586.433333</Time>
         <Caption><![CDATA[This part is familiar. &quot;void&quot; means it doesn&apos;t <BR>return anything. The parameter is an integer. But <BR>the parameter name is &quot;maximumBooks&quot;, ]]></Caption>
      </captionObject>
      <captionObject>
         <Time>595.733333</Time>
         <Caption><![CDATA[which is the exact same name as our field. But it <BR>means a completely different thing. <BR>]]></Caption>
      </captionObject>
      <captionObject>
         <Time>603.233333</Time>
         <Caption><![CDATA[The parameter &quot;maximumBooks&quot; is just the name <BR>we&apos;re giving to the value that is passed in when <BR>we call this method. ]]></Caption>
      </captionObject>
      <captionObject>
         <Time>611.033333</Time>
         <Caption><![CDATA[It just happens to be called the same. And you can <BR>see that it&apos;s black, which means it&apos;s a local <BR>variable. ]]></Caption>
      </captionObject>
      <captionObject>
         <Time>616.233333</Time>
         <Caption><![CDATA[Whereas the maximumBooks over here is blue, which <BR>means it&apos;s a field in this class. So that explains <BR>why these two words are the same. ]]></Caption>
      </captionObject>
      <captionObject>
         <Time>626.633333</Time>
         <Caption><![CDATA[Because we can choose any name we want for this, <BR>including the name of the field. <BR>]]></Caption>
      </captionObject>
      <captionObject>
         <Time>630.933333</Time>
         <Caption><![CDATA[The &quot;this.maximumBooks&quot; means the following. <BR>&quot;this&quot; means this particular object. <BR>]]></Caption>
      </captionObject>
      <captionObject>
         <Time>639.933333</Time>
         <Caption><![CDATA[So when I say &quot;this.maximumBooks&quot;, I&apos;m saying the <BR>maximumBooks field for the current object. <BR>]]></Caption>
      </captionObject>
      <captionObject>
         <Time>647.833333</Time>
         <Caption><![CDATA[Now, in this set method, the word &quot;this.&quot; is <BR>optional, which is why I didn&apos;t use it up here in <BR>the setName method. ]]></Caption>
      </captionObject>
      <captionObject>
         <Time>661.233333</Time>
         <Caption><![CDATA[I could have put in &quot;this.name&quot; but I just put in <BR>name, because the compiler knows that I mean the <BR>field called name. ]]></Caption>
      </captionObject>
      <captionObject>
         <Time>669.233333</Time>
         <Caption><![CDATA[But when Eclipse creates the method, it adds the <BR>&quot;this.&quot;, which improves the clarity. <BR>]]></Caption>
      </captionObject>
      <captionObject>
         <Time>675.833333</Time>
         <Caption><![CDATA[It makes is clear that maximumBooks here is a <BR>field for this object, as opposed to maximumBooks <BR>over here, which is just a local variable.  ]]></Caption>
      </captionObject>
      <captionObject>
         <Time>687.933333</Time>
         <Caption><![CDATA[Now this can be confusing at first, but as you see <BR>and write more code, it becomes easier.<BR>]]></Caption>
      </captionObject>
      <captionObject>
         <Time>695.800000</Time>
         <Caption><![CDATA[If you&apos;re following along, you should have the <BR>same file I do. If not, you can pause the video to <BR>catch up. ]]></Caption>
      </captionObject>
      <captionObject>
         <Time>706.666667</Time>
         <Caption><![CDATA[To review a little, a class typically contains <BR>three things: fields, constructors, and methods. <BR>I&apos;ll type in &quot;methods&quot; in a comment and save. ]]></Caption>
      </captionObject>
      <captionObject>
         <Time>725.633333</Time>
         <Caption><![CDATA[Now the order of these things doesn&apos;t really <BR>matter too much to the compiler, but if we stay in <BR>the order they are in now, ]]></Caption>
      </captionObject>
      <captionObject>
         <Time>734.533333</Time>
         <Caption><![CDATA[it makes it easier for other programmers to read <BR>our code, especially when the files get large.<BR>]]></Caption>
      </captionObject>
      <captionObject>
         <Time>743.433333</Time>
         <Caption><![CDATA[Now, I&apos;m going to double-click here to reduce the <BR>size of this window. And let&apos;s open up the Person <BR>class in the Package Explorer. ]]></Caption>
      </captionObject>
      <captionObject>
         <Time>757.533333</Time>
         <Caption><![CDATA[We see a schematic representation of the class. We <BR>can see we&apos;ve got two fields, maximumBooks and <BR>name. ]]></Caption>
      </captionObject>
      <captionObject>
         <Time>765.833333</Time>
         <Caption><![CDATA[We&apos;ve got a constructor, and we&apos;ve got our four <BR>methods. <BR>]]></Caption>
      </captionObject>
      <captionObject>
         <Time>771.433333</Time>
         <Caption><![CDATA[At this point we have a class that can do a few <BR>things. In the next lesson we&apos;ll try out the <BR>Person class using the Eclipse scrapbook.]]></Caption>
      </captionObject>
      <captionObject>
         <Time>780.633333</Time>
         <Caption><![CDATA[This ends Lesson 2. I&apos;m Mark Dexter saying so long <BR>for now.<BR>]]></Caption>
      </captionObject>
      <captionObject>
         <Time>785.633333</Time>
         <Caption><![CDATA[(Closing music ...)<BR><BR>]]></Caption>
      </captionObject>
   </array>
</CaptionXML>
</Caption_Array_Object>
</CaptionPlayerXML_Array>
<CaptionFontHeight>23</CaptionFontHeight>
<MaxCaptionsCharsPerLine>50</MaxCaptionsCharsPerLine>
<TimelineCaptionCount>92</TimelineCaptionCount>
<CaptionHeight>0</CaptionHeight>
<CloseCaptions_Array>
<captionObject>
<Time>0.000000</Time>
<Caption><![CDATA[(Opening music ...)<BR><BR>]]></Caption>
</captionObject>
<captionObject>
<Time>8.066667</Time>
<Caption><![CDATA[Hello again. Welcome to lesson 2 of Eclipse and <BR>Java for total beginners. In this lesson, we are <BR>going to learn a little more about Eclipse ]]></Caption>
</captionObject>
<captionObject>
<Time>17.700000</Time>
<Caption><![CDATA[and then continue working on the Person class we <BR>created in Lesson 1.<BR>]]></Caption>
</captionObject>
<captionObject>
<Time>23.300000</Time>
<Caption><![CDATA[Let&apos;s start by looking at the Eclipse user <BR>interface.  If you need to, re-start Eclipse. It <BR>will launch with your last layout, ]]></Caption>
</captionObject>
<captionObject>
<Time>31.866667</Time>
<Caption><![CDATA[which for me is editing the Person class editing <BR>in full-screen mode. If you closed this class, and <BR>re-open it, it&apos;s no problem.]]></Caption>
</captionObject>
<captionObject>
<Time>41.300000</Time>
<Caption><![CDATA[I&apos;ll show you how to do that real quick. I&apos;ll <BR>double-click here to get it back to normal view. <BR>I&apos;ll close the class.]]></Caption>
</captionObject>
<captionObject>
<Time>48.100000</Time>
<Caption><![CDATA[And if you came in and Eclipse looked like this, <BR>you just expand the Total Beginner project in the <BR>package explorer, ]]></Caption>
</captionObject>
<captionObject>
<Time>57.500000</Time>
<Caption><![CDATA[highlight the Person class, right-click, select <BR>Open, and we&apos;re back where we were. <BR> ]]></Caption>
</captionObject>
<captionObject>
<Time>66.000000</Time>
<Caption><![CDATA[For this tutorial, I&apos;m using a small screen size, <BR>800 by 600. So Eclipse is a bit little cramped, <BR>but you&apos;ll still get the idea. ]]></Caption>
</captionObject>
<captionObject>
<Time>75.166667</Time>
<Caption><![CDATA[Also, if you are running another platform -- Linux <BR>or Mac -- the screen will look slightly different <BR>but the functionality should be the same. ]]></Caption>
</captionObject>
<captionObject>
<Time>86.133333</Time>
<Caption><![CDATA[The Eclipse desktop is called the workbench and is <BR>comprised of 4 regions. This region in the middle <BR>where we normally have our Java editor.  ]]></Caption>
</captionObject>
<captionObject>
<Time>96.433333</Time>
<Caption><![CDATA[We have this region on the left, where right now <BR>we&apos;ve got the Package Explorer open. <BR>]]></Caption>
</captionObject>
<captionObject>
<Time>101.133333</Time>
<Caption><![CDATA[We&apos;ve got this region down below, where right now <BR>we have our Problems window open. The Problems <BR>view shows compiler errors. ]]></Caption>
</captionObject>
<captionObject>
<Time>109.633333</Time>
<Caption><![CDATA[Then we have this region on the right, where <BR>currently we have the Task List and the Outline.<BR>]]></Caption>
</captionObject>
<captionObject>
<Time>115.400000</Time>
<Caption><![CDATA[Each of these regions can hold one or more views. <BR>Each of these windows is called a view in Eclipse. <BR>]]></Caption>
</captionObject>
<captionObject>
<Time>123.533333</Time>
<Caption><![CDATA[Eclipse also has the concept of a Perspective. A <BR>Perspective is a layout of views designed for a <BR>specific task. ]]></Caption>
</captionObject>
<captionObject>
<Time>134.433333</Time>
<Caption><![CDATA[For example, so far we&apos;ve been using the Java <BR>Perspective. If I click up here, we can use the <BR>Debug Perspective. ]]></Caption>
</captionObject>
<captionObject>
<Time>141.633333</Time>
<Caption><![CDATA[This rearranges the workbench to make it good for <BR>running the Debugger. <BR>]]></Caption>
</captionObject>
<captionObject>
<Time>149.233333</Time>
<Caption><![CDATA[You can arrange the workbench in many different <BR>ways. I&apos;ll just show you a few examples.  <BR>]]></Caption>
</captionObject>
<captionObject>
<Time>156.633333</Time>
<Caption><![CDATA[You can open and close views. For example, I can <BR>close the task list, <BR>]]></Caption>
</captionObject>
<captionObject>
<Time>160.533333</Time>
<Caption><![CDATA[then come back here and select Show View, go down, <BR>and re-open the Task List. <BR>]]></Caption>
</captionObject>
<captionObject>
<Time>166.933333</Time>
<Caption><![CDATA[You can change perspectives, either by pressing a <BR>Perspective button here, or by going Window / Open <BR>Perspective. Either method works.]]></Caption>
</captionObject>
<captionObject>
<Time>181.333333</Time>
<Caption><![CDATA[You can drag and drop views to different regions <BR>of the screen. For example, I can take the Task <BR>List and drag it down as a tab pane here. ]]></Caption>
</captionObject>
<captionObject>
<Time>191.733333</Time>
<Caption><![CDATA[I can drag it as a split-pane vertically. I can <BR>drag it as a split-pane horizontally, and so <BR>forth.]]></Caption>
</captionObject>
<captionObject>
<Time>205.733333</Time>
<Caption><![CDATA[You can also change the toolbar up here. For <BR>example, I can expand the toolbar and still access <BR>the options using the drop-down list.]]></Caption>
</captionObject>
<captionObject>
<Time>217.933333</Time>
<Caption><![CDATA[<BR>Eclipse has extensive online help.  For example, <BR>if I go here and select Help / Contents, ]]></Caption>
</captionObject>
<captionObject>
<Time>224.533333</Time>
<Caption><![CDATA[I can look up some of the things we were just <BR>talking about, such as Workbench, Perspectives, <BR>Views, and so forth.]]></Caption>
</captionObject>
<captionObject>
<Time>235.733333</Time>
<Caption><![CDATA[Let&apos;s get back to the Person class.  I&apos;ll double <BR>click to expand it. <BR>]]></Caption>
</captionObject>
<captionObject>
<Time>242.000000</Time>
<Caption><![CDATA[This is a good time to quickly discuss some <BR>special characters in the Java syntax.<BR>]]></Caption>
</captionObject>
<captionObject>
<Time>249.233333</Time>
<Caption><![CDATA[As mentioned before, curly braces enclose all <BR>blocks of code, including the entire class, and<BR>methods. ]]></Caption>
</captionObject>
<captionObject>
<Time>257.766667</Time>
<Caption><![CDATA[You can see here, when I click, the matching curly<BR>brace is highlighted by Eclipse. <BR>]]></Caption>
</captionObject>
<captionObject>
<Time>264.033333</Time>
<Caption><![CDATA[Fortunately, most of the time Eclipse puts in the <BR>ending curly brace as soon as you type the<BR>beginning one.]]></Caption>
</captionObject>
<captionObject>
<Time>272.466667</Time>
<Caption><![CDATA[Next, notice that statements all end with semi-<BR>colons. A statement is like a complete sentence.<BR>]]></Caption>
</captionObject>
<captionObject>
<Time>283.833333</Time>
<Caption><![CDATA[A statement is usually used to assign a value to a <BR>variable or to run a method, or something like <BR>that. ]]></Caption>
</captionObject>
<captionObject>
<Time>291.833333</Time>
<Caption><![CDATA[When you declare a  method or a constructor, the <BR>name is followed by a set of parentheses.  <BR>]]></Caption>
</captionObject>
<captionObject>
<Time>297.233333</Time>
<Caption><![CDATA[These parentheses enclose parameters passed to the <BR>method or constructor. Lots of methods have no <BR>parameters, but they still need empty parentheses. ]]></Caption>
</captionObject>
<captionObject>
<Time>308.333333</Time>
<Caption><![CDATA[As I mentioned before, the &quot;//&quot; indicate in-line <BR>comments. And there are a couple of other ways to <BR>do comments that we&apos;ll talk about later on.]]></Caption>
</captionObject>
<captionObject>
<Time>318.633333</Time>
<Caption><![CDATA[If you have never used C or a similar programming <BR>language, the Java syntax is a little strange at <BR>first. ]]></Caption>
</captionObject>
<captionObject>
<Time>326.033333</Time>
<Caption><![CDATA[Eclipse helps a lot by automatically formatting <BR>the code for you.<BR>]]></Caption>
</captionObject>
<captionObject>
<Time>330.766667</Time>
<Caption><![CDATA[Next, let&apos;s add some methods to the Person class. <BR>Most classes you will write contain simple methods <BR>to set or get data from fields. ]]></Caption>
</captionObject>
<captionObject>
<Time>341.333333</Time>
<Caption><![CDATA[These are affectionately called “getters” and <BR>“setters”. Let&apos;s write a &quot;getter&quot; and &quot;setter&quot; <BR>method for the name field. ]]></Caption>
</captionObject>
<captionObject>
<Time>344.833333</Time>
<Caption><![CDATA[So, let&apos;s write a getter and setter method for the <BR>name field.<BR>]]></Caption>
</captionObject>
<captionObject>
<Time>351.633333</Time>
<Caption><![CDATA[I&apos;ll write &quot;public String&quot;. This is the getName() <BR>method, so it&apos;s going to return the name, which is <BR>a String. ]]></Caption>
</captionObject>
<captionObject>
<Time>361.333333</Time>
<Caption><![CDATA[And I say &quot;return name;&quot;. And that&apos;s all there is <BR>to it. <BR>]]></Caption>
</captionObject>
<captionObject>
<Time>368.333333</Time>
<Caption><![CDATA[For the setName method, we&apos;re going to use Eclipse <BR>to help us. Follow this carefully. <BR>]]></Caption>
</captionObject>
<captionObject>
<Time>377.133333</Time>
<Caption><![CDATA[I&apos;m going to type “pub” and then hit Ctrl+Space, <BR>which pulls up the Code Assist, like we did <BR>before. ]]></Caption>
</captionObject>
<captionObject>
<Time>385.033333</Time>
<Caption><![CDATA[Now the very first item is “public method”, which <BR>is what I want. Now I hit Enter. <BR>]]></Caption>
</captionObject>
<captionObject>
<Time>391.133333</Time>
<Caption><![CDATA[Now notice here that there is a slight difference <BR>in the appearence. This has a little rectangle <BR>around it.]]></Caption>
</captionObject>
<captionObject>
<Time>396.833333</Time>
<Caption><![CDATA[That tells me that we&apos;re inside a Code Assist <BR>template. So it&apos;s asking me for the return type. <BR>]]></Caption>
</captionObject>
<captionObject>
<Time>402.833333</Time>
<Caption><![CDATA[I&apos;m going to type &quot;void&quot;. Now instead of a Space <BR>or arrow key, I&apos;m going to hit the Tab key, <BR>]]></Caption>
</captionObject>
<captionObject>
<Time>408.733333</Time>
<Caption><![CDATA[and that&apos;s going to take me to the next element of <BR>this method, which is name. This method is called <BR>&quot;setName&quot;. Again I hit the Tab. ]]></Caption>
</captionObject>
<captionObject>
<Time>419.633333</Time>
<Caption><![CDATA[It takes me inside the parentheses, where I can <BR>put in the parameters for this method. In this <BR>case &quot;String anyName&quot;. ]]></Caption>
</captionObject>
<captionObject>
<Time>431.133333</Time>
<Caption><![CDATA[(We&apos;ll talk about the content of this in a <BR>minute.)<BR>]]></Caption>
</captionObject>
<captionObject>
<Time>433.633333</Time>
<Caption><![CDATA[Again I hit Tab one more time and it takes me to <BR>where I can type the body of the method. So it&apos;s a <BR>shortcut. ]]></Caption>
</captionObject>
<captionObject>
<Time>441.133333</Time>
<Caption><![CDATA[I can Tab through the various elements I need to <BR>define the method. <BR>]]></Caption>
</captionObject>
<captionObject>
<Time>444.633333</Time>
<Caption><![CDATA[In this case, I&apos;ll say &quot;name = anyName;&quot; and end <BR>with a semi-colon. <BR>]]></Caption>
</captionObject>
<captionObject>
<Time>454.133333</Time>
<Caption><![CDATA[Let&apos;s look at these methods. The getName() method <BR>returns a String, so that&apos;s why we say &quot;String&quot; <BR>here. ]]></Caption>
</captionObject>
<captionObject>
<Time>463.833333</Time>
<Caption><![CDATA[And the String it returns is just our name field, <BR>which is the same thing as up here. <BR>]]></Caption>
</captionObject>
<captionObject>
<Time>471.133333</Time>
<Caption><![CDATA[The key word &quot;return&quot; tells Java that this is the <BR>value that&apos;s going to be returned when this method <BR>is called. ]]></Caption>
</captionObject>
<captionObject>
<Time>481.833333</Time>
<Caption><![CDATA[Now the setName method doesn&apos;t return any value. <BR>That&apos;s why this says &quot;void&quot;. But it takes as a <BR>parameter a String, ]]></Caption>
</captionObject>
<captionObject>
<Time>490.733333</Time>
<Caption><![CDATA[and I&apos;ve chosen to give this String parameter the <BR>name &quot;anyName&quot;. And inside this method is just <BR>says &quot;name&quot; (which is my field up here)]]></Caption>
</captionObject>
<captionObject>
<Time>504.433333</Time>
<Caption><![CDATA[is set equal to whatever the value of &quot;anyName&quot; <BR>happens to be.<BR>]]></Caption>
</captionObject>
<captionObject>
<Time>508.033333</Time>
<Caption><![CDATA[Now it&apos;s important to understand that this <BR>parameter could be called just about anything.<BR>I just happened to have called it &quot;anyName&quot;. ]]></Caption>
</captionObject>
<captionObject>
<Time>521.233333</Time>
<Caption><![CDATA[Now we start to have some fun. You can see that <BR>these methods are very simple, and it would be<BR>very repetitive if we had a bunch of fields]]></Caption>
</captionObject>
<captionObject>
<Time>531.133333</Time>
<Caption><![CDATA[where were just doing get and set methods that are <BR>just one line of code each. <BR>]]></Caption>
</captionObject>
<captionObject>
<Time>537.433333</Time>
<Caption><![CDATA[So Eclipse has a wizard that does this <BR>automatically for us. To do the wizard, I go <BR>Source / Generate Getters and Setters.]]></Caption>
</captionObject>
<captionObject>
<Time>554.733333</Time>
<Caption><![CDATA[The only field I have that doesn&apos;t already have a <BR>getter and setter is maximumBooks. So I&apos;ll check <BR>that. We want a get and a set method. ]]></Caption>
</captionObject>
<captionObject>
<Time>563.433333</Time>
<Caption><![CDATA[I hit Ok, and here are our two new methods. Now <BR>they look pretty much the same, except that it&apos;s <BR>an int (integer) instead of a String. ]]></Caption>
</captionObject>
<captionObject>
<Time>575.933333</Time>
<Caption><![CDATA[It&apos;s just returning the value of the field. Now <BR>&quot;this&quot; is new. Let&apos;s look carefully at this method <BR>&quot;setMaximumBooks&quot;. ]]></Caption>
</captionObject>
<captionObject>
<Time>586.433333</Time>
<Caption><![CDATA[This part is familiar. &quot;void&quot; means it doesn&apos;t <BR>return anything. The parameter is an integer. But <BR>the parameter name is &quot;maximumBooks&quot;, ]]></Caption>
</captionObject>
<captionObject>
<Time>595.733333</Time>
<Caption><![CDATA[which is the exact same name as our field. But it <BR>means a completely different thing. <BR>]]></Caption>
</captionObject>
<captionObject>
<Time>603.233333</Time>
<Caption><![CDATA[The parameter &quot;maximumBooks&quot; is just the name <BR>we&apos;re giving to the value that is passed in when <BR>we call this method. ]]></Caption>
</captionObject>
<captionObject>
<Time>611.033333</Time>
<Caption><![CDATA[It just happens to be called the same. And you can <BR>see that it&apos;s black, which means it&apos;s a local <BR>variable. ]]></Caption>
</captionObject>
<captionObject>
<Time>616.233333</Time>
<Caption><![CDATA[Whereas the maximumBooks over here is blue, which <BR>means it&apos;s a field in this class. So that explains <BR>why these two words are the same. ]]></Caption>
</captionObject>
<captionObject>
<Time>626.633333</Time>
<Caption><![CDATA[Because we can choose any name we want for this, <BR>including the name of the field. <BR>]]></Caption>
</captionObject>
<captionObject>
<Time>630.933333</Time>
<Caption><![CDATA[The &quot;this.maximumBooks&quot; means the following. <BR>&quot;this&quot; means this particular object. <BR>]]></Caption>
</captionObject>
<captionObject>
<Time>639.933333</Time>
<Caption><![CDATA[So when I say &quot;this.maximumBooks&quot;, I&apos;m saying the <BR>maximumBooks field for the current object. <BR>]]></Caption>
</captionObject>
<captionObject>
<Time>647.833333</Time>
<Caption><![CDATA[Now, in this set method, the word &quot;this.&quot; is <BR>optional, which is why I didn&apos;t use it up here in <BR>the setName method. ]]></Caption>
</captionObject>
<captionObject>
<Time>661.233333</Time>
<Caption><![CDATA[I could have put in &quot;this.name&quot; but I just put in <BR>name, because the compiler knows that I mean the <BR>field called name. ]]></Caption>
</captionObject>
<captionObject>
<Time>669.233333</Time>
<Caption><![CDATA[But when Eclipse creates the method, it adds the <BR>&quot;this.&quot;, which improves the clarity. <BR>]]></Caption>
</captionObject>
<captionObject>
<Time>675.833333</Time>
<Caption><![CDATA[It makes is clear that maximumBooks here is a <BR>field for this object, as opposed to maximumBooks <BR>over here, which is just a local variable.  ]]></Caption>
</captionObject>
<captionObject>
<Time>687.933333</Time>
<Caption><![CDATA[Now this can be confusing at first, but as you see <BR>and write more code, it becomes easier.<BR>]]></Caption>
</captionObject>
<captionObject>
<Time>695.800000</Time>
<Caption><![CDATA[If you&apos;re following along, you should have the <BR>same file I do. If not, you can pause the video to <BR>catch up. ]]></Caption>
</captionObject>
<captionObject>
<Time>706.666667</Time>
<Caption><![CDATA[To review a little, a class typically contains <BR>three things: fields, constructors, and methods. <BR>I&apos;ll type in &quot;methods&quot; in a comment and save. ]]></Caption>
</captionObject>
<captionObject>
<Time>725.633333</Time>
<Caption><![CDATA[Now the order of these things doesn&apos;t really <BR>matter too much to the compiler, but if we stay in <BR>the order they are in now, ]]></Caption>
</captionObject>
<captionObject>
<Time>734.533333</Time>
<Caption><![CDATA[it makes it easier for other programmers to read <BR>our code, especially when the files get large.<BR>]]></Caption>
</captionObject>
<captionObject>
<Time>743.433333</Time>
<Caption><![CDATA[Now, I&apos;m going to double-click here to reduce the <BR>size of this window. And let&apos;s open up the Person <BR>class in the Package Explorer. ]]></Caption>
</captionObject>
<captionObject>
<Time>757.533333</Time>
<Caption><![CDATA[We see a schematic representation of the class. We <BR>can see we&apos;ve got two fields, maximumBooks and <BR>name. ]]></Caption>
</captionObject>
<captionObject>
<Time>765.833333</Time>
<Caption><![CDATA[We&apos;ve got a constructor, and we&apos;ve got our four <BR>methods. <BR>]]></Caption>
</captionObject>
<captionObject>
<Time>771.433333</Time>
<Caption><![CDATA[At this point we have a class that can do a few <BR>things. In the next lesson we&apos;ll try out the <BR>Person class using the Eclipse scrapbook.]]></Caption>
</captionObject>
<captionObject>
<Time>780.633333</Time>
<Caption><![CDATA[This ends Lesson 2. I&apos;m Mark Dexter saying so long <BR>for now.<BR>]]></Caption>
</captionObject>
<captionObject>
<Time>785.633333</Time>
<Caption><![CDATA[(Closing music ...)<BR><BR>]]></Caption>
</captionObject>
</CloseCaptions_Array>
<NumMetaDataTypes>283</NumMetaDataTypes>
<MetaData_Array>
<MetaData_Object>
<MetaDataType>Date</MetaDataType>
<MetaDataValue>Friday, June 15, 2007</MetaDataValue>
<MetaDataEmbedName>DC.date</MetaDataEmbedName>
</MetaData_Object>
<MetaData_Object>
<MetaDataType>Language</MetaDataType>
<MetaDataValue>ENU</MetaDataValue>
<MetaDataEmbedName>DC.language</MetaDataEmbedName>
</MetaData_Object>
<MetaData_Object>
<MetaDataType>Title</MetaDataType>
<MetaDataValue>lesson02-200711-captions</MetaDataValue>
<MetaDataEmbedName>DC.title</MetaDataEmbedName>
</MetaData_Object>
</MetaData_Array>
<NumFileTypesUsedByProduction>4</NumFileTypesUsedByProduction>
<FileTypesUsed_Array>
<FileTypeUsed_Object>
<FileTypeName>Video</FileTypeName>
</FileTypeUsed_Object>
<FileTypeUsed_Object>
<FileTypeName>HTMLFile</FileTypeName>
</FileTypeUsed_Object>
<FileTypeUsed_Object>
<FileTypeName>EmbededPlayerJS</FileTypeName>
</FileTypeUsed_Object>
<FileTypeUsed_Object>
<FileTypeName>ProductionInfoXML</FileTypeName>
</FileTypeUsed_Object>
</FileTypesUsed_Array>
<NumFilesTotal>4</NumFilesTotal>
<ProducedFiles_Array>
<ProducedFile_Object>
<FileName>C:\Documents and Settings\Mark\My Documents\Camtasia Studio\Total Beginners\output-200711\lesson02\lesson02.swf</FileName>
<FileSize>14413061</FileSize>
<FileType>Video</FileType>
<WhichFilesOfCurType>0</WhichFilesOfCurType>
<TotalFilesOfCurType>1</TotalFilesOfCurType>
</ProducedFile_Object>
<ProducedFile_Object>
<FileName>C:\Documents and Settings\Mark\My Documents\Camtasia Studio\Total Beginners\output-200711\lesson02\lesson02.html</FileName>
<FileSize>3110</FileSize>
<FileType>HTMLFile</FileType>
<WhichFilesOfCurType>0</WhichFilesOfCurType>
<TotalFilesOfCurType>1</TotalFilesOfCurType>
</ProducedFile_Object>
<ProducedFile_Object>
<FileName>C:\Documents and Settings\Mark\My Documents\Camtasia Studio\Total Beginners\output-200711\lesson02\swfobject.js</FileName>
<FileSize>6880</FileSize>
<FileType>EmbededPlayerJS</FileType>
<WhichFilesOfCurType>0</WhichFilesOfCurType>
<TotalFilesOfCurType>1</TotalFilesOfCurType>
</ProducedFile_Object>
<ProducedFile_Object>
<FileName>C:\Documents and Settings\Mark\My Documents\Camtasia Studio\Total Beginners\output-200711\lesson02\ProductionInfo.xml</FileName>
<FileSize>58910</FileSize>
<FileType>ProductionInfoXML</FileType>
<WhichFilesOfCurType>0</WhichFilesOfCurType>
<TotalFilesOfCurType>1</TotalFilesOfCurType>
</ProducedFile_Object>
</ProducedFiles_Array>
<OutputBasePath>C:\Documents and Settings\Mark\My Documents\Camtasia Studio\Total Beginners\output-200711\lesson02\</OutputBasePath>
<ProductionFormat>SWF</ProductionFormat>
<NumVideoSegments>1</NumVideoSegments>
<NumHTMLFiles>1</NumHTMLFiles>
<TotalProductionSize>14481961</TotalProductionSize>
<m_cf_rtRenderRangeStart>-1</m_cf_rtRenderRangeStart>
<m_cf_rtRenderRangeStop>-1</m_cf_rtRenderRangeStop>
<m_cf_strTempDir>C:\DOCUME~1\Mark\LOCALS~1\Temp\</m_cf_strTempDir>
<m_cf_bWritePIPFile>0</m_cf_bWritePIPFile>
<m_cf_bDisablePIPVideo>1</m_cf_bDisablePIPVideo>
<m_cf_bWriteIndex>1</m_cf_bWriteIndex>
<m_cf_bWriteMultipleFiles>0</m_cf_bWriteMultipleFiles>
<m_cf_strHTMLTemplateName>Template.htm</m_cf_strHTMLTemplateName>
<m_cf_HTMLAlignment>1</m_cf_HTMLAlignment>
<m_cf_bSCORMOutput>0</m_cf_bSCORMOutput>
<m_cf_bController>1</m_cf_bController>
<m_cf_bAutoPlay>1</m_cf_bAutoPlay>
<m_cf_bNumberIndexMarkers>0</m_cf_bNumberIndexMarkers>
<m_cf_bShortenIndexNames>1</m_cf_bShortenIndexNames>
<m_cf_nShortenedIndexLength>17</m_cf_nShortenedIndexLength>
<m_cf_bQuizShowFeedback>1</m_cf_bQuizShowFeedback>
<m_cf_bEMailQuizResults>0</m_cf_bEMailQuizResults>
<m_cf_bEMailIncludeScore>0</m_cf_bEMailIncludeScore>
<m_cf_bJavaScriptQuizResults>0</m_cf_bJavaScriptQuizResults>
<m_cf_bHTMLOutput>1</m_cf_bHTMLOutput>
<m_cf_SCORMVersion>0</m_cf_SCORMVersion>
<m_cf_strManifestID>ID-3B8E163D-ADBF-4B83-8E0A-52EDF1BCB384</m_cf_strManifestID>
<m_cf_strManifestTitle></m_cf_strManifestTitle>
<m_cf_strDuration>0:13:12.13</m_cf_strDuration>
<m_cf_strSubject></m_cf_strSubject>
<m_cf_strManifestDescription></m_cf_strManifestDescription>
<m_cf_strLanguage>en</m_cf_strLanguage>
<m_cf_SCORMPackage>2</m_cf_SCORMPackage>
<m_cf_strSCOTitle></m_cf_strSCOTitle>
<m_cf_ProductionFormat>8</m_cf_ProductionFormat>
<m_cf_strTitle></m_cf_strTitle>
<m_cf_strAuthor></m_cf_strAuthor>
<m_cf_strCopyright></m_cf_strCopyright>
<m_cf_strDescription></m_cf_strDescription>
<m_cf_MultiFileOutputStyle>0</m_cf_MultiFileOutputStyle>
<m_cf_strVideoCompressor>Techsmith Screen Capture Codec</m_cf_strVideoCompressor>
<m_cf_bAddCaption>0</m_cf_bAddCaption>
<m_cf_bWriteCCInfo>1</m_cf_bWriteCCInfo>
<m_cf_bOverlayCaption>1</m_cf_bOverlayCaption>
<m_cf_strCaptionFontFamily>Microsoft Sans Serif</m_cf_strCaptionFontFamily>
<m_cf_bAddIPODFileToProduction>0</m_cf_bAddIPODFileToProduction>
<m_cf_bAddMP3FileToProduction>0</m_cf_bAddMP3FileToProduction>
<m_cf_bAddPPTFileToProduction>0</m_cf_bAddPPTFileToProduction>
<m_cf_strPPTFileToAddToProduction></m_cf_strPPTFileToAddToProduction>
<m_cf_bAviEncodeAudio>1</m_cf_bAviEncodeAudio>
<m_cf_AVIFrameRate>10</m_cf_AVIFrameRate>
<m_cf_nKeyFrameRate>30</m_cf_nKeyFrameRate>
<m_cf_PIP_nKeyFrameRate>30</m_cf_PIP_nKeyFrameRate>
<m_cf_PIP_AVIFrameRate>0</m_cf_PIP_AVIFrameRate>
<m_cf_SwfPlaybackControls>0</m_cf_SwfPlaybackControls>
<m_cf_strControllerSkinName>glass</m_cf_strControllerSkinName>
<m_cf_nSwfTargetVersion>7</m_cf_nSwfTargetVersion>
<m_cf_bSwfMatchPreloadMovieSize>0</m_cf_bSwfMatchPreloadMovieSize>
<m_cf_bSwfPauseAtStart>1</m_cf_bSwfPauseAtStart>
<m_cf_bSwfPreloadAdvanced>1</m_cf_bSwfPreloadAdvanced>
<m_cf_bSwfSingleSWF>1</m_cf_bSwfSingleSWF>
<m_cf_nSwfMainMovieLoadPercent>10</m_cf_nSwfMainMovieLoadPercent>
<m_cf_nSwfPreloadMinDisplayTime>3</m_cf_nSwfPreloadMinDisplayTime>
<m_cf_clrSwfControlColor>0x00C0C0C0</m_cf_clrSwfControlColor>
<m_cf_bSwfShowAboutBtn>1</m_cf_bSwfShowAboutBtn>
<m_cf_strSwfAboutBoxTxt>Copyright (c) 2007 Mark Dexter. Licensed under the Educational Community License version 1.0.</m_cf_strSwfAboutBoxTxt>
<m_cf_strSwfAboutBoxInfoTxt></m_cf_strSwfAboutBoxInfoTxt>
<m_cf_strSwfAboutTitle>Total Beginners</m_cf_strSwfAboutTitle>
<m_cf_strSwfStartTxt>Eclipse and Java for Total Beginners</m_cf_strSwfStartTxt>
<m_cf_SwfAboutBoxWidth>336</m_cf_SwfAboutBoxWidth>
<m_cf_SwfAboutBoxHeight>270</m_cf_SwfAboutBoxHeight>
<m_cf_bSwfAboutBoxTabSelected>1</m_cf_bSwfAboutBoxTabSelected>
<m_cf_strSwfTimeDisplayFormat>MM:SS</m_cf_strSwfTimeDisplayFormat>
<m_cf_bSwfCCInitiallyVisible>0</m_cf_bSwfCCInitiallyVisible>
<m_cf_bSwfFullScreen>0</m_cf_bSwfFullScreen>
<m_cf_bSwfAllowResizing>1</m_cf_bSwfAllowResizing>
<m_cf_nSwfVolueme>50</m_cf_nSwfVolueme>
<m_cf_bSwfBrandContextMenu>0</m_cf_bSwfBrandContextMenu>
<m_cf_SwfTOCType>1</m_cf_SwfTOCType>
<m_cf_SwfTOCTitle></m_cf_SwfTOCTitle>
<m_cf_bSwfShowMovieDuration>1</m_cf_bSwfShowMovieDuration>
<m_cf_bSwfShowTimeElapsed>1</m_cf_bSwfShowTimeElapsed>
<m_cf_strSwfTimeFont>Arial</m_cf_strSwfTimeFont>
<m_cf_clrSwfTimeFontColor>0x00000000</m_cf_clrSwfTimeFontColor>
<m_cf_SwfEndAction>0</m_cf_SwfEndAction>
<m_cf_strSwfEndActionUrl>http://</m_cf_strSwfEndActionUrl>
<m_cf_nSwfEndActionTarget>0</m_cf_nSwfEndActionTarget>
<m_cf_bPauseAfterJump>1</m_cf_bPauseAfterJump>
<m_cf_rtJumpPoint>0</m_cf_rtJumpPoint>
<m_cf_strSwfStartLogo></m_cf_strSwfStartLogo>
<m_cf_strSwfEndLogo>EndLogo</m_cf_strSwfEndLogo>
<m_cf_strSwfAboutLogo></m_cf_strSwfAboutLogo>
<m_cf_strSwfAboutTitleLogo></m_cf_strSwfAboutTitleLogo>
<m_cf_strSwfTocLogo></m_cf_strSwfTocLogo>
</Production_Data>
