﻿<?xml version="1.0" encoding="UTF-8" ?><Production_Data Version="5.00"><HTMLTemplateFile>Template.htm</HTMLTemplateFile>
<HTMLTemplateBodyFile>expressShow\SSWFTemplate-body.htm</HTMLTemplateBodyFile>
<HTMLTemplateHeaderFile>expressShow\SSWFTemplate-header.htm</HTMLTemplateHeaderFile>
<VideoFilenameWithPath>C:\Documents and Settings\Mark\My Documents\Camtasia Studio\Total Beginners\output-200711\lesson03\lesson03.swf</VideoFilenameWithPath>
<AddIPodFileSize>0 bytes</AddIPodFileSize>
<AddMP3FileSize>0 bytes</AddMP3FileSize>
<AddPPTFileSize>0 bytes</AddPPTFileSize>
<ProjectName>lesson03</ProjectName>
<MediaDir></MediaDir>
<ShouldCreateMediaDir>0</ShouldCreateMediaDir>
<MaxTimelineWidth>800</MaxTimelineWidth>
<MaxTimelineHeight>600</MaxTimelineHeight>
<MaxTimelineFPS>15.00</MaxTimelineFPS>
<MaxVideoWidth>800</MaxVideoWidth>
<MaxVideoHeight>600</MaxVideoHeight>
<MaxVideoFPS>15.00</MaxVideoFPS>
<MaxPIPWidth>0</MaxPIPWidth>
<MaxPIPHeight>0</MaxPIPHeight>
<MaxPIPFPS>0.00</MaxPIPFPS>
<VideoDuration>753.90</VideoDuration>
<PIPVideoDuration>753.90</PIPVideoDuration>
<VideoFPS>30.00</VideoFPS>
<PIPVideoFPS>30.00</PIPVideoFPS>
<VideoWidth>800</VideoWidth>
<VideoHeight>618</VideoHeight>
<ActualVideoWidth>800</ActualVideoWidth>
<ActualVideoHeight>600</ActualVideoHeight>
<PIPVideoWidth>160</PIPVideoWidth>
<PIPVideoHeight>120</PIPVideoHeight>
<TOCWidth>-1</TOCWidth>
<MinTOCWidth>160</MinTOCWidth>
<TOCDividerHeight>18</TOCDividerHeight>
<TimelineHasAudio>1</TimelineHasAudio>
<TimelineDuration>7539000000</TimelineDuration>
<SWFControllerTotalHeight>18</SWFControllerTotalHeight>
<SWFMinWidth>320</SWFMinWidth>
<SWFTOCXPos>0</SWFTOCXPos>
<SWFTOCYPos>0</SWFTOCYPos>
<SWFTOCWidth>160</SWFTOCWidth>
<SWFTOCHeight>600</SWFTOCHeight>
<SWFHasPIPOverlay>0</SWFHasPIPOverlay>
<SWFControllerColor></SWFControllerColor>
<SWFTimeDispFontColor>0x000000</SWFTimeDispFontColor>
<SWFPlaybackConfigFileName>lesson03_config.xml</SWFPlaybackConfigFileName>
<SWFPlaybackControllerFileName>lesson03_controller.swf</SWFPlaybackControllerFileName>
<SWFPreloaderFileName></SWFPreloaderFileName>
<StripWhitespace>0</StripWhitespace>
<WritingImages>0</WritingImages>
<WritePreviewXML>0</WritePreviewXML>
<DisableTOC>0</DisableTOC>
<AutoPlay>0</AutoPlay>
<CancelledProduction>0</CancelledProduction>
<CancelledProdLength>7538000000</CancelledProdLength>
<Hotspot_Array>
<Hotspot_Array_Object>
               <array>
               <hotspot>
               </hotspot>
               <hotspot>
               </hotspot>
               <hotspot>
               </hotspot>
               <hotspot>
               </hotspot>
               <hotspot>
               </hotspot>
               <hotspot>
               </hotspot>
               <hotspot>
               </hotspot>
               <hotspot>
               </hotspot>
               <hotspot>
               </hotspot>
               <hotspot>
               </hotspot>
               <hotspot>
               </hotspot>
               <hotspot>
               </hotspot>
               <hotspot>
               </hotspot>
               <hotspot>
               </hotspot>
               <hotspot>
               </hotspot>
               <hotspot>
               </hotspot>
               <hotspot>
               </hotspot>
               <hotspot>
               </hotspot>
               <hotspot>
               </hotspot>
               <hotspot>
               </hotspot>
               </array>
</Hotspot_Array_Object>
</Hotspot_Array>
<AdjGlobalRenderRangeStart>-1</AdjGlobalRenderRangeStart>
<AdjGlobalRenderRangeStop>-1</AdjGlobalRenderRangeStop>
<AdjRenderRange_Array>
<AdjRenderRange_Obj>
<AdjRenderRangeStart>0</AdjRenderRangeStart>
<AdjRenderRangeStop>323333333</AdjRenderRangeStop>
</AdjRenderRange_Obj>
<AdjRenderRange_Obj>
<AdjRenderRangeStart>323333333</AdjRenderRangeStart>
<AdjRenderRangeStop>695000000</AdjRenderRangeStop>
</AdjRenderRange_Obj>
<AdjRenderRange_Obj>
<AdjRenderRangeStart>695000000</AdjRenderRangeStart>
<AdjRenderRangeStop>1433333333</AdjRenderRangeStop>
</AdjRenderRange_Obj>
<AdjRenderRange_Obj>
<AdjRenderRangeStart>1433333333</AdjRenderRangeStart>
<AdjRenderRangeStop>2282333333</AdjRenderRangeStop>
</AdjRenderRange_Obj>
<AdjRenderRange_Obj>
<AdjRenderRangeStart>2282333333</AdjRenderRangeStart>
<AdjRenderRangeStop>3675666667</AdjRenderRangeStop>
</AdjRenderRange_Obj>
<AdjRenderRange_Obj>
<AdjRenderRangeStart>3675666667</AdjRenderRangeStart>
<AdjRenderRangeStop>4493666667</AdjRenderRangeStop>
</AdjRenderRange_Obj>
<AdjRenderRange_Obj>
<AdjRenderRangeStart>4493666667</AdjRenderRangeStart>
<AdjRenderRangeStop>4746333333</AdjRenderRangeStop>
</AdjRenderRange_Obj>
<AdjRenderRange_Obj>
<AdjRenderRangeStart>4746333333</AdjRenderRangeStart>
<AdjRenderRangeStop>5459666667</AdjRenderRangeStop>
</AdjRenderRange_Obj>
<AdjRenderRange_Obj>
<AdjRenderRangeStart>5459666667</AdjRenderRangeStart>
<AdjRenderRangeStop>6692666667</AdjRenderRangeStop>
</AdjRenderRange_Obj>
<AdjRenderRange_Obj>
<AdjRenderRangeStart>6692666667</AdjRenderRangeStart>
<AdjRenderRangeStop>7539000000</AdjRenderRangeStop>
</AdjRenderRange_Obj>
</AdjRenderRange_Array>
<AdjMarkerDuration_Array>
<AdjMarkerDuration_Obj>
<AdjMarkerDuration>323333333</AdjMarkerDuration>
</AdjMarkerDuration_Obj>
<AdjMarkerDuration_Obj>
<AdjMarkerDuration>371666667</AdjMarkerDuration>
</AdjMarkerDuration_Obj>
<AdjMarkerDuration_Obj>
<AdjMarkerDuration>738333333</AdjMarkerDuration>
</AdjMarkerDuration_Obj>
<AdjMarkerDuration_Obj>
<AdjMarkerDuration>849000000</AdjMarkerDuration>
</AdjMarkerDuration_Obj>
<AdjMarkerDuration_Obj>
<AdjMarkerDuration>1393333333</AdjMarkerDuration>
</AdjMarkerDuration_Obj>
<AdjMarkerDuration_Obj>
<AdjMarkerDuration>818000000</AdjMarkerDuration>
</AdjMarkerDuration_Obj>
<AdjMarkerDuration_Obj>
<AdjMarkerDuration>252666667</AdjMarkerDuration>
</AdjMarkerDuration_Obj>
<AdjMarkerDuration_Obj>
<AdjMarkerDuration>713333333</AdjMarkerDuration>
</AdjMarkerDuration_Obj>
<AdjMarkerDuration_Obj>
<AdjMarkerDuration>1233000000</AdjMarkerDuration>
</AdjMarkerDuration_Obj>
<AdjMarkerDuration_Obj>
<AdjMarkerDuration>846333333</AdjMarkerDuration>
</AdjMarkerDuration_Obj>
</AdjMarkerDuration_Array>
<AdjMarkerTimes_Array>
<AdjMarkerTime_Obj>
<AdjMarkerTime>0</AdjMarkerTime>
</AdjMarkerTime_Obj>
<AdjMarkerTime_Obj>
<AdjMarkerTime>323333333</AdjMarkerTime>
</AdjMarkerTime_Obj>
<AdjMarkerTime_Obj>
<AdjMarkerTime>695000000</AdjMarkerTime>
</AdjMarkerTime_Obj>
<AdjMarkerTime_Obj>
<AdjMarkerTime>1433333333</AdjMarkerTime>
</AdjMarkerTime_Obj>
<AdjMarkerTime_Obj>
<AdjMarkerTime>2282333333</AdjMarkerTime>
</AdjMarkerTime_Obj>
<AdjMarkerTime_Obj>
<AdjMarkerTime>3675666667</AdjMarkerTime>
</AdjMarkerTime_Obj>
<AdjMarkerTime_Obj>
<AdjMarkerTime>4493666667</AdjMarkerTime>
</AdjMarkerTime_Obj>
<AdjMarkerTime_Obj>
<AdjMarkerTime>4746333333</AdjMarkerTime>
</AdjMarkerTime_Obj>
<AdjMarkerTime_Obj>
<AdjMarkerTime>5459666667</AdjMarkerTime>
</AdjMarkerTime_Obj>
<AdjMarkerTime_Obj>
<AdjMarkerTime>6692666667</AdjMarkerTime>
</AdjMarkerTime_Obj>
</AdjMarkerTimes_Array>
<HasQuizQuestions>0</HasQuizQuestions>
<m_strQuizQuestionOfString>Question @ of @</m_strQuizQuestionOfString>
<m_strQuizPrevString>Prev</m_strQuizPrevString>
<m_strQuizSubmitString>Submit</m_strQuizSubmitString>
<m_strQuizNextString>Next</m_strQuizNextString>
<m_strQuizDoneString>Done</m_strQuizDoneString>
<m_strQuizPreviewString>Preview</m_strQuizPreviewString>
<m_strQuizSendString>Send</m_strQuizSendString>
<m_strQuizMainMessageString>You have reached the end of the questions and this video. Your answers are ready to be sent.</m_strQuizMainMessageString>
<m_strQuizEmailContentsString>E-mail Contents</m_strQuizEmailContentsString>
<m_strQuizEmailToString>E-mail to </m_strQuizEmailToString>
<m_strQuizAnswersSentString>Your answers have been sent.</m_strQuizAnswersSentString>
<m_strQuizSummaryString>You have completed @ of @ questions.</m_strQuizSummaryString>
<m_strQuizScoreString>Score = @/@</m_strQuizScoreString>
<m_strQuizSummaryTitleString>Answers Summary</m_strQuizSummaryTitleString>
<Quiz_Array>
</Quiz_Array>
<Markers_Array>
<Marker_Object>
<MarkerName>Introduction</MarkerName>
<MarkerImage></MarkerImage>
<MarkerTime>0</MarkerTime>
<IndentLevel>0</IndentLevel>
<ShouldIgnore>0</ShouldIgnore>
</Marker_Object>
<Marker_Object>
<MarkerName>Create Scrapbook Page</MarkerName>
<MarkerImage></MarkerImage>
<MarkerTime>323333333</MarkerTime>
<IndentLevel>0</IndentLevel>
<ShouldIgnore>0</ShouldIgnore>
</Marker_Object>
<Marker_Object>
<MarkerName>Use the Scrapbook</MarkerName>
<MarkerImage></MarkerImage>
<MarkerTime>695000000</MarkerTime>
<IndentLevel>0</IndentLevel>
<ShouldIgnore>0</ShouldIgnore>
</Marker_Object>
<Marker_Object>
<MarkerName>System.out.println() Method</MarkerName>
<MarkerImage></MarkerImage>
<MarkerTime>1433333333</MarkerTime>
<IndentLevel>0</IndentLevel>
<ShouldIgnore>0</ShouldIgnore>
</Marker_Object>
<Marker_Object>
<MarkerName>Packages</MarkerName>
<MarkerImage></MarkerImage>
<MarkerTime>2282333333</MarkerTime>
<IndentLevel>0</IndentLevel>
<ShouldIgnore>0</ShouldIgnore>
</Marker_Object>
<Marker_Object>
<MarkerName>Create a New Person Object</MarkerName>
<MarkerImage></MarkerImage>
<MarkerTime>3675666667</MarkerTime>
<IndentLevel>0</IndentLevel>
<ShouldIgnore>0</ShouldIgnore>
</Marker_Object>
<Marker_Object>
<MarkerName>Our First Object</MarkerName>
<MarkerImage></MarkerImage>
<MarkerTime>4493666667</MarkerTime>
<IndentLevel>0</IndentLevel>
<ShouldIgnore>0</ShouldIgnore>
</Marker_Object>
<Marker_Object>
<MarkerName>Person Methods</MarkerName>
<MarkerImage></MarkerImage>
<MarkerTime>4746333333</MarkerTime>
<IndentLevel>0</IndentLevel>
<ShouldIgnore>0</ShouldIgnore>
</Marker_Object>
<Marker_Object>
<MarkerName>Run Our Methods</MarkerName>
<MarkerImage></MarkerImage>
<MarkerTime>5459666667</MarkerTime>
<IndentLevel>0</IndentLevel>
<ShouldIgnore>0</ShouldIgnore>
</Marker_Object>
<Marker_Object>
<MarkerName>Error in Scrapbook</MarkerName>
<MarkerImage></MarkerImage>
<MarkerTime>6692666667</MarkerTime>
<IndentLevel>0</IndentLevel>
<ShouldIgnore>0</ShouldIgnore>
</Marker_Object>
</Markers_Array>
<CaptionPlayerXML_Array>
<Caption_Array_Object>
<CaptionXML>   <array>
      <captionObject>
         <Time>0.000000</Time>
         <Caption><![CDATA[(Opening music ...)<BR><BR>]]></Caption>
      </captionObject>
      <captionObject>
         <Time>9.400000</Time>
         <Caption><![CDATA[Hello again. Welcome to Lesson 3 of Eclipse and <BR>Java for Total Beginners.<BR>]]></Caption>
      </captionObject>
      <captionObject>
         <Time>16.200000</Time>
         <Caption><![CDATA[This lesson is going to be great! We&apos;re going to <BR>try out the Person class using the Eclipse Java <BR>Scrapbook.]]></Caption>
      </captionObject>
      <captionObject>
         <Time>23.300000</Time>
         <Caption><![CDATA[The scrapbook is a hidden gem inside Eclipse, <BR>especially if you are just learning Java. <BR>]]></Caption>
      </captionObject>
      <captionObject>
         <Time>28.200000</Time>
         <Caption><![CDATA[It&apos;s a great way to try out Java statements and <BR>see what they do. <BR>]]></Caption>
      </captionObject>
      <captionObject>
         <Time>32.333333</Time>
         <Caption><![CDATA[To use the scrapbook, we need to create a new <BR>scrapbook page. I&apos;ll select my project in the <BR>package explorer, ]]></Caption>
      </captionObject>
      <captionObject>
         <Time>43.200000</Time>
         <Caption><![CDATA[then right-click, select New / Other / Java / Java <BR>Run/Debug / Scrapbook Page. (This is why I call it <BR>a &quot;hidden gem&quot;, since it&apos;s somewhat hidden.)]]></Caption>
      </captionObject>
      <captionObject>
         <Time>58.500000</Time>
         <Caption><![CDATA[We give it a name. I&apos;ll call it MyScrapbook ... <BR>and we&apos;ve got a scrapbook page.<BR>]]></Caption>
      </captionObject>
      <captionObject>
         <Time>69.500000</Time>
         <Caption><![CDATA[The scrapbook allows us to run Java code <BR>interactively and see the results. Let&apos;s start <BR>with something easy.]]></Caption>
      </captionObject>
      <captionObject>
         <Time>78.000000</Time>
         <Caption><![CDATA[We&apos;ll enter &quot;2+2&quot;. We can go Run / Inspect, and we <BR>see &quot;2+2&quot;=4. That seems like a good start.<BR>]]></Caption>
      </captionObject>
      <captionObject>
         <Time>92.900000</Time>
         <Caption><![CDATA[Now let&apos;s try some a little more complicated. I&apos;ll  <BR>backspace and enter &quot;int a = 5;&quot; and then &quot;a = a * <BR>10;&quot;. ]]></Caption>
      </captionObject>
      <captionObject>
         <Time>108.500000</Time>
         <Caption><![CDATA[Notice that I&apos;m putting semi-colons (;) at the end <BR>of each line, since these are statements. <BR>]]></Caption>
      </captionObject>
      <captionObject>
         <Time>112.533333</Time>
         <Caption><![CDATA[Now I&apos;m just going to type &quot;a&quot;, because this is an <BR>expression, and it needs to return a value. <BR>]]></Caption>
      </captionObject>
      <captionObject>
         <Time>120.100000</Time>
         <Caption><![CDATA[We&apos;ll hightlight the text, and I can press this <BR>button, which does the same thing as the Run / <BR>Inspect. ]]></Caption>
      </captionObject>
      <captionObject>
         <Time>129.400000</Time>
         <Caption><![CDATA[And now I get 50. Let&apos;s look at that. I&apos;m setting <BR>a to 5. I&apos;m multiplying a times 10, so it&apos;s 5 * <BR>10, so 50 looks good.]]></Caption>
      </captionObject>
      <captionObject>
         <Time>143.333333</Time>
         <Caption><![CDATA[Now let&apos;s look at a different way to use the <BR>scrapbook. One very common command you&apos;ll see when <BR>you&apos;re learning Java is the following: ]]></Caption>
      </captionObject>
      <captionObject>
         <Time>156.633333</Time>
         <Caption><![CDATA[&quot;System.out.println(&quot; and then usually some text. <BR>So we&apos;ll say &quot;System.out.println(&quot;hello world&quot;);&quot;<BR>]]></Caption>
      </captionObject>
      <captionObject>
         <Time>171.500000</Time>
         <Caption><![CDATA[Now, this is a statement. It&apos;s not an expression. <BR>So, if I highlight this, I don&apos;t want to hit <BR>Inspect, ]]></Caption>
      </captionObject>
      <captionObject>
         <Time>183.033333</Time>
         <Caption><![CDATA[because there is no expression to inspect. But I <BR>can hit Execute the Selected Text (which is the <BR>same as Run / Execute)]]></Caption>
      </captionObject>
      <captionObject>
         <Time>193.200000</Time>
         <Caption><![CDATA[and what I get is &quot;hello world&quot; printing down here <BR>in the Console window. <BR>]]></Caption>
      </captionObject>
      <captionObject>
         <Time>202.300000</Time>
         <Caption><![CDATA[A lot of Java books and tutorials assume that <BR>you&apos;re running Java from your system command line.  <BR>]]></Caption>
      </captionObject>
      <captionObject>
         <Time>208.600000</Time>
         <Caption><![CDATA[If so, then the System.out.println command <BR>would print at the command line. <BR>]]></Caption>
      </captionObject>
      <captionObject>
         <Time>215.400000</Time>
         <Caption><![CDATA[In Eclipse, console output displays down here in <BR>the Console view.  You&apos;ll see this command a lot <BR>in sample Java programs ]]></Caption>
      </captionObject>
      <captionObject>
         <Time>222.833333</Time>
         <Caption><![CDATA[because it provides a simple way to print out <BR>messages that indicate what the program is doing.<BR>]]></Caption>
      </captionObject>
      <captionObject>
         <Time>228.300000</Time>
         <Caption><![CDATA[Before we start with our Person class, <BR>we need to talk a little more about Java packages.<BR>]]></Caption>
      </captionObject>
      <captionObject>
         <Time>235.000000</Time>
         <Caption><![CDATA[The Java language has hundreds of built-in <BR>classes. Many more classes are available to Java <BR>developers from other organizations. ]]></Caption>
      </captionObject>
      <captionObject>
         <Time>242.900000</Time>
         <Caption><![CDATA[That&apos;s a really great thing about Java. Often, a <BR>piece of code we need is already written and <BR>available for us to use. ]]></Caption>
      </captionObject>
      <captionObject>
         <Time>249.700000</Time>
         <Caption><![CDATA[But how can we make sure our class names won&apos;t <BR>conflict with someone else&apos;s. Is it possible <BR>someone else has a class called Person? ]]></Caption>
      </captionObject>
      <captionObject>
         <Time>259.933333</Time>
         <Caption><![CDATA[If so, will that cause a problem? How will the <BR>Java compiler know which Person class to use? <BR>]]></Caption>
      </captionObject>
      <captionObject>
         <Time>269.533333</Time>
         <Caption><![CDATA[That&apos;s where packages come in. The package <BR>provides a “full” name for each class. <BR>]]></Caption>
      </captionObject>
      <captionObject>
         <Time>274.800000</Time>
         <Caption><![CDATA[So the package statement in our Person class is <BR>telling the compiler that the full name of the <BR>Person class is ]]></Caption>
      </captionObject>
      <captionObject>
         <Time>280.700000</Time>
         <Caption><![CDATA[“org.totabeginner.tutorial.Person”.  And we only <BR>have to be worried about Person being a unique <BR>class name inside this package, ]]></Caption>
      </captionObject>
      <captionObject>
         <Time>289.900000</Time>
         <Caption><![CDATA[which we have control over. The reason we need to <BR>think about this right now is because this <BR>scrapbook page is not inside our package. ]]></Caption>
      </captionObject>
      <captionObject>
         <Time>302.900000</Time>
         <Caption><![CDATA[If we were inside the package (meaning that we <BR>have a source file that says it&apos;s part of this <BR>package),]]></Caption>
      </captionObject>
      <captionObject>
         <Time>313.400000</Time>
         <Caption><![CDATA[then we can just refer to classes by their short <BR>name. Since I&apos;m outside of the package, I need to <BR>do what&apos;s called an &quot;import&quot; statement. ]]></Caption>
      </captionObject>
      <captionObject>
         <Time>324.400000</Time>
         <Caption><![CDATA[Fortunately, that&apos;s really easy to do. We add the <BR>package to our scrapbook page by pressing the &quot;Set <BR>Import Declarations&quot; button. ]]></Caption>
      </captionObject>
      <captionObject>
         <Time>340.200000</Time>
         <Caption><![CDATA[We say add packages. If we type the first part of <BR>the name, it looks up matching packages. We select <BR>org.totalbeginner.tutorial. ]]></Caption>
      </captionObject>
      <captionObject>
         <Time>349.833333</Time>
         <Caption><![CDATA[And it will add all of the classes in that <BR>package. So now the scrapbook knows, if I say <BR>&quot;Person&quot;, ]]></Caption>
      </captionObject>
      <captionObject>
         <Time>359.400000</Time>
         <Caption><![CDATA[I really mean &quot;org.totalbeginner.tutorial.Person&quot;. <BR><BR>]]></Caption>
      </captionObject>
      <captionObject>
         <Time>367.566667</Time>
         <Caption><![CDATA[Now, let&apos;s actually create a new Person object. <BR>The syntax for this is as follows:<BR>]]></Caption>
      </captionObject>
      <captionObject>
         <Time>377.000000</Time>
         <Caption><![CDATA[I say &quot;Person p&quot; (&quot;p&quot; is just a name I made up) &quot;= <BR>new Person();&quot;. I end with a semi-colon. <BR>]]></Caption>
      </captionObject>
      <captionObject>
         <Time>388.900000</Time>
         <Caption><![CDATA[So this is saying that Person is the type, p is my <BR>local variable name, &quot;= new Person()&quot;. Now &quot;new&quot; <BR>is a reserved word in Java ]]></Caption>
      </captionObject>
      <captionObject>
         <Time>403.600000</Time>
         <Caption><![CDATA[that tells the Java compiler that we want to <BR>create a new object of type Person. <BR>]]></Caption>
      </captionObject>
      <captionObject>
         <Time>411.900000</Time>
         <Caption><![CDATA[And to do that, we&apos;re calling the constructor for <BR>the Person class. Remember over here, inside the <BR>Person class, ]]></Caption>
      </captionObject>
      <captionObject>
         <Time>420.100000</Time>
         <Caption><![CDATA[we wrote a constructor that said &quot;set the name to <BR>&quot;unknown name&quot; and set the maximumBooks equal to <BR>3. ]]></Caption>
      </captionObject>
      <captionObject>
         <Time>427.400000</Time>
         <Caption><![CDATA[And the way that the compiler knows to run that <BR>constructor is with the &quot;new&quot; key word. (Note that <BR>it&apos;s red, indicating a Java key word.)]]></Caption>
      </captionObject>
      <captionObject>
         <Time>437.500000</Time>
         <Caption><![CDATA[Remember that we want to evaluate to an expression <BR>if we want to use the Inspect button, so I&apos;ll type <BR>&quot;p&quot;, ]]></Caption>
      </captionObject>
      <captionObject>
         <Time>444.700000</Time>
         <Caption><![CDATA[which means we&apos;ll be looking at &quot;p&quot; when we <BR>Inspect this code.<BR>]]></Caption>
      </captionObject>
      <captionObject>
         <Time>449.366667</Time>
         <Caption><![CDATA[I hit the Inspect button, and we have our first <BR>look at our own object!<BR>]]></Caption>
      </captionObject>
      <captionObject>
         <Time>458.800000</Time>
         <Caption><![CDATA[So it we look at this object, we can see we&apos;ve got <BR>maximumBooks equals 3 and name equals &quot;unknown <BR>name&quot;.]]></Caption>
      </captionObject>
      <captionObject>
         <Time>466.800000</Time>
         <Caption><![CDATA[So that&apos;s just what we would expect. <BR>Now let&apos;s try our our get and set methods. <BR>]]></Caption>
      </captionObject>
      <captionObject>
         <Time>474.633333</Time>
         <Caption><![CDATA[I&apos;ve got a Person object in the variable &quot;p&quot;. Now, <BR>when I type a period (.), look what happens. <BR>]]></Caption>
      </captionObject>
      <captionObject>
         <Time>483.300000</Time>
         <Caption><![CDATA[I get a whole bunch of methods here. Some of these <BR>methods, like getMaximumBooks and getName, I <BR>recognize. ]]></Caption>
      </captionObject>
      <captionObject>
         <Time>496.000000</Time>
         <Caption><![CDATA[But I&apos;ve got a bunch of other methods that I <BR>didn&apos;t write. What&apos;s going on here? <BR>]]></Caption>
      </captionObject>
      <captionObject>
         <Time>503.633333</Time>
         <Caption><![CDATA[What we&apos;re seeing here is our first example of <BR>inheritance in Java. <BR>]]></Caption>
      </captionObject>
      <captionObject>
         <Time>510.100000</Time>
         <Caption><![CDATA[Java has a class called Object, and Object is like <BR>the grandfather of all classes. <BR>]]></Caption>
      </captionObject>
      <captionObject>
         <Time>518.300000</Time>
         <Caption><![CDATA[So every class in Java has some built-in methods  <BR>that it inherits from the Object class. We&apos;ll talk <BR>more about inheritance as we go along.]]></Caption>
      </captionObject>
      <captionObject>
         <Time>530.000000</Time>
         <Caption><![CDATA[Now, back to business. The way we invoke a method <BR>on an object is to press the period (.). When I do <BR>that in Eclipse, ]]></Caption>
      </captionObject>
      <captionObject>
         <Time>539.533333</Time>
         <Caption><![CDATA[I get a nice list of all of the methods that are <BR>available to me from this object. <BR>]]></Caption>
      </captionObject>
      <captionObject>
         <Time>545.966667</Time>
         <Caption><![CDATA[Let&apos;s find the setName method and select that. It <BR>takes a String input. Let&apos;s change the name to <BR>&quot;Fred&quot;. ]]></Caption>
      </captionObject>
      <captionObject>
         <Time>559.433333</Time>
         <Caption><![CDATA[And we will inspect the results. So I highlight, <BR>hit Inspect, and now this person&apos;s name is &quot;Fred&quot;. <BR>]]></Caption>
      </captionObject>
      <captionObject>
         <Time>571.400000</Time>
         <Caption><![CDATA[Let&apos;s try the setMaxiumumBooks method. This time <BR>it takes an integer. So we&apos;ll set it to 10. <BR>]]></Caption>
      </captionObject>
      <captionObject>
         <Time>581.233333</Time>
         <Caption><![CDATA[Again, we&apos;ll type &quot;p&quot; so we can Inspect the <BR>variable &quot;p&quot;, and, as we expect, maximumBooks <BR>equals 10. ]]></Caption>
      </captionObject>
      <captionObject>
         <Time>591.300000</Time>
         <Caption><![CDATA[So far, so good. Now let&apos;s try one of our &quot;get&quot; <BR>methods. This time we&apos;ll try a different way to <BR>execute it. ]]></Caption>
      </captionObject>
      <captionObject>
         <Time>602.133333</Time>
         <Caption><![CDATA[So we&apos;ll type &quot;p.getName()&quot;. Again, we&apos;ll leave it <BR>as an expression, so we won&apos;t put a semi-colon on <BR>it. ]]></Caption>
      </captionObject>
      <captionObject>
         <Time>613.033333</Time>
         <Caption><![CDATA[We&apos;ll highlight it, and this time we&apos;ll try the <BR>&quot;Display Result&quot; button. This is a little <BR>different than Inspect. ]]></Caption>
      </captionObject>
      <captionObject>
         <Time>620.700000</Time>
         <Caption><![CDATA[It displays the result right here inside the <BR>scrapbook window. It&apos;s telling me this is a String  <BR>and the value is &quot;Fred&quot; (which is what we expect).]]></Caption>
      </captionObject>
      <captionObject>
         <Time>638.433333</Time>
         <Caption><![CDATA[Let&apos;s try our other method. We&apos;ll type <BR>&quot;p.getMaximumBooks()&quot;, using Ctrl+Space. Again, <BR>we&apos;ll leave it as an expression.]]></Caption>
      </captionObject>
      <captionObject>
         <Time>655.833333</Time>
         <Caption><![CDATA[We&apos;ll go back to the Inspect button. And we see <BR>the getMaximumBooks() method evaluates to 10, <BR>which is what we expect. ]]></Caption>
      </captionObject>
      <captionObject>
         <Time>669.266667</Time>
         <Caption><![CDATA[Let&apos;s try one more “real life” example. Let&apos;s <BR>pretend we forgot to type the closing quote on the <BR>name Fred ]]></Caption>
      </captionObject>
      <captionObject>
         <Time>680.133333</Time>
         <Caption><![CDATA[and we forgot to type the closing parentheses on <BR>the getMaximumBooks() method. <BR>]]></Caption>
      </captionObject>
      <captionObject>
         <Time>683.833333</Time>
         <Caption><![CDATA[I&apos;ll expand the window by double-clicking so we <BR>can get a better view. We&apos;ll highlight, press <BR>Inspect, ]]></Caption>
      </captionObject>
      <captionObject>
         <Time>690.200000</Time>
         <Caption><![CDATA[and we get these two error messages up here, about <BR>each of the mistakes we made.  <BR>]]></Caption>
      </captionObject>
      <captionObject>
         <Time>696.400000</Time>
         <Caption><![CDATA[When you&apos;re typing by hand, it&apos;s very, very easy <BR>to make mistakes like forgetting quotes, <BR>]]></Caption>
      </captionObject>
      <captionObject>
         <Time>703.733333</Time>
         <Caption><![CDATA[forgetting parentheses, forgetting a curly brace, <BR>and so on. <BR>]]></Caption>
      </captionObject>
      <captionObject>
         <Time>707.333333</Time>
         <Caption><![CDATA[So using Eclipse&apos;s code-assist not only saves us <BR>typing, but it also prevents typing errors.<BR>]]></Caption>
      </captionObject>
      <captionObject>
         <Time>716.433333</Time>
         <Caption><![CDATA[We&apos;ve reached the end of Lesson 3. The Eclipse <BR>Scrapbook is a great tool for learning Java. <BR>]]></Caption>
      </captionObject>
      <captionObject>
         <Time>723.433333</Time>
         <Caption><![CDATA[You can just try different commands and methods <BR>and see what happens, without having to write an <BR>entire program. ]]></Caption>
      </captionObject>
      <captionObject>
         <Time>730.533333</Time>
         <Caption><![CDATA[This is a great way to learn and explore the <BR>different Java class libraries. <BR>]]></Caption>
      </captionObject>
      <captionObject>
         <Time>735.800000</Time>
         <Caption><![CDATA[In the next lesson we&apos;re going to learn how to <BR>build automated test programs so we can test our <BR>code like the pros do.]]></Caption>
      </captionObject>
      <captionObject>
         <Time>743.333333</Time>
         <Caption><![CDATA[This is Mark Dexter saying so long for now.<BR>]]></Caption>
      </captionObject>
      <captionObject>
         <Time>747.100000</Time>
         <Caption><![CDATA[(Closing music ...)]]></Caption>
      </captionObject>
   </array>
</CaptionXML>
</Caption_Array_Object>
</CaptionPlayerXML_Array>
<CaptionFontHeight>23</CaptionFontHeight>
<MaxCaptionsCharsPerLine>50</MaxCaptionsCharsPerLine>
<TimelineCaptionCount>82</TimelineCaptionCount>
<CaptionHeight>0</CaptionHeight>
<CloseCaptions_Array>
<captionObject>
<Time>0.000000</Time>
<Caption><![CDATA[(Opening music ...)<BR><BR>]]></Caption>
</captionObject>
<captionObject>
<Time>9.400000</Time>
<Caption><![CDATA[Hello again. Welcome to Lesson 3 of Eclipse and <BR>Java for Total Beginners.<BR>]]></Caption>
</captionObject>
<captionObject>
<Time>16.200000</Time>
<Caption><![CDATA[This lesson is going to be great! We&apos;re going to <BR>try out the Person class using the Eclipse Java <BR>Scrapbook.]]></Caption>
</captionObject>
<captionObject>
<Time>23.300000</Time>
<Caption><![CDATA[The scrapbook is a hidden gem inside Eclipse, <BR>especially if you are just learning Java. <BR>]]></Caption>
</captionObject>
<captionObject>
<Time>28.200000</Time>
<Caption><![CDATA[It&apos;s a great way to try out Java statements and <BR>see what they do. <BR>]]></Caption>
</captionObject>
<captionObject>
<Time>32.333333</Time>
<Caption><![CDATA[To use the scrapbook, we need to create a new <BR>scrapbook page. I&apos;ll select my project in the <BR>package explorer, ]]></Caption>
</captionObject>
<captionObject>
<Time>43.200000</Time>
<Caption><![CDATA[then right-click, select New / Other / Java / Java <BR>Run/Debug / Scrapbook Page. (This is why I call it <BR>a &quot;hidden gem&quot;, since it&apos;s somewhat hidden.)]]></Caption>
</captionObject>
<captionObject>
<Time>58.500000</Time>
<Caption><![CDATA[We give it a name. I&apos;ll call it MyScrapbook ... <BR>and we&apos;ve got a scrapbook page.<BR>]]></Caption>
</captionObject>
<captionObject>
<Time>69.500000</Time>
<Caption><![CDATA[The scrapbook allows us to run Java code <BR>interactively and see the results. Let&apos;s start <BR>with something easy.]]></Caption>
</captionObject>
<captionObject>
<Time>78.000000</Time>
<Caption><![CDATA[We&apos;ll enter &quot;2+2&quot;. We can go Run / Inspect, and we <BR>see &quot;2+2&quot;=4. That seems like a good start.<BR>]]></Caption>
</captionObject>
<captionObject>
<Time>92.900000</Time>
<Caption><![CDATA[Now let&apos;s try some a little more complicated. I&apos;ll  <BR>backspace and enter &quot;int a = 5;&quot; and then &quot;a = a * <BR>10;&quot;. ]]></Caption>
</captionObject>
<captionObject>
<Time>108.500000</Time>
<Caption><![CDATA[Notice that I&apos;m putting semi-colons (;) at the end <BR>of each line, since these are statements. <BR>]]></Caption>
</captionObject>
<captionObject>
<Time>112.533333</Time>
<Caption><![CDATA[Now I&apos;m just going to type &quot;a&quot;, because this is an <BR>expression, and it needs to return a value. <BR>]]></Caption>
</captionObject>
<captionObject>
<Time>120.100000</Time>
<Caption><![CDATA[We&apos;ll hightlight the text, and I can press this <BR>button, which does the same thing as the Run / <BR>Inspect. ]]></Caption>
</captionObject>
<captionObject>
<Time>129.400000</Time>
<Caption><![CDATA[And now I get 50. Let&apos;s look at that. I&apos;m setting <BR>a to 5. I&apos;m multiplying a times 10, so it&apos;s 5 * <BR>10, so 50 looks good.]]></Caption>
</captionObject>
<captionObject>
<Time>143.333333</Time>
<Caption><![CDATA[Now let&apos;s look at a different way to use the <BR>scrapbook. One very common command you&apos;ll see when <BR>you&apos;re learning Java is the following: ]]></Caption>
</captionObject>
<captionObject>
<Time>156.633333</Time>
<Caption><![CDATA[&quot;System.out.println(&quot; and then usually some text. <BR>So we&apos;ll say &quot;System.out.println(&quot;hello world&quot;);&quot;<BR>]]></Caption>
</captionObject>
<captionObject>
<Time>171.500000</Time>
<Caption><![CDATA[Now, this is a statement. It&apos;s not an expression. <BR>So, if I highlight this, I don&apos;t want to hit <BR>Inspect, ]]></Caption>
</captionObject>
<captionObject>
<Time>183.033333</Time>
<Caption><![CDATA[because there is no expression to inspect. But I <BR>can hit Execute the Selected Text (which is the <BR>same as Run / Execute)]]></Caption>
</captionObject>
<captionObject>
<Time>193.200000</Time>
<Caption><![CDATA[and what I get is &quot;hello world&quot; printing down here <BR>in the Console window. <BR>]]></Caption>
</captionObject>
<captionObject>
<Time>202.300000</Time>
<Caption><![CDATA[A lot of Java books and tutorials assume that <BR>you&apos;re running Java from your system command line.  <BR>]]></Caption>
</captionObject>
<captionObject>
<Time>208.600000</Time>
<Caption><![CDATA[If so, then the System.out.println command <BR>would print at the command line. <BR>]]></Caption>
</captionObject>
<captionObject>
<Time>215.400000</Time>
<Caption><![CDATA[In Eclipse, console output displays down here in <BR>the Console view.  You&apos;ll see this command a lot <BR>in sample Java programs ]]></Caption>
</captionObject>
<captionObject>
<Time>222.833333</Time>
<Caption><![CDATA[because it provides a simple way to print out <BR>messages that indicate what the program is doing.<BR>]]></Caption>
</captionObject>
<captionObject>
<Time>228.300000</Time>
<Caption><![CDATA[Before we start with our Person class, <BR>we need to talk a little more about Java packages.<BR>]]></Caption>
</captionObject>
<captionObject>
<Time>235.000000</Time>
<Caption><![CDATA[The Java language has hundreds of built-in <BR>classes. Many more classes are available to Java <BR>developers from other organizations. ]]></Caption>
</captionObject>
<captionObject>
<Time>242.900000</Time>
<Caption><![CDATA[That&apos;s a really great thing about Java. Often, a <BR>piece of code we need is already written and <BR>available for us to use. ]]></Caption>
</captionObject>
<captionObject>
<Time>249.700000</Time>
<Caption><![CDATA[But how can we make sure our class names won&apos;t <BR>conflict with someone else&apos;s. Is it possible <BR>someone else has a class called Person? ]]></Caption>
</captionObject>
<captionObject>
<Time>259.933333</Time>
<Caption><![CDATA[If so, will that cause a problem? How will the <BR>Java compiler know which Person class to use? <BR>]]></Caption>
</captionObject>
<captionObject>
<Time>269.533333</Time>
<Caption><![CDATA[That&apos;s where packages come in. The package <BR>provides a “full” name for each class. <BR>]]></Caption>
</captionObject>
<captionObject>
<Time>274.800000</Time>
<Caption><![CDATA[So the package statement in our Person class is <BR>telling the compiler that the full name of the <BR>Person class is ]]></Caption>
</captionObject>
<captionObject>
<Time>280.700000</Time>
<Caption><![CDATA[“org.totabeginner.tutorial.Person”.  And we only <BR>have to be worried about Person being a unique <BR>class name inside this package, ]]></Caption>
</captionObject>
<captionObject>
<Time>289.900000</Time>
<Caption><![CDATA[which we have control over. The reason we need to <BR>think about this right now is because this <BR>scrapbook page is not inside our package. ]]></Caption>
</captionObject>
<captionObject>
<Time>302.900000</Time>
<Caption><![CDATA[If we were inside the package (meaning that we <BR>have a source file that says it&apos;s part of this <BR>package),]]></Caption>
</captionObject>
<captionObject>
<Time>313.400000</Time>
<Caption><![CDATA[then we can just refer to classes by their short <BR>name. Since I&apos;m outside of the package, I need to <BR>do what&apos;s called an &quot;import&quot; statement. ]]></Caption>
</captionObject>
<captionObject>
<Time>324.400000</Time>
<Caption><![CDATA[Fortunately, that&apos;s really easy to do. We add the <BR>package to our scrapbook page by pressing the &quot;Set <BR>Import Declarations&quot; button. ]]></Caption>
</captionObject>
<captionObject>
<Time>340.200000</Time>
<Caption><![CDATA[We say add packages. If we type the first part of <BR>the name, it looks up matching packages. We select <BR>org.totalbeginner.tutorial. ]]></Caption>
</captionObject>
<captionObject>
<Time>349.833333</Time>
<Caption><![CDATA[And it will add all of the classes in that <BR>package. So now the scrapbook knows, if I say <BR>&quot;Person&quot;, ]]></Caption>
</captionObject>
<captionObject>
<Time>359.400000</Time>
<Caption><![CDATA[I really mean &quot;org.totalbeginner.tutorial.Person&quot;. <BR><BR>]]></Caption>
</captionObject>
<captionObject>
<Time>367.566667</Time>
<Caption><![CDATA[Now, let&apos;s actually create a new Person object. <BR>The syntax for this is as follows:<BR>]]></Caption>
</captionObject>
<captionObject>
<Time>377.000000</Time>
<Caption><![CDATA[I say &quot;Person p&quot; (&quot;p&quot; is just a name I made up) &quot;= <BR>new Person();&quot;. I end with a semi-colon. <BR>]]></Caption>
</captionObject>
<captionObject>
<Time>388.900000</Time>
<Caption><![CDATA[So this is saying that Person is the type, p is my <BR>local variable name, &quot;= new Person()&quot;. Now &quot;new&quot; <BR>is a reserved word in Java ]]></Caption>
</captionObject>
<captionObject>
<Time>403.600000</Time>
<Caption><![CDATA[that tells the Java compiler that we want to <BR>create a new object of type Person. <BR>]]></Caption>
</captionObject>
<captionObject>
<Time>411.900000</Time>
<Caption><![CDATA[And to do that, we&apos;re calling the constructor for <BR>the Person class. Remember over here, inside the <BR>Person class, ]]></Caption>
</captionObject>
<captionObject>
<Time>420.100000</Time>
<Caption><![CDATA[we wrote a constructor that said &quot;set the name to <BR>&quot;unknown name&quot; and set the maximumBooks equal to <BR>3. ]]></Caption>
</captionObject>
<captionObject>
<Time>427.400000</Time>
<Caption><![CDATA[And the way that the compiler knows to run that <BR>constructor is with the &quot;new&quot; key word. (Note that <BR>it&apos;s red, indicating a Java key word.)]]></Caption>
</captionObject>
<captionObject>
<Time>437.500000</Time>
<Caption><![CDATA[Remember that we want to evaluate to an expression <BR>if we want to use the Inspect button, so I&apos;ll type <BR>&quot;p&quot;, ]]></Caption>
</captionObject>
<captionObject>
<Time>444.700000</Time>
<Caption><![CDATA[which means we&apos;ll be looking at &quot;p&quot; when we <BR>Inspect this code.<BR>]]></Caption>
</captionObject>
<captionObject>
<Time>449.366667</Time>
<Caption><![CDATA[I hit the Inspect button, and we have our first <BR>look at our own object!<BR>]]></Caption>
</captionObject>
<captionObject>
<Time>458.800000</Time>
<Caption><![CDATA[So it we look at this object, we can see we&apos;ve got <BR>maximumBooks equals 3 and name equals &quot;unknown <BR>name&quot;.]]></Caption>
</captionObject>
<captionObject>
<Time>466.800000</Time>
<Caption><![CDATA[So that&apos;s just what we would expect. <BR>Now let&apos;s try our our get and set methods. <BR>]]></Caption>
</captionObject>
<captionObject>
<Time>474.633333</Time>
<Caption><![CDATA[I&apos;ve got a Person object in the variable &quot;p&quot;. Now, <BR>when I type a period (.), look what happens. <BR>]]></Caption>
</captionObject>
<captionObject>
<Time>483.300000</Time>
<Caption><![CDATA[I get a whole bunch of methods here. Some of these <BR>methods, like getMaximumBooks and getName, I <BR>recognize. ]]></Caption>
</captionObject>
<captionObject>
<Time>496.000000</Time>
<Caption><![CDATA[But I&apos;ve got a bunch of other methods that I <BR>didn&apos;t write. What&apos;s going on here? <BR>]]></Caption>
</captionObject>
<captionObject>
<Time>503.633333</Time>
<Caption><![CDATA[What we&apos;re seeing here is our first example of <BR>inheritance in Java. <BR>]]></Caption>
</captionObject>
<captionObject>
<Time>510.100000</Time>
<Caption><![CDATA[Java has a class called Object, and Object is like <BR>the grandfather of all classes. <BR>]]></Caption>
</captionObject>
<captionObject>
<Time>518.300000</Time>
<Caption><![CDATA[So every class in Java has some built-in methods  <BR>that it inherits from the Object class. We&apos;ll talk <BR>more about inheritance as we go along.]]></Caption>
</captionObject>
<captionObject>
<Time>530.000000</Time>
<Caption><![CDATA[Now, back to business. The way we invoke a method <BR>on an object is to press the period (.). When I do <BR>that in Eclipse, ]]></Caption>
</captionObject>
<captionObject>
<Time>539.533333</Time>
<Caption><![CDATA[I get a nice list of all of the methods that are <BR>available to me from this object. <BR>]]></Caption>
</captionObject>
<captionObject>
<Time>545.966667</Time>
<Caption><![CDATA[Let&apos;s find the setName method and select that. It <BR>takes a String input. Let&apos;s change the name to <BR>&quot;Fred&quot;. ]]></Caption>
</captionObject>
<captionObject>
<Time>559.433333</Time>
<Caption><![CDATA[And we will inspect the results. So I highlight, <BR>hit Inspect, and now this person&apos;s name is &quot;Fred&quot;. <BR>]]></Caption>
</captionObject>
<captionObject>
<Time>571.400000</Time>
<Caption><![CDATA[Let&apos;s try the setMaxiumumBooks method. This time <BR>it takes an integer. So we&apos;ll set it to 10. <BR>]]></Caption>
</captionObject>
<captionObject>
<Time>581.233333</Time>
<Caption><![CDATA[Again, we&apos;ll type &quot;p&quot; so we can Inspect the <BR>variable &quot;p&quot;, and, as we expect, maximumBooks <BR>equals 10. ]]></Caption>
</captionObject>
<captionObject>
<Time>591.300000</Time>
<Caption><![CDATA[So far, so good. Now let&apos;s try one of our &quot;get&quot; <BR>methods. This time we&apos;ll try a different way to <BR>execute it. ]]></Caption>
</captionObject>
<captionObject>
<Time>602.133333</Time>
<Caption><![CDATA[So we&apos;ll type &quot;p.getName()&quot;. Again, we&apos;ll leave it <BR>as an expression, so we won&apos;t put a semi-colon on <BR>it. ]]></Caption>
</captionObject>
<captionObject>
<Time>613.033333</Time>
<Caption><![CDATA[We&apos;ll highlight it, and this time we&apos;ll try the <BR>&quot;Display Result&quot; button. This is a little <BR>different than Inspect. ]]></Caption>
</captionObject>
<captionObject>
<Time>620.700000</Time>
<Caption><![CDATA[It displays the result right here inside the <BR>scrapbook window. It&apos;s telling me this is a String  <BR>and the value is &quot;Fred&quot; (which is what we expect).]]></Caption>
</captionObject>
<captionObject>
<Time>638.433333</Time>
<Caption><![CDATA[Let&apos;s try our other method. We&apos;ll type <BR>&quot;p.getMaximumBooks()&quot;, using Ctrl+Space. Again, <BR>we&apos;ll leave it as an expression.]]></Caption>
</captionObject>
<captionObject>
<Time>655.833333</Time>
<Caption><![CDATA[We&apos;ll go back to the Inspect button. And we see <BR>the getMaximumBooks() method evaluates to 10, <BR>which is what we expect. ]]></Caption>
</captionObject>
<captionObject>
<Time>669.266667</Time>
<Caption><![CDATA[Let&apos;s try one more “real life” example. Let&apos;s <BR>pretend we forgot to type the closing quote on the <BR>name Fred ]]></Caption>
</captionObject>
<captionObject>
<Time>680.133333</Time>
<Caption><![CDATA[and we forgot to type the closing parentheses on <BR>the getMaximumBooks() method. <BR>]]></Caption>
</captionObject>
<captionObject>
<Time>683.833333</Time>
<Caption><![CDATA[I&apos;ll expand the window by double-clicking so we <BR>can get a better view. We&apos;ll highlight, press <BR>Inspect, ]]></Caption>
</captionObject>
<captionObject>
<Time>690.200000</Time>
<Caption><![CDATA[and we get these two error messages up here, about <BR>each of the mistakes we made.  <BR>]]></Caption>
</captionObject>
<captionObject>
<Time>696.400000</Time>
<Caption><![CDATA[When you&apos;re typing by hand, it&apos;s very, very easy <BR>to make mistakes like forgetting quotes, <BR>]]></Caption>
</captionObject>
<captionObject>
<Time>703.733333</Time>
<Caption><![CDATA[forgetting parentheses, forgetting a curly brace, <BR>and so on. <BR>]]></Caption>
</captionObject>
<captionObject>
<Time>707.333333</Time>
<Caption><![CDATA[So using Eclipse&apos;s code-assist not only saves us <BR>typing, but it also prevents typing errors.<BR>]]></Caption>
</captionObject>
<captionObject>
<Time>716.433333</Time>
<Caption><![CDATA[We&apos;ve reached the end of Lesson 3. The Eclipse <BR>Scrapbook is a great tool for learning Java. <BR>]]></Caption>
</captionObject>
<captionObject>
<Time>723.433333</Time>
<Caption><![CDATA[You can just try different commands and methods <BR>and see what happens, without having to write an <BR>entire program. ]]></Caption>
</captionObject>
<captionObject>
<Time>730.533333</Time>
<Caption><![CDATA[This is a great way to learn and explore the <BR>different Java class libraries. <BR>]]></Caption>
</captionObject>
<captionObject>
<Time>735.800000</Time>
<Caption><![CDATA[In the next lesson we&apos;re going to learn how to <BR>build automated test programs so we can test our <BR>code like the pros do.]]></Caption>
</captionObject>
<captionObject>
<Time>743.333333</Time>
<Caption><![CDATA[This is Mark Dexter saying so long for now.<BR>]]></Caption>
</captionObject>
<captionObject>
<Time>747.100000</Time>
<Caption><![CDATA[(Closing music ...)]]></Caption>
</captionObject>
</CloseCaptions_Array>
<NumMetaDataTypes>283</NumMetaDataTypes>
<MetaData_Array>
<MetaData_Object>
<MetaDataType>Date</MetaDataType>
<MetaDataValue>Friday, June 15, 2007</MetaDataValue>
<MetaDataEmbedName>DC.date</MetaDataEmbedName>
</MetaData_Object>
<MetaData_Object>
<MetaDataType>Language</MetaDataType>
<MetaDataValue>ENU</MetaDataValue>
<MetaDataEmbedName>DC.language</MetaDataEmbedName>
</MetaData_Object>
<MetaData_Object>
<MetaDataType>Title</MetaDataType>
<MetaDataValue>lesson 3 rc1</MetaDataValue>
<MetaDataEmbedName>DC.title</MetaDataEmbedName>
</MetaData_Object>
</MetaData_Array>
<NumFileTypesUsedByProduction>4</NumFileTypesUsedByProduction>
<FileTypesUsed_Array>
<FileTypeUsed_Object>
<FileTypeName>Video</FileTypeName>
</FileTypeUsed_Object>
<FileTypeUsed_Object>
<FileTypeName>HTMLFile</FileTypeName>
</FileTypeUsed_Object>
<FileTypeUsed_Object>
<FileTypeName>EmbededPlayerJS</FileTypeName>
</FileTypeUsed_Object>
<FileTypeUsed_Object>
<FileTypeName>ProductionInfoXML</FileTypeName>
</FileTypeUsed_Object>
</FileTypesUsed_Array>
<NumFilesTotal>4</NumFilesTotal>
<ProducedFiles_Array>
<ProducedFile_Object>
<FileName>C:\Documents and Settings\Mark\My Documents\Camtasia Studio\Total Beginners\output-200711\lesson03\lesson03.swf</FileName>
<FileSize>12979013</FileSize>
<FileType>Video</FileType>
<WhichFilesOfCurType>0</WhichFilesOfCurType>
<TotalFilesOfCurType>1</TotalFilesOfCurType>
</ProducedFile_Object>
<ProducedFile_Object>
<FileName>C:\Documents and Settings\Mark\My Documents\Camtasia Studio\Total Beginners\output-200711\lesson03\lesson03.html</FileName>
<FileSize>3086</FileSize>
<FileType>HTMLFile</FileType>
<WhichFilesOfCurType>0</WhichFilesOfCurType>
<TotalFilesOfCurType>1</TotalFilesOfCurType>
</ProducedFile_Object>
<ProducedFile_Object>
<FileName>C:\Documents and Settings\Mark\My Documents\Camtasia Studio\Total Beginners\output-200711\lesson03\swfobject.js</FileName>
<FileSize>6880</FileSize>
<FileType>EmbededPlayerJS</FileType>
<WhichFilesOfCurType>0</WhichFilesOfCurType>
<TotalFilesOfCurType>1</TotalFilesOfCurType>
</ProducedFile_Object>
<ProducedFile_Object>
<FileName>C:\Documents and Settings\Mark\My Documents\Camtasia Studio\Total Beginners\output-200711\lesson03\ProductionInfo.xml</FileName>
<FileSize>54484</FileSize>
<FileType>ProductionInfoXML</FileType>
<WhichFilesOfCurType>0</WhichFilesOfCurType>
<TotalFilesOfCurType>1</TotalFilesOfCurType>
</ProducedFile_Object>
</ProducedFiles_Array>
<OutputBasePath>C:\Documents and Settings\Mark\My Documents\Camtasia Studio\Total Beginners\output-200711\lesson03\</OutputBasePath>
<ProductionFormat>SWF</ProductionFormat>
<NumVideoSegments>1</NumVideoSegments>
<NumHTMLFiles>1</NumHTMLFiles>
<TotalProductionSize>13043463</TotalProductionSize>
<m_cf_rtRenderRangeStart>-1</m_cf_rtRenderRangeStart>
<m_cf_rtRenderRangeStop>-1</m_cf_rtRenderRangeStop>
<m_cf_strTempDir>C:\DOCUME~1\Mark\LOCALS~1\Temp\</m_cf_strTempDir>
<m_cf_bWritePIPFile>0</m_cf_bWritePIPFile>
<m_cf_bDisablePIPVideo>1</m_cf_bDisablePIPVideo>
<m_cf_bWriteIndex>1</m_cf_bWriteIndex>
<m_cf_bWriteMultipleFiles>0</m_cf_bWriteMultipleFiles>
<m_cf_strHTMLTemplateName>Template.htm</m_cf_strHTMLTemplateName>
<m_cf_HTMLAlignment>1</m_cf_HTMLAlignment>
<m_cf_bSCORMOutput>0</m_cf_bSCORMOutput>
<m_cf_bController>1</m_cf_bController>
<m_cf_bAutoPlay>1</m_cf_bAutoPlay>
<m_cf_bNumberIndexMarkers>0</m_cf_bNumberIndexMarkers>
<m_cf_bShortenIndexNames>1</m_cf_bShortenIndexNames>
<m_cf_nShortenedIndexLength>17</m_cf_nShortenedIndexLength>
<m_cf_bQuizShowFeedback>1</m_cf_bQuizShowFeedback>
<m_cf_bEMailQuizResults>0</m_cf_bEMailQuizResults>
<m_cf_bEMailIncludeScore>0</m_cf_bEMailIncludeScore>
<m_cf_bJavaScriptQuizResults>0</m_cf_bJavaScriptQuizResults>
<m_cf_bHTMLOutput>1</m_cf_bHTMLOutput>
<m_cf_SCORMVersion>0</m_cf_SCORMVersion>
<m_cf_strManifestID>ID-0DCBF7C7-127E-4873-83FA-6038514C67C4</m_cf_strManifestID>
<m_cf_strManifestTitle></m_cf_strManifestTitle>
<m_cf_strDuration>0:12:33.27</m_cf_strDuration>
<m_cf_strSubject></m_cf_strSubject>
<m_cf_strManifestDescription></m_cf_strManifestDescription>
<m_cf_strLanguage>en</m_cf_strLanguage>
<m_cf_SCORMPackage>2</m_cf_SCORMPackage>
<m_cf_strSCOTitle></m_cf_strSCOTitle>
<m_cf_ProductionFormat>8</m_cf_ProductionFormat>
<m_cf_strTitle></m_cf_strTitle>
<m_cf_strAuthor></m_cf_strAuthor>
<m_cf_strCopyright></m_cf_strCopyright>
<m_cf_strDescription></m_cf_strDescription>
<m_cf_MultiFileOutputStyle>0</m_cf_MultiFileOutputStyle>
<m_cf_strVideoCompressor>Techsmith Screen Capture Codec</m_cf_strVideoCompressor>
<m_cf_bAddCaption>0</m_cf_bAddCaption>
<m_cf_bWriteCCInfo>1</m_cf_bWriteCCInfo>
<m_cf_bOverlayCaption>1</m_cf_bOverlayCaption>
<m_cf_strCaptionFontFamily>Microsoft Sans Serif</m_cf_strCaptionFontFamily>
<m_cf_bAddIPODFileToProduction>0</m_cf_bAddIPODFileToProduction>
<m_cf_bAddMP3FileToProduction>0</m_cf_bAddMP3FileToProduction>
<m_cf_bAddPPTFileToProduction>0</m_cf_bAddPPTFileToProduction>
<m_cf_strPPTFileToAddToProduction></m_cf_strPPTFileToAddToProduction>
<m_cf_bAviEncodeAudio>1</m_cf_bAviEncodeAudio>
<m_cf_AVIFrameRate>10</m_cf_AVIFrameRate>
<m_cf_nKeyFrameRate>30</m_cf_nKeyFrameRate>
<m_cf_PIP_nKeyFrameRate>30</m_cf_PIP_nKeyFrameRate>
<m_cf_PIP_AVIFrameRate>0</m_cf_PIP_AVIFrameRate>
<m_cf_SwfPlaybackControls>0</m_cf_SwfPlaybackControls>
<m_cf_strControllerSkinName>glass</m_cf_strControllerSkinName>
<m_cf_nSwfTargetVersion>7</m_cf_nSwfTargetVersion>
<m_cf_bSwfMatchPreloadMovieSize>0</m_cf_bSwfMatchPreloadMovieSize>
<m_cf_bSwfPauseAtStart>1</m_cf_bSwfPauseAtStart>
<m_cf_bSwfPreloadAdvanced>1</m_cf_bSwfPreloadAdvanced>
<m_cf_bSwfSingleSWF>1</m_cf_bSwfSingleSWF>
<m_cf_nSwfMainMovieLoadPercent>10</m_cf_nSwfMainMovieLoadPercent>
<m_cf_nSwfPreloadMinDisplayTime>3</m_cf_nSwfPreloadMinDisplayTime>
<m_cf_clrSwfControlColor>0x00C0C0C0</m_cf_clrSwfControlColor>
<m_cf_bSwfShowAboutBtn>1</m_cf_bSwfShowAboutBtn>
<m_cf_strSwfAboutBoxTxt>Copyright (c) 2007 Mark Dexter. Licensed under the Educational Community License version 1.0.</m_cf_strSwfAboutBoxTxt>
<m_cf_strSwfAboutBoxInfoTxt></m_cf_strSwfAboutBoxInfoTxt>
<m_cf_strSwfAboutTitle>Total Beginners</m_cf_strSwfAboutTitle>
<m_cf_strSwfStartTxt>Eclipse and Java for Total Beginners</m_cf_strSwfStartTxt>
<m_cf_SwfAboutBoxWidth>336</m_cf_SwfAboutBoxWidth>
<m_cf_SwfAboutBoxHeight>270</m_cf_SwfAboutBoxHeight>
<m_cf_bSwfAboutBoxTabSelected>1</m_cf_bSwfAboutBoxTabSelected>
<m_cf_strSwfTimeDisplayFormat>MM:SS</m_cf_strSwfTimeDisplayFormat>
<m_cf_bSwfCCInitiallyVisible>0</m_cf_bSwfCCInitiallyVisible>
<m_cf_bSwfFullScreen>0</m_cf_bSwfFullScreen>
<m_cf_bSwfAllowResizing>1</m_cf_bSwfAllowResizing>
<m_cf_nSwfVolueme>50</m_cf_nSwfVolueme>
<m_cf_bSwfBrandContextMenu>0</m_cf_bSwfBrandContextMenu>
<m_cf_SwfTOCType>1</m_cf_SwfTOCType>
<m_cf_SwfTOCTitle></m_cf_SwfTOCTitle>
<m_cf_bSwfShowMovieDuration>1</m_cf_bSwfShowMovieDuration>
<m_cf_bSwfShowTimeElapsed>1</m_cf_bSwfShowTimeElapsed>
<m_cf_strSwfTimeFont>Arial</m_cf_strSwfTimeFont>
<m_cf_clrSwfTimeFontColor>0x00000000</m_cf_clrSwfTimeFontColor>
<m_cf_SwfEndAction>0</m_cf_SwfEndAction>
<m_cf_strSwfEndActionUrl>http://</m_cf_strSwfEndActionUrl>
<m_cf_nSwfEndActionTarget>0</m_cf_nSwfEndActionTarget>
<m_cf_bPauseAfterJump>1</m_cf_bPauseAfterJump>
<m_cf_rtJumpPoint>0</m_cf_rtJumpPoint>
<m_cf_strSwfStartLogo></m_cf_strSwfStartLogo>
<m_cf_strSwfEndLogo>EndLogo</m_cf_strSwfEndLogo>
<m_cf_strSwfAboutLogo></m_cf_strSwfAboutLogo>
<m_cf_strSwfAboutTitleLogo></m_cf_strSwfAboutTitleLogo>
<m_cf_strSwfTocLogo></m_cf_strSwfTocLogo>
</Production_Data>
