﻿<?xml version="1.0" encoding="UTF-8" ?><Production_Data Version="5.00"><HTMLTemplateFile>Template.htm</HTMLTemplateFile>
<HTMLTemplateBodyFile>expressShow\SSWFTemplate-body.htm</HTMLTemplateBodyFile>
<HTMLTemplateHeaderFile>expressShow\SSWFTemplate-header.htm</HTMLTemplateHeaderFile>
<VideoFilenameWithPath>C:\Documents and Settings\Mark\My Documents\Camtasia Studio\Total Beginners\output-200711\lesson04\lesson04.swf</VideoFilenameWithPath>
<AddIPodFileSize>0 bytes</AddIPodFileSize>
<AddMP3FileSize>0 bytes</AddMP3FileSize>
<AddPPTFileSize>0 bytes</AddPPTFileSize>
<ProjectName>lesson04</ProjectName>
<MediaDir></MediaDir>
<ShouldCreateMediaDir>0</ShouldCreateMediaDir>
<MaxTimelineWidth>800</MaxTimelineWidth>
<MaxTimelineHeight>600</MaxTimelineHeight>
<MaxTimelineFPS>15.00</MaxTimelineFPS>
<MaxVideoWidth>800</MaxVideoWidth>
<MaxVideoHeight>600</MaxVideoHeight>
<MaxVideoFPS>15.00</MaxVideoFPS>
<MaxPIPWidth>0</MaxPIPWidth>
<MaxPIPHeight>0</MaxPIPHeight>
<MaxPIPFPS>0.00</MaxPIPFPS>
<VideoDuration>746.73</VideoDuration>
<PIPVideoDuration>746.47</PIPVideoDuration>
<VideoFPS>30.00</VideoFPS>
<PIPVideoFPS>30.00</PIPVideoFPS>
<VideoWidth>800</VideoWidth>
<VideoHeight>618</VideoHeight>
<ActualVideoWidth>800</ActualVideoWidth>
<ActualVideoHeight>600</ActualVideoHeight>
<PIPVideoWidth>160</PIPVideoWidth>
<PIPVideoHeight>120</PIPVideoHeight>
<TOCWidth>-1</TOCWidth>
<MinTOCWidth>160</MinTOCWidth>
<TOCDividerHeight>18</TOCDividerHeight>
<TimelineHasAudio>1</TimelineHasAudio>
<TimelineDuration>7467333333</TimelineDuration>
<SWFControllerTotalHeight>18</SWFControllerTotalHeight>
<SWFMinWidth>320</SWFMinWidth>
<SWFTOCXPos>0</SWFTOCXPos>
<SWFTOCYPos>0</SWFTOCYPos>
<SWFTOCWidth>160</SWFTOCWidth>
<SWFTOCHeight>600</SWFTOCHeight>
<SWFHasPIPOverlay>0</SWFHasPIPOverlay>
<SWFControllerColor></SWFControllerColor>
<SWFTimeDispFontColor>0x000000</SWFTimeDispFontColor>
<SWFPlaybackConfigFileName>lesson04_config.xml</SWFPlaybackConfigFileName>
<SWFPlaybackControllerFileName>lesson04_controller.swf</SWFPlaybackControllerFileName>
<SWFPreloaderFileName></SWFPreloaderFileName>
<StripWhitespace>0</StripWhitespace>
<WritingImages>0</WritingImages>
<WritePreviewXML>0</WritePreviewXML>
<DisableTOC>0</DisableTOC>
<AutoPlay>0</AutoPlay>
<CancelledProduction>0</CancelledProduction>
<CancelledProdLength>7467000000</CancelledProdLength>
<Hotspot_Array>
<Hotspot_Array_Object>
               <array>
               <hotspot>
               </hotspot>
               <hotspot>
               </hotspot>
               <hotspot>
               </hotspot>
               <hotspot>
               </hotspot>
               <hotspot>
               </hotspot>
               <hotspot>
               </hotspot>
               <hotspot>
               </hotspot>
               <hotspot>
               </hotspot>
               <hotspot>
               </hotspot>
               <hotspot>
               </hotspot>
               <hotspot>
               </hotspot>
               <hotspot>
               </hotspot>
               <hotspot>
               </hotspot>
               <hotspot>
               </hotspot>
               <hotspot>
               </hotspot>
               <hotspot>
               </hotspot>
               <hotspot>
               </hotspot>
               <hotspot>
               </hotspot>
               <hotspot>
               </hotspot>
               <hotspot>
               </hotspot>
               <hotspot>
               </hotspot>
               <hotspot>
               </hotspot>
               </array>
</Hotspot_Array_Object>
</Hotspot_Array>
<AdjGlobalRenderRangeStart>-1</AdjGlobalRenderRangeStart>
<AdjGlobalRenderRangeStop>-1</AdjGlobalRenderRangeStop>
<AdjRenderRange_Array>
<AdjRenderRange_Obj>
<AdjRenderRangeStart>0</AdjRenderRangeStart>
<AdjRenderRangeStop>368333333</AdjRenderRangeStop>
</AdjRenderRange_Obj>
<AdjRenderRange_Obj>
<AdjRenderRangeStart>368333333</AdjRenderRangeStart>
<AdjRenderRangeStop>757000000</AdjRenderRangeStop>
</AdjRenderRange_Obj>
<AdjRenderRange_Obj>
<AdjRenderRangeStart>757000000</AdjRenderRangeStart>
<AdjRenderRangeStop>1858000000</AdjRenderRangeStop>
</AdjRenderRange_Obj>
<AdjRenderRange_Obj>
<AdjRenderRangeStart>1858000000</AdjRenderRangeStart>
<AdjRenderRangeStop>2366333333</AdjRenderRangeStop>
</AdjRenderRange_Obj>
<AdjRenderRange_Obj>
<AdjRenderRangeStart>2366333333</AdjRenderRangeStart>
<AdjRenderRangeStop>2720333333</AdjRenderRangeStop>
</AdjRenderRange_Obj>
<AdjRenderRange_Obj>
<AdjRenderRangeStart>2720333333</AdjRenderRangeStart>
<AdjRenderRangeStop>2956333333</AdjRenderRangeStop>
</AdjRenderRange_Obj>
<AdjRenderRange_Obj>
<AdjRenderRangeStart>2956333333</AdjRenderRangeStart>
<AdjRenderRangeStop>4002000000</AdjRenderRangeStop>
</AdjRenderRange_Obj>
<AdjRenderRange_Obj>
<AdjRenderRangeStart>4002000000</AdjRenderRangeStart>
<AdjRenderRangeStop>5385666667</AdjRenderRangeStop>
</AdjRenderRange_Obj>
<AdjRenderRange_Obj>
<AdjRenderRangeStart>5385666667</AdjRenderRangeStart>
<AdjRenderRangeStop>6047000000</AdjRenderRangeStop>
</AdjRenderRange_Obj>
<AdjRenderRange_Obj>
<AdjRenderRangeStart>6047000000</AdjRenderRangeStart>
<AdjRenderRangeStop>7467333333</AdjRenderRangeStop>
</AdjRenderRange_Obj>
</AdjRenderRange_Array>
<AdjMarkerDuration_Array>
<AdjMarkerDuration_Obj>
<AdjMarkerDuration>368333333</AdjMarkerDuration>
</AdjMarkerDuration_Obj>
<AdjMarkerDuration_Obj>
<AdjMarkerDuration>388666667</AdjMarkerDuration>
</AdjMarkerDuration_Obj>
<AdjMarkerDuration_Obj>
<AdjMarkerDuration>1101000000</AdjMarkerDuration>
</AdjMarkerDuration_Obj>
<AdjMarkerDuration_Obj>
<AdjMarkerDuration>508333333</AdjMarkerDuration>
</AdjMarkerDuration_Obj>
<AdjMarkerDuration_Obj>
<AdjMarkerDuration>354000000</AdjMarkerDuration>
</AdjMarkerDuration_Obj>
<AdjMarkerDuration_Obj>
<AdjMarkerDuration>236000000</AdjMarkerDuration>
</AdjMarkerDuration_Obj>
<AdjMarkerDuration_Obj>
<AdjMarkerDuration>1045666667</AdjMarkerDuration>
</AdjMarkerDuration_Obj>
<AdjMarkerDuration_Obj>
<AdjMarkerDuration>1383666667</AdjMarkerDuration>
</AdjMarkerDuration_Obj>
<AdjMarkerDuration_Obj>
<AdjMarkerDuration>661333333</AdjMarkerDuration>
</AdjMarkerDuration_Obj>
<AdjMarkerDuration_Obj>
<AdjMarkerDuration>1420333333</AdjMarkerDuration>
</AdjMarkerDuration_Obj>
</AdjMarkerDuration_Array>
<AdjMarkerTimes_Array>
<AdjMarkerTime_Obj>
<AdjMarkerTime>0</AdjMarkerTime>
</AdjMarkerTime_Obj>
<AdjMarkerTime_Obj>
<AdjMarkerTime>368333333</AdjMarkerTime>
</AdjMarkerTime_Obj>
<AdjMarkerTime_Obj>
<AdjMarkerTime>757000000</AdjMarkerTime>
</AdjMarkerTime_Obj>
<AdjMarkerTime_Obj>
<AdjMarkerTime>1858000000</AdjMarkerTime>
</AdjMarkerTime_Obj>
<AdjMarkerTime_Obj>
<AdjMarkerTime>2366333333</AdjMarkerTime>
</AdjMarkerTime_Obj>
<AdjMarkerTime_Obj>
<AdjMarkerTime>2720333333</AdjMarkerTime>
</AdjMarkerTime_Obj>
<AdjMarkerTime_Obj>
<AdjMarkerTime>2956333333</AdjMarkerTime>
</AdjMarkerTime_Obj>
<AdjMarkerTime_Obj>
<AdjMarkerTime>4002000000</AdjMarkerTime>
</AdjMarkerTime_Obj>
<AdjMarkerTime_Obj>
<AdjMarkerTime>5385666667</AdjMarkerTime>
</AdjMarkerTime_Obj>
<AdjMarkerTime_Obj>
<AdjMarkerTime>6047000000</AdjMarkerTime>
</AdjMarkerTime_Obj>
</AdjMarkerTimes_Array>
<HasQuizQuestions>0</HasQuizQuestions>
<m_strQuizQuestionOfString>Question @ of @</m_strQuizQuestionOfString>
<m_strQuizPrevString>Prev</m_strQuizPrevString>
<m_strQuizSubmitString>Submit</m_strQuizSubmitString>
<m_strQuizNextString>Next</m_strQuizNextString>
<m_strQuizDoneString>Done</m_strQuizDoneString>
<m_strQuizPreviewString>Preview</m_strQuizPreviewString>
<m_strQuizSendString>Send</m_strQuizSendString>
<m_strQuizMainMessageString>You have reached the end of the questions and this video. Your answers are ready to be sent.</m_strQuizMainMessageString>
<m_strQuizEmailContentsString>E-mail Contents</m_strQuizEmailContentsString>
<m_strQuizEmailToString>E-mail to </m_strQuizEmailToString>
<m_strQuizAnswersSentString>Your answers have been sent.</m_strQuizAnswersSentString>
<m_strQuizSummaryString>You have completed @ of @ questions.</m_strQuizSummaryString>
<m_strQuizScoreString>Score = @/@</m_strQuizScoreString>
<m_strQuizSummaryTitleString>Answers Summary</m_strQuizSummaryTitleString>
<Quiz_Array>
</Quiz_Array>
<Markers_Array>
<Marker_Object>
<MarkerName>Introduction</MarkerName>
<MarkerImage></MarkerImage>
<MarkerTime>0</MarkerTime>
<IndentLevel>0</IndentLevel>
<ShouldIgnore>0</ShouldIgnore>
</Marker_Object>
<Marker_Object>
<MarkerName>Unit Test</MarkerName>
<MarkerImage></MarkerImage>
<MarkerTime>368333333</MarkerTime>
<IndentLevel>0</IndentLevel>
<ShouldIgnore>0</ShouldIgnore>
</Marker_Object>
<Marker_Object>
<MarkerName>Test Folder</MarkerName>
<MarkerImage></MarkerImage>
<MarkerTime>757000000</MarkerTime>
<IndentLevel>0</IndentLevel>
<ShouldIgnore>0</ShouldIgnore>
</Marker_Object>
<Marker_Object>
<MarkerName>First JUnit Test</MarkerName>
<MarkerImage></MarkerImage>
<MarkerTime>1858000000</MarkerTime>
<IndentLevel>0</IndentLevel>
<ShouldIgnore>0</ShouldIgnore>
</Marker_Object>
<Marker_Object>
<MarkerName>Build Path</MarkerName>
<MarkerImage></MarkerImage>
<MarkerTime>2366333333</MarkerTime>
<IndentLevel>0</IndentLevel>
<ShouldIgnore>0</ShouldIgnore>
</Marker_Object>
<Marker_Object>
<MarkerName>Methods to Test</MarkerName>
<MarkerImage></MarkerImage>
<MarkerTime>2720333333</MarkerTime>
<IndentLevel>0</IndentLevel>
<ShouldIgnore>0</ShouldIgnore>
</Marker_Object>
<Marker_Object>
<MarkerName>Create Test Method Stubs</MarkerName>
<MarkerImage></MarkerImage>
<MarkerTime>2956333333</MarkerTime>
<IndentLevel>0</IndentLevel>
<ShouldIgnore>0</ShouldIgnore>
</Marker_Object>
<Marker_Object>
<MarkerName>Quick Fix</MarkerName>
<MarkerImage></MarkerImage>
<MarkerTime>4002000000</MarkerTime>
<IndentLevel>0</IndentLevel>
<ShouldIgnore>0</ShouldIgnore>
</Marker_Object>
<Marker_Object>
<MarkerName>PersonTest Class</MarkerName>
<MarkerImage></MarkerImage>
<MarkerTime>5385666667</MarkerTime>
<IndentLevel>0</IndentLevel>
<ShouldIgnore>0</ShouldIgnore>
</Marker_Object>
<Marker_Object>
<MarkerName>Test Methods</MarkerName>
<MarkerImage></MarkerImage>
<MarkerTime>6047000000</MarkerTime>
<IndentLevel>0</IndentLevel>
<ShouldIgnore>0</ShouldIgnore>
</Marker_Object>
</Markers_Array>
<CaptionPlayerXML_Array>
<Caption_Array_Object>
<CaptionXML>   <array>
      <captionObject>
         <Time>0.000000</Time>
         <Caption><![CDATA[(Opening music ...)<BR><BR>]]></Caption>
      </captionObject>
      <captionObject>
         <Time>8.700000</Time>
         <Caption><![CDATA[Hello again. Welcome to Lesson 4 of Eclipse and <BR>Java for Total Beginners.<BR>]]></Caption>
      </captionObject>
      <captionObject>
         <Time>14.600000</Time>
         <Caption><![CDATA[In this lesson, we&apos;re going to learn how to do <BR>unit testing. First, a quick explanation. <BR>]]></Caption>
      </captionObject>
      <captionObject>
         <Time>21.400000</Time>
         <Caption><![CDATA[In our last lesson, we used the Eclipse scrapbook <BR>to look at a Person object, <BR>]]></Caption>
      </captionObject>
      <captionObject>
         <Time>28.000000</Time>
         <Caption><![CDATA[and we were able to see that our methods did what <BR>they were supposed to. <BR>]]></Caption>
      </captionObject>
      <captionObject>
         <Time>30.900000</Time>
         <Caption><![CDATA[However, we had to manually look at the results <BR>and check if they were correct or not.<BR>]]></Caption>
      </captionObject>
      <captionObject>
         <Time>36.800000</Time>
         <Caption><![CDATA[A unit test is totally automated and tells us if <BR>there is a problem. <BR>]]></Caption>
      </captionObject>
      <captionObject>
         <Time>42.800000</Time>
         <Caption><![CDATA[Once our test classes are written, we can test our <BR>whole application just by pressing a button. <BR>]]></Caption>
      </captionObject>
      <captionObject>
         <Time>48.600000</Time>
         <Caption><![CDATA[This is especially valuable when we have to make <BR>changes to our code and want to make sure we <BR>haven&apos;t broken anything.]]></Caption>
      </captionObject>
      <captionObject>
         <Time>57.333333</Time>
         <Caption><![CDATA[Unit testing is a key element of agile software <BR>development (also known as extreme programming). <BR>]]></Caption>
      </captionObject>
      <captionObject>
         <Time>65.100000</Time>
         <Caption><![CDATA[Eclipse integrates the popular JUnit testing <BR>software from JUNIT.ORG and makes it very easy to <BR>test our code.]]></Caption>
      </captionObject>
      <captionObject>
         <Time>74.600000</Time>
         <Caption><![CDATA[So let&apos;s get started. The first thing we need to <BR>do is decide where to put our test classes. <BR>]]></Caption>
      </captionObject>
      <captionObject>
         <Time>81.400000</Time>
         <Caption><![CDATA[When we are writing a program to deploy to end <BR>users, we may not want to include the unit test <BR>classes in the deployed application. ]]></Caption>
      </captionObject>
      <captionObject>
         <Time>89.100000</Time>
         <Caption><![CDATA[So it makes sense to keep the test classes in a <BR>separate folder from the application classes. <BR>]]></Caption>
      </captionObject>
      <captionObject>
         <Time>96.300000</Time>
         <Caption><![CDATA[One recommended way to do this is to create a <BR>separate source folder in Eclipse for the test <BR>classes. ]]></Caption>
      </captionObject>
      <captionObject>
         <Time>103.833333</Time>
         <Caption><![CDATA[To do this, we just select our project,  select <BR>File / New / Source Folder. We&apos;ll call it test. <BR>]]></Caption>
      </captionObject>
      <captionObject>
         <Time>117.933333</Time>
         <Caption><![CDATA[We press Finish, and now we have created a test <BR>folder under our TotalBeginner project. <BR>]]></Caption>
      </captionObject>
      <captionObject>
         <Time>125.466667</Time>
         <Caption><![CDATA[We want our test classes to be inside the same <BR>package as the classes being tested.<BR>]]></Caption>
      </captionObject>
      <captionObject>
         <Time>132.700000</Time>
         <Caption><![CDATA[If you recall, we created a package called <BR>&quot;org.totalbeginner.tutorial&quot; and then put the <BR>Person class inside that package. ]]></Caption>
      </captionObject>
      <captionObject>
         <Time>141.300000</Time>
         <Caption><![CDATA[So we need to create the same package in our test <BR>folder. <BR>]]></Caption>
      </captionObject>
      <captionObject>
         <Time>147.600000</Time>
         <Caption><![CDATA[To do that, we select the test folder, we go File <BR>/ New / Package and just type in the name of the <BR>package -- &quot;org.totalbeginner.tutorial&quot;. ]]></Caption>
      </captionObject>
      <captionObject>
         <Time>165.866667</Time>
         <Caption><![CDATA[One quick note about the menus. In Eclipse, <BR>usually we can either using the pull-down menus -- <BR>for example, File / New, and so on. ]]></Caption>
      </captionObject>
      <captionObject>
         <Time>178.466667</Time>
         <Caption><![CDATA[Or we can use the right-click context menus -- <BR>New, so on. Use whichever you prefer. <BR>]]></Caption>
      </captionObject>
      <captionObject>
         <Time>185.733333</Time>
         <Caption><![CDATA[Now we&apos;re ready to create our first JUnit test. <BR>To do this, we select the package we just created, <BR>right-click, select New / JUnit Test Case. ]]></Caption>
      </captionObject>
      <captionObject>
         <Time>205.266667</Time>
         <Caption><![CDATA[The name is normally the class being tested <BR>followed by the word &quot;Test&quot; (&quot;PersonTest&quot;).<BR>The class under test is the Person class. ]]></Caption>
      </captionObject>
      <captionObject>
         <Time>222.766667</Time>
         <Caption><![CDATA[Now, notice that we are getting a warning message <BR>saying that “Superclass does not exist” and “JUnit <BR>3 is not on the build path of our project”.]]></Caption>
      </captionObject>
      <captionObject>
         <Time>236.633333</Time>
         <Caption><![CDATA[The build path is where we tell the Eclipse <BR>compiler where to look for program libraries that <BR>we are using that are not part of standard Java.]]></Caption>
      </captionObject>
      <captionObject>
         <Time>246.466667</Time>
         <Caption><![CDATA[Since JUnit is a third-party package, we need to <BR>tell the compiler where to find this external <BR>library. ]]></Caption>
      </captionObject>
      <captionObject>
         <Time>258.400000</Time>
         <Caption><![CDATA[We could fix this problem right now just by <BR>clicking the “click here” button, but we&apos;re going <BR>to pretend we didn&apos;t see this and keep going. ]]></Caption>
      </captionObject>
      <captionObject>
         <Time>272.033333</Time>
         <Caption><![CDATA[When we press the Next button, see all of the <BR>methods in the Person class. <BR>]]></Caption>
      </captionObject>
      <captionObject>
         <Time>279.866667</Time>
         <Caption><![CDATA[We also see the methods Person inherited from the <BR>Object class. <BR>]]></Caption>
      </captionObject>
      <captionObject>
         <Time>285.566667</Time>
         <Caption><![CDATA[Remember, the Object class is the superclass of <BR>all Java classes. And the Object class provides <BR>some inherited methods.]]></Caption>
      </captionObject>
      <captionObject>
         <Time>295.600000</Time>
         <Caption><![CDATA[We&apos;re going to test the Person constructor and the <BR>setName() and setMaximumBooks() methods. <BR>]]></Caption>
      </captionObject>
      <captionObject>
         <Time>308.900000</Time>
         <Caption><![CDATA[As we&apos;ll see, by testing these methods we actually <BR>test the getName() and getMaximumBooks() methods <BR>as well.]]></Caption>
      </captionObject>
      <captionObject>
         <Time>316.766667</Time>
         <Caption><![CDATA[Next, we&apos;ll press the Finish button, and Eclipse <BR>has created a test class for us. We&apos;ll maximize <BR>this to see it better.]]></Caption>
      </captionObject>
      <captionObject>
         <Time>330.966667</Time>
         <Caption><![CDATA[However, we see that we have a number of compile <BR>errors. These red &quot;x&quot; marks and red underlines <BR>indicate compile errors. ]]></Caption>
      </captionObject>
      <captionObject>
         <Time>344.966667</Time>
         <Caption><![CDATA[We can see the compile errors in the source file. <BR>We can also double-click to bring this back to <BR>it&apos;s normal size and highlight the Problems view. ]]></Caption>
      </captionObject>
      <captionObject>
         <Time>358.966667</Time>
         <Caption><![CDATA[And we see the compiler errors listed in the <BR>Problems view. <BR>]]></Caption>
      </captionObject>
      <captionObject>
         <Time>362.700000</Time>
         <Caption><![CDATA[If we click on the first problem, we see the <BR>message “TestCase cannot be resolved to a type”.<BR> ]]></Caption>
      </captionObject>
      <captionObject>
         <Time>371.566667</Time>
         <Caption><![CDATA[This means the compiler cannot find a class called <BR>TestCase. <BR>]]></Caption>
      </captionObject>
      <captionObject>
         <Time>377.266667</Time>
         <Caption><![CDATA[If we look at the second error, it indicates that <BR>there is a problem with the import. <BR>]]></Caption>
      </captionObject>
      <captionObject>
         <Time>383.066667</Time>
         <Caption><![CDATA[The compiler cannot find the package <BR>junit.framework.TestCase, which is where it get <BR>the class called TestCase. ]]></Caption>
      </captionObject>
      <captionObject>
         <Time>391.066667</Time>
         <Caption><![CDATA[So it looks like Eclipse cannot find the JUnit <BR>program libraries, which is what we were warned <BR>about earlier. ]]></Caption>
      </captionObject>
      <captionObject>
         <Time>400.200000</Time>
         <Caption><![CDATA[Let&apos;s see if Eclipse can solve the problem for us. <BR>We&apos;ll click on the first error, right-click, and <BR>select Quick fix. ]]></Caption>
      </captionObject>
      <captionObject>
         <Time>417.866667</Time>
         <Caption><![CDATA[You can see that we&apos;ve got two suggestions that <BR>Eclipse is making. The first suggestion is to add <BR>JUnit to the build path.]]></Caption>
      </captionObject>
      <captionObject>
         <Time>427.766667</Time>
         <Caption><![CDATA[That seems like it fits with the problem we&apos;re <BR>having. So let&apos;s press OK and see what happens. <BR>]]></Caption>
      </captionObject>
      <captionObject>
         <Time>434.666667</Time>
         <Caption><![CDATA[All of our problems disappear! We have no problems <BR>in the Problems view, and we have no problems in <BR>our source file.  ]]></Caption>
      </captionObject>
      <captionObject>
         <Time>447.166667</Time>
         <Caption><![CDATA[So Quick Fix in Eclipse helps identify common <BR>programming problems, suggests a possible fix, and <BR>then automatically fixes it for you. ]]></Caption>
      </captionObject>
      <captionObject>
         <Time>457.666667</Time>
         <Caption><![CDATA[Is that cool or what? We&apos;re going to use Quick Fix <BR>a lot. It&apos;s one of the really great features of <BR>Eclipse. ]]></Caption>
      </captionObject>
      <captionObject>
         <Time>468.566667</Time>
         <Caption><![CDATA[Let&apos;s take a quick look at what Eclipse did to fix <BR>our build-path problem. <BR>]]></Caption>
      </captionObject>
      <captionObject>
         <Time>474.366667</Time>
         <Caption><![CDATA[We&apos;ll reduce the edit window and take a look at <BR>our project in the Package Explorer.<BR>]]></Caption>
      </captionObject>
      <captionObject>
         <Time>482.900000</Time>
         <Caption><![CDATA[We can see that now we have this item called JUnit <BR>3 under our TotalBeginner package. <BR>]]></Caption>
      </captionObject>
      <captionObject>
         <Time>486.300000</Time>
         <Caption><![CDATA[If we select TotalBeginner, right-click, select <BR>Build Path / Configure Build path, <BR>]]></Caption>
      </captionObject>
      <captionObject>
         <Time>496.866667</Time>
         <Caption><![CDATA[we get a form called Java Build Path, which is <BR>under the project properties. <BR>]]></Caption>
      </captionObject>
      <captionObject>
         <Time>508.966667</Time>
         <Caption><![CDATA[If we select the Libraries tab, we see that Quick <BR>Fix added the JUnit 3 library to our project. <BR>]]></Caption>
      </captionObject>
      <captionObject>
         <Time>518.266667</Time>
         <Caption><![CDATA[Now, we could have added this library ourselves <BR>manually, by selecting Add Library. But it was <BR>easier to let Eclipse do it for us. ]]></Caption>
      </captionObject>
      <captionObject>
         <Time>528.666667</Time>
         <Caption><![CDATA[So let&apos;s cancel this form, go back and maximize <BR>our PersonTest class, and get back to the testing.<BR>Next, let&apos;s look at the PersonTest class. ]]></Caption>
      </captionObject>
      <captionObject>
         <Time>543.866667</Time>
         <Caption><![CDATA[The first line we&apos;re just putting in the package <BR>name to put this class in the same package as the <BR>Person class.  ]]></Caption>
      </captionObject>
      <captionObject>
         <Time>550.500000</Time>
         <Caption><![CDATA[The next line is the import statement. We&apos;re <BR>importing the TestCase class from the <BR>junit.framework package. ]]></Caption>
      </captionObject>
      <captionObject>
         <Time>559.066667</Time>
         <Caption><![CDATA[We talked about imports in the previous lesson. <BR>Here we&apos;re importing this package so we can use <BR>TestCase without having to put in the full name. ]]></Caption>
      </captionObject>
      <captionObject>
         <Time>571.866667</Time>
         <Caption><![CDATA[The third line is &quot;public class PersonTest extends <BR>TestCase&quot;. <BR>]]></Caption>
      </captionObject>
      <captionObject>
         <Time>579.300000</Time>
         <Caption><![CDATA[What we&apos;re saying is that we want PersonTest, <BR>which is our class, <BR>]]></Caption>
      </captionObject>
      <captionObject>
         <Time>584.566667</Time>
         <Caption><![CDATA[to be a subclass of the TestCase class, which <BR>we&apos;re getting from the JUnit package. <BR>]]></Caption>
      </captionObject>
      <captionObject>
         <Time>593.100000</Time>
         <Caption><![CDATA[So Person class is going to have all of the <BR>methods that it inherits from the TestCase class.<BR>]]></Caption>
      </captionObject>
      <captionObject>
         <Time>600.666667</Time>
         <Caption><![CDATA[We&apos;ll start using one of these methods in a <BR>minute. <BR>]]></Caption>
      </captionObject>
      <captionObject>
         <Time>604.633333</Time>
         <Caption><![CDATA[Now Eclipse has created three methods for us, <BR>according to the boxes we checked when we created <BR>this JUnit test case. ]]></Caption>
      </captionObject>
      <captionObject>
         <Time>617.166667</Time>
         <Caption><![CDATA[It&apos;s created a testPerson(), which tests the <BR>constructor. <BR>]]></Caption>
      </captionObject>
      <captionObject>
         <Time>620.000000</Time>
         <Caption><![CDATA[It&apos;s created a testSetName() and <BR>testSetMaximumBooks(), which we&apos;ll use to test the <BR>getters and setters. ]]></Caption>
      </captionObject>
      <captionObject>
         <Time>627.666667</Time>
         <Caption><![CDATA[Right now, these methods all have a &quot;fail(&quot;Not yet <BR>implemented&quot;) command in them, so we have some <BR>work to do. ]]></Caption>
      </captionObject>
      <captionObject>
         <Time>638.166667</Time>
         <Caption><![CDATA[To get started, let&apos;s run the test and see what <BR>happens. To do this, I&apos;m going to select the Run <BR>menu, select Run As / JUnit Test. ]]></Caption>
      </captionObject>
      <captionObject>
         <Time>658.600000</Time>
         <Caption><![CDATA[It asks me do I want to save my source file, <BR>because I&apos;ve made changes since saving. <BR>]]></Caption>
      </captionObject>
      <captionObject>
         <Time>664.666667</Time>
         <Caption><![CDATA[I&apos;m going to say yes, and I&apos;m also going to check <BR>this box to always save resources when I run a new <BR>test.]]></Caption>
      </captionObject>
      <captionObject>
         <Time>672.666667</Time>
         <Caption><![CDATA[So I press OK, and Eclipse is running my test. And <BR>here it is. The test results are displayed in the <BR>JUnit view on the left. ]]></Caption>
      </captionObject>
      <captionObject>
         <Time>688.800000</Time>
         <Caption><![CDATA[And you can see that it ran 3 and I have 3 <BR>failures. It&apos;s not surprising since we told it to <BR>fail.]]></Caption>
      </captionObject>
      <captionObject>
         <Time>699.866667</Time>
         <Caption><![CDATA[I can go down here, and I can see why each test <BR>failed. And the reason given is &quot;Not yet <BR>implemented&quot;. ]]></Caption>
      </captionObject>
      <captionObject>
         <Time>714.066667</Time>
         <Caption><![CDATA[If we look at the PersonTest class, we see that <BR>Eclipse created each test with this same message: <BR>&quot;fail(&quot;Not yet implemented&quot;);&quot;. ]]></Caption>
      </captionObject>
      <captionObject>
         <Time>724.466667</Time>
         <Caption><![CDATA[At this point, we are ready to modify the test <BR>methods to actually test the Person class, and <BR>that&apos;s what we will do in the next lesson.  ]]></Caption>
      </captionObject>
      <captionObject>
         <Time>733.266667</Time>
         <Caption><![CDATA[This is the end of Lesson 4. I&apos;m Mark Dexter <BR>saying so long for now.<BR>]]></Caption>
      </captionObject>
      <captionObject>
         <Time>738.266667</Time>
         <Caption><![CDATA[(Closing music ...)<BR><BR>]]></Caption>
      </captionObject>
   </array>
</CaptionXML>
</Caption_Array_Object>
</CaptionPlayerXML_Array>
<CaptionFontHeight>23</CaptionFontHeight>
<MaxCaptionsCharsPerLine>50</MaxCaptionsCharsPerLine>
<TimelineCaptionCount>79</TimelineCaptionCount>
<CaptionHeight>0</CaptionHeight>
<CloseCaptions_Array>
<captionObject>
<Time>0.000000</Time>
<Caption><![CDATA[(Opening music ...)<BR><BR>]]></Caption>
</captionObject>
<captionObject>
<Time>8.700000</Time>
<Caption><![CDATA[Hello again. Welcome to Lesson 4 of Eclipse and <BR>Java for Total Beginners.<BR>]]></Caption>
</captionObject>
<captionObject>
<Time>14.600000</Time>
<Caption><![CDATA[In this lesson, we&apos;re going to learn how to do <BR>unit testing. First, a quick explanation. <BR>]]></Caption>
</captionObject>
<captionObject>
<Time>21.400000</Time>
<Caption><![CDATA[In our last lesson, we used the Eclipse scrapbook <BR>to look at a Person object, <BR>]]></Caption>
</captionObject>
<captionObject>
<Time>28.000000</Time>
<Caption><![CDATA[and we were able to see that our methods did what <BR>they were supposed to. <BR>]]></Caption>
</captionObject>
<captionObject>
<Time>30.900000</Time>
<Caption><![CDATA[However, we had to manually look at the results <BR>and check if they were correct or not.<BR>]]></Caption>
</captionObject>
<captionObject>
<Time>36.800000</Time>
<Caption><![CDATA[A unit test is totally automated and tells us if <BR>there is a problem. <BR>]]></Caption>
</captionObject>
<captionObject>
<Time>42.800000</Time>
<Caption><![CDATA[Once our test classes are written, we can test our <BR>whole application just by pressing a button. <BR>]]></Caption>
</captionObject>
<captionObject>
<Time>48.600000</Time>
<Caption><![CDATA[This is especially valuable when we have to make <BR>changes to our code and want to make sure we <BR>haven&apos;t broken anything.]]></Caption>
</captionObject>
<captionObject>
<Time>57.333333</Time>
<Caption><![CDATA[Unit testing is a key element of agile software <BR>development (also known as extreme programming). <BR>]]></Caption>
</captionObject>
<captionObject>
<Time>65.100000</Time>
<Caption><![CDATA[Eclipse integrates the popular JUnit testing <BR>software from JUNIT.ORG and makes it very easy to <BR>test our code.]]></Caption>
</captionObject>
<captionObject>
<Time>74.600000</Time>
<Caption><![CDATA[So let&apos;s get started. The first thing we need to <BR>do is decide where to put our test classes. <BR>]]></Caption>
</captionObject>
<captionObject>
<Time>81.400000</Time>
<Caption><![CDATA[When we are writing a program to deploy to end <BR>users, we may not want to include the unit test <BR>classes in the deployed application. ]]></Caption>
</captionObject>
<captionObject>
<Time>89.100000</Time>
<Caption><![CDATA[So it makes sense to keep the test classes in a <BR>separate folder from the application classes. <BR>]]></Caption>
</captionObject>
<captionObject>
<Time>96.300000</Time>
<Caption><![CDATA[One recommended way to do this is to create a <BR>separate source folder in Eclipse for the test <BR>classes. ]]></Caption>
</captionObject>
<captionObject>
<Time>103.833333</Time>
<Caption><![CDATA[To do this, we just select our project,  select <BR>File / New / Source Folder. We&apos;ll call it test. <BR>]]></Caption>
</captionObject>
<captionObject>
<Time>117.933333</Time>
<Caption><![CDATA[We press Finish, and now we have created a test <BR>folder under our TotalBeginner project. <BR>]]></Caption>
</captionObject>
<captionObject>
<Time>125.466667</Time>
<Caption><![CDATA[We want our test classes to be inside the same <BR>package as the classes being tested.<BR>]]></Caption>
</captionObject>
<captionObject>
<Time>132.700000</Time>
<Caption><![CDATA[If you recall, we created a package called <BR>&quot;org.totalbeginner.tutorial&quot; and then put the <BR>Person class inside that package. ]]></Caption>
</captionObject>
<captionObject>
<Time>141.300000</Time>
<Caption><![CDATA[So we need to create the same package in our test <BR>folder. <BR>]]></Caption>
</captionObject>
<captionObject>
<Time>147.600000</Time>
<Caption><![CDATA[To do that, we select the test folder, we go File <BR>/ New / Package and just type in the name of the <BR>package -- &quot;org.totalbeginner.tutorial&quot;. ]]></Caption>
</captionObject>
<captionObject>
<Time>165.866667</Time>
<Caption><![CDATA[One quick note about the menus. In Eclipse, <BR>usually we can either using the pull-down menus -- <BR>for example, File / New, and so on. ]]></Caption>
</captionObject>
<captionObject>
<Time>178.466667</Time>
<Caption><![CDATA[Or we can use the right-click context menus -- <BR>New, so on. Use whichever you prefer. <BR>]]></Caption>
</captionObject>
<captionObject>
<Time>185.733333</Time>
<Caption><![CDATA[Now we&apos;re ready to create our first JUnit test. <BR>To do this, we select the package we just created, <BR>right-click, select New / JUnit Test Case. ]]></Caption>
</captionObject>
<captionObject>
<Time>205.266667</Time>
<Caption><![CDATA[The name is normally the class being tested <BR>followed by the word &quot;Test&quot; (&quot;PersonTest&quot;).<BR>The class under test is the Person class. ]]></Caption>
</captionObject>
<captionObject>
<Time>222.766667</Time>
<Caption><![CDATA[Now, notice that we are getting a warning message <BR>saying that “Superclass does not exist” and “JUnit <BR>3 is not on the build path of our project”.]]></Caption>
</captionObject>
<captionObject>
<Time>236.633333</Time>
<Caption><![CDATA[The build path is where we tell the Eclipse <BR>compiler where to look for program libraries that <BR>we are using that are not part of standard Java.]]></Caption>
</captionObject>
<captionObject>
<Time>246.466667</Time>
<Caption><![CDATA[Since JUnit is a third-party package, we need to <BR>tell the compiler where to find this external <BR>library. ]]></Caption>
</captionObject>
<captionObject>
<Time>258.400000</Time>
<Caption><![CDATA[We could fix this problem right now just by <BR>clicking the “click here” button, but we&apos;re going <BR>to pretend we didn&apos;t see this and keep going. ]]></Caption>
</captionObject>
<captionObject>
<Time>272.033333</Time>
<Caption><![CDATA[When we press the Next button, see all of the <BR>methods in the Person class. <BR>]]></Caption>
</captionObject>
<captionObject>
<Time>279.866667</Time>
<Caption><![CDATA[We also see the methods Person inherited from the <BR>Object class. <BR>]]></Caption>
</captionObject>
<captionObject>
<Time>285.566667</Time>
<Caption><![CDATA[Remember, the Object class is the superclass of <BR>all Java classes. And the Object class provides <BR>some inherited methods.]]></Caption>
</captionObject>
<captionObject>
<Time>295.600000</Time>
<Caption><![CDATA[We&apos;re going to test the Person constructor and the <BR>setName() and setMaximumBooks() methods. <BR>]]></Caption>
</captionObject>
<captionObject>
<Time>308.900000</Time>
<Caption><![CDATA[As we&apos;ll see, by testing these methods we actually <BR>test the getName() and getMaximumBooks() methods <BR>as well.]]></Caption>
</captionObject>
<captionObject>
<Time>316.766667</Time>
<Caption><![CDATA[Next, we&apos;ll press the Finish button, and Eclipse <BR>has created a test class for us. We&apos;ll maximize <BR>this to see it better.]]></Caption>
</captionObject>
<captionObject>
<Time>330.966667</Time>
<Caption><![CDATA[However, we see that we have a number of compile <BR>errors. These red &quot;x&quot; marks and red underlines <BR>indicate compile errors. ]]></Caption>
</captionObject>
<captionObject>
<Time>344.966667</Time>
<Caption><![CDATA[We can see the compile errors in the source file. <BR>We can also double-click to bring this back to <BR>it&apos;s normal size and highlight the Problems view. ]]></Caption>
</captionObject>
<captionObject>
<Time>358.966667</Time>
<Caption><![CDATA[And we see the compiler errors listed in the <BR>Problems view. <BR>]]></Caption>
</captionObject>
<captionObject>
<Time>362.700000</Time>
<Caption><![CDATA[If we click on the first problem, we see the <BR>message “TestCase cannot be resolved to a type”.<BR> ]]></Caption>
</captionObject>
<captionObject>
<Time>371.566667</Time>
<Caption><![CDATA[This means the compiler cannot find a class called <BR>TestCase. <BR>]]></Caption>
</captionObject>
<captionObject>
<Time>377.266667</Time>
<Caption><![CDATA[If we look at the second error, it indicates that <BR>there is a problem with the import. <BR>]]></Caption>
</captionObject>
<captionObject>
<Time>383.066667</Time>
<Caption><![CDATA[The compiler cannot find the package <BR>junit.framework.TestCase, which is where it get <BR>the class called TestCase. ]]></Caption>
</captionObject>
<captionObject>
<Time>391.066667</Time>
<Caption><![CDATA[So it looks like Eclipse cannot find the JUnit <BR>program libraries, which is what we were warned <BR>about earlier. ]]></Caption>
</captionObject>
<captionObject>
<Time>400.200000</Time>
<Caption><![CDATA[Let&apos;s see if Eclipse can solve the problem for us. <BR>We&apos;ll click on the first error, right-click, and <BR>select Quick fix. ]]></Caption>
</captionObject>
<captionObject>
<Time>417.866667</Time>
<Caption><![CDATA[You can see that we&apos;ve got two suggestions that <BR>Eclipse is making. The first suggestion is to add <BR>JUnit to the build path.]]></Caption>
</captionObject>
<captionObject>
<Time>427.766667</Time>
<Caption><![CDATA[That seems like it fits with the problem we&apos;re <BR>having. So let&apos;s press OK and see what happens. <BR>]]></Caption>
</captionObject>
<captionObject>
<Time>434.666667</Time>
<Caption><![CDATA[All of our problems disappear! We have no problems <BR>in the Problems view, and we have no problems in <BR>our source file.  ]]></Caption>
</captionObject>
<captionObject>
<Time>447.166667</Time>
<Caption><![CDATA[So Quick Fix in Eclipse helps identify common <BR>programming problems, suggests a possible fix, and <BR>then automatically fixes it for you. ]]></Caption>
</captionObject>
<captionObject>
<Time>457.666667</Time>
<Caption><![CDATA[Is that cool or what? We&apos;re going to use Quick Fix <BR>a lot. It&apos;s one of the really great features of <BR>Eclipse. ]]></Caption>
</captionObject>
<captionObject>
<Time>468.566667</Time>
<Caption><![CDATA[Let&apos;s take a quick look at what Eclipse did to fix <BR>our build-path problem. <BR>]]></Caption>
</captionObject>
<captionObject>
<Time>474.366667</Time>
<Caption><![CDATA[We&apos;ll reduce the edit window and take a look at <BR>our project in the Package Explorer.<BR>]]></Caption>
</captionObject>
<captionObject>
<Time>482.900000</Time>
<Caption><![CDATA[We can see that now we have this item called JUnit <BR>3 under our TotalBeginner package. <BR>]]></Caption>
</captionObject>
<captionObject>
<Time>486.300000</Time>
<Caption><![CDATA[If we select TotalBeginner, right-click, select <BR>Build Path / Configure Build path, <BR>]]></Caption>
</captionObject>
<captionObject>
<Time>496.866667</Time>
<Caption><![CDATA[we get a form called Java Build Path, which is <BR>under the project properties. <BR>]]></Caption>
</captionObject>
<captionObject>
<Time>508.966667</Time>
<Caption><![CDATA[If we select the Libraries tab, we see that Quick <BR>Fix added the JUnit 3 library to our project. <BR>]]></Caption>
</captionObject>
<captionObject>
<Time>518.266667</Time>
<Caption><![CDATA[Now, we could have added this library ourselves <BR>manually, by selecting Add Library. But it was <BR>easier to let Eclipse do it for us. ]]></Caption>
</captionObject>
<captionObject>
<Time>528.666667</Time>
<Caption><![CDATA[So let&apos;s cancel this form, go back and maximize <BR>our PersonTest class, and get back to the testing.<BR>Next, let&apos;s look at the PersonTest class. ]]></Caption>
</captionObject>
<captionObject>
<Time>543.866667</Time>
<Caption><![CDATA[The first line we&apos;re just putting in the package <BR>name to put this class in the same package as the <BR>Person class.  ]]></Caption>
</captionObject>
<captionObject>
<Time>550.500000</Time>
<Caption><![CDATA[The next line is the import statement. We&apos;re <BR>importing the TestCase class from the <BR>junit.framework package. ]]></Caption>
</captionObject>
<captionObject>
<Time>559.066667</Time>
<Caption><![CDATA[We talked about imports in the previous lesson. <BR>Here we&apos;re importing this package so we can use <BR>TestCase without having to put in the full name. ]]></Caption>
</captionObject>
<captionObject>
<Time>571.866667</Time>
<Caption><![CDATA[The third line is &quot;public class PersonTest extends <BR>TestCase&quot;. <BR>]]></Caption>
</captionObject>
<captionObject>
<Time>579.300000</Time>
<Caption><![CDATA[What we&apos;re saying is that we want PersonTest, <BR>which is our class, <BR>]]></Caption>
</captionObject>
<captionObject>
<Time>584.566667</Time>
<Caption><![CDATA[to be a subclass of the TestCase class, which <BR>we&apos;re getting from the JUnit package. <BR>]]></Caption>
</captionObject>
<captionObject>
<Time>593.100000</Time>
<Caption><![CDATA[So Person class is going to have all of the <BR>methods that it inherits from the TestCase class.<BR>]]></Caption>
</captionObject>
<captionObject>
<Time>600.666667</Time>
<Caption><![CDATA[We&apos;ll start using one of these methods in a <BR>minute. <BR>]]></Caption>
</captionObject>
<captionObject>
<Time>604.633333</Time>
<Caption><![CDATA[Now Eclipse has created three methods for us, <BR>according to the boxes we checked when we created <BR>this JUnit test case. ]]></Caption>
</captionObject>
<captionObject>
<Time>617.166667</Time>
<Caption><![CDATA[It&apos;s created a testPerson(), which tests the <BR>constructor. <BR>]]></Caption>
</captionObject>
<captionObject>
<Time>620.000000</Time>
<Caption><![CDATA[It&apos;s created a testSetName() and <BR>testSetMaximumBooks(), which we&apos;ll use to test the <BR>getters and setters. ]]></Caption>
</captionObject>
<captionObject>
<Time>627.666667</Time>
<Caption><![CDATA[Right now, these methods all have a &quot;fail(&quot;Not yet <BR>implemented&quot;) command in them, so we have some <BR>work to do. ]]></Caption>
</captionObject>
<captionObject>
<Time>638.166667</Time>
<Caption><![CDATA[To get started, let&apos;s run the test and see what <BR>happens. To do this, I&apos;m going to select the Run <BR>menu, select Run As / JUnit Test. ]]></Caption>
</captionObject>
<captionObject>
<Time>658.600000</Time>
<Caption><![CDATA[It asks me do I want to save my source file, <BR>because I&apos;ve made changes since saving. <BR>]]></Caption>
</captionObject>
<captionObject>
<Time>664.666667</Time>
<Caption><![CDATA[I&apos;m going to say yes, and I&apos;m also going to check <BR>this box to always save resources when I run a new <BR>test.]]></Caption>
</captionObject>
<captionObject>
<Time>672.666667</Time>
<Caption><![CDATA[So I press OK, and Eclipse is running my test. And <BR>here it is. The test results are displayed in the <BR>JUnit view on the left. ]]></Caption>
</captionObject>
<captionObject>
<Time>688.800000</Time>
<Caption><![CDATA[And you can see that it ran 3 and I have 3 <BR>failures. It&apos;s not surprising since we told it to <BR>fail.]]></Caption>
</captionObject>
<captionObject>
<Time>699.866667</Time>
<Caption><![CDATA[I can go down here, and I can see why each test <BR>failed. And the reason given is &quot;Not yet <BR>implemented&quot;. ]]></Caption>
</captionObject>
<captionObject>
<Time>714.066667</Time>
<Caption><![CDATA[If we look at the PersonTest class, we see that <BR>Eclipse created each test with this same message: <BR>&quot;fail(&quot;Not yet implemented&quot;);&quot;. ]]></Caption>
</captionObject>
<captionObject>
<Time>724.466667</Time>
<Caption><![CDATA[At this point, we are ready to modify the test <BR>methods to actually test the Person class, and <BR>that&apos;s what we will do in the next lesson.  ]]></Caption>
</captionObject>
<captionObject>
<Time>733.266667</Time>
<Caption><![CDATA[This is the end of Lesson 4. I&apos;m Mark Dexter <BR>saying so long for now.<BR>]]></Caption>
</captionObject>
<captionObject>
<Time>738.266667</Time>
<Caption><![CDATA[(Closing music ...)<BR><BR>]]></Caption>
</captionObject>
</CloseCaptions_Array>
<NumMetaDataTypes>286</NumMetaDataTypes>
<MetaData_Array>
<MetaData_Object>
<MetaDataType>Date</MetaDataType>
<MetaDataValue>Monday, June 18, 2007</MetaDataValue>
<MetaDataEmbedName>DC.date</MetaDataEmbedName>
</MetaData_Object>
<MetaData_Object>
<MetaDataType>Language</MetaDataType>
<MetaDataValue>ENU</MetaDataValue>
<MetaDataEmbedName>DC.language</MetaDataEmbedName>
</MetaData_Object>
<MetaData_Object>
<MetaDataType>Title</MetaDataType>
<MetaDataValue>lesson04</MetaDataValue>
<MetaDataEmbedName>DC.title</MetaDataEmbedName>
</MetaData_Object>
</MetaData_Array>
<NumFileTypesUsedByProduction>4</NumFileTypesUsedByProduction>
<FileTypesUsed_Array>
<FileTypeUsed_Object>
<FileTypeName>Video</FileTypeName>
</FileTypeUsed_Object>
<FileTypeUsed_Object>
<FileTypeName>HTMLFile</FileTypeName>
</FileTypeUsed_Object>
<FileTypeUsed_Object>
<FileTypeName>EmbededPlayerJS</FileTypeName>
</FileTypeUsed_Object>
<FileTypeUsed_Object>
<FileTypeName>ProductionInfoXML</FileTypeName>
</FileTypeUsed_Object>
</FileTypesUsed_Array>
<NumFilesTotal>4</NumFilesTotal>
<ProducedFiles_Array>
<ProducedFile_Object>
<FileName>C:\Documents and Settings\Mark\My Documents\Camtasia Studio\Total Beginners\output-200711\lesson04\lesson04.swf</FileName>
<FileSize>18251404</FileSize>
<FileType>Video</FileType>
<WhichFilesOfCurType>0</WhichFilesOfCurType>
<TotalFilesOfCurType>1</TotalFilesOfCurType>
</ProducedFile_Object>
<ProducedFile_Object>
<FileName>C:\Documents and Settings\Mark\My Documents\Camtasia Studio\Total Beginners\output-200711\lesson04\lesson04.html</FileName>
<FileSize>3082</FileSize>
<FileType>HTMLFile</FileType>
<WhichFilesOfCurType>0</WhichFilesOfCurType>
<TotalFilesOfCurType>1</TotalFilesOfCurType>
</ProducedFile_Object>
<ProducedFile_Object>
<FileName>C:\Documents and Settings\Mark\My Documents\Camtasia Studio\Total Beginners\output-200711\lesson04\swfobject.js</FileName>
<FileSize>6880</FileSize>
<FileType>EmbededPlayerJS</FileType>
<WhichFilesOfCurType>0</WhichFilesOfCurType>
<TotalFilesOfCurType>1</TotalFilesOfCurType>
</ProducedFile_Object>
<ProducedFile_Object>
<FileName>C:\Documents and Settings\Mark\My Documents\Camtasia Studio\Total Beginners\output-200711\lesson04\ProductionInfo.xml</FileName>
<FileSize>53685</FileSize>
<FileType>ProductionInfoXML</FileType>
<WhichFilesOfCurType>0</WhichFilesOfCurType>
<TotalFilesOfCurType>1</TotalFilesOfCurType>
</ProducedFile_Object>
</ProducedFiles_Array>
<OutputBasePath>C:\Documents and Settings\Mark\My Documents\Camtasia Studio\Total Beginners\output-200711\lesson04\</OutputBasePath>
<ProductionFormat>SWF</ProductionFormat>
<NumVideoSegments>1</NumVideoSegments>
<NumHTMLFiles>1</NumHTMLFiles>
<TotalProductionSize>18315051</TotalProductionSize>
<m_cf_rtRenderRangeStart>-1</m_cf_rtRenderRangeStart>
<m_cf_rtRenderRangeStop>-1</m_cf_rtRenderRangeStop>
<m_cf_strTempDir>C:\DOCUME~1\Mark\LOCALS~1\Temp\</m_cf_strTempDir>
<m_cf_bWritePIPFile>0</m_cf_bWritePIPFile>
<m_cf_bDisablePIPVideo>1</m_cf_bDisablePIPVideo>
<m_cf_bWriteIndex>1</m_cf_bWriteIndex>
<m_cf_bWriteMultipleFiles>0</m_cf_bWriteMultipleFiles>
<m_cf_strHTMLTemplateName>Template.htm</m_cf_strHTMLTemplateName>
<m_cf_HTMLAlignment>1</m_cf_HTMLAlignment>
<m_cf_bSCORMOutput>0</m_cf_bSCORMOutput>
<m_cf_bController>1</m_cf_bController>
<m_cf_bAutoPlay>1</m_cf_bAutoPlay>
<m_cf_bNumberIndexMarkers>0</m_cf_bNumberIndexMarkers>
<m_cf_bShortenIndexNames>1</m_cf_bShortenIndexNames>
<m_cf_nShortenedIndexLength>17</m_cf_nShortenedIndexLength>
<m_cf_bQuizShowFeedback>1</m_cf_bQuizShowFeedback>
<m_cf_bEMailQuizResults>0</m_cf_bEMailQuizResults>
<m_cf_bEMailIncludeScore>0</m_cf_bEMailIncludeScore>
<m_cf_bJavaScriptQuizResults>0</m_cf_bJavaScriptQuizResults>
<m_cf_bHTMLOutput>1</m_cf_bHTMLOutput>
<m_cf_SCORMVersion>0</m_cf_SCORMVersion>
<m_cf_strManifestID>ID-E2AEF1E0-DFEF-457B-83E6-12B930AD577F</m_cf_strManifestID>
<m_cf_strManifestTitle></m_cf_strManifestTitle>
<m_cf_strDuration>0:12:26.22</m_cf_strDuration>
<m_cf_strSubject></m_cf_strSubject>
<m_cf_strManifestDescription></m_cf_strManifestDescription>
<m_cf_strLanguage>en</m_cf_strLanguage>
<m_cf_SCORMPackage>2</m_cf_SCORMPackage>
<m_cf_strSCOTitle></m_cf_strSCOTitle>
<m_cf_ProductionFormat>8</m_cf_ProductionFormat>
<m_cf_strTitle></m_cf_strTitle>
<m_cf_strAuthor></m_cf_strAuthor>
<m_cf_strCopyright></m_cf_strCopyright>
<m_cf_strDescription></m_cf_strDescription>
<m_cf_MultiFileOutputStyle>0</m_cf_MultiFileOutputStyle>
<m_cf_strVideoCompressor>Techsmith Screen Capture Codec</m_cf_strVideoCompressor>
<m_cf_bAddCaption>0</m_cf_bAddCaption>
<m_cf_bWriteCCInfo>1</m_cf_bWriteCCInfo>
<m_cf_bOverlayCaption>1</m_cf_bOverlayCaption>
<m_cf_strCaptionFontFamily>Microsoft Sans Serif</m_cf_strCaptionFontFamily>
<m_cf_bAddIPODFileToProduction>0</m_cf_bAddIPODFileToProduction>
<m_cf_bAddMP3FileToProduction>0</m_cf_bAddMP3FileToProduction>
<m_cf_bAddPPTFileToProduction>0</m_cf_bAddPPTFileToProduction>
<m_cf_strPPTFileToAddToProduction></m_cf_strPPTFileToAddToProduction>
<m_cf_bAviEncodeAudio>1</m_cf_bAviEncodeAudio>
<m_cf_AVIFrameRate>10</m_cf_AVIFrameRate>
<m_cf_nKeyFrameRate>30</m_cf_nKeyFrameRate>
<m_cf_PIP_nKeyFrameRate>30</m_cf_PIP_nKeyFrameRate>
<m_cf_PIP_AVIFrameRate>0</m_cf_PIP_AVIFrameRate>
<m_cf_SwfPlaybackControls>0</m_cf_SwfPlaybackControls>
<m_cf_strControllerSkinName>glass</m_cf_strControllerSkinName>
<m_cf_nSwfTargetVersion>7</m_cf_nSwfTargetVersion>
<m_cf_bSwfMatchPreloadMovieSize>0</m_cf_bSwfMatchPreloadMovieSize>
<m_cf_bSwfPauseAtStart>1</m_cf_bSwfPauseAtStart>
<m_cf_bSwfPreloadAdvanced>1</m_cf_bSwfPreloadAdvanced>
<m_cf_bSwfSingleSWF>1</m_cf_bSwfSingleSWF>
<m_cf_nSwfMainMovieLoadPercent>10</m_cf_nSwfMainMovieLoadPercent>
<m_cf_nSwfPreloadMinDisplayTime>3</m_cf_nSwfPreloadMinDisplayTime>
<m_cf_clrSwfControlColor>0x00C0C0C0</m_cf_clrSwfControlColor>
<m_cf_bSwfShowAboutBtn>1</m_cf_bSwfShowAboutBtn>
<m_cf_strSwfAboutBoxTxt>Copyright (c) 2007 Mark Dexter. Licensed under the Educational Community License version 1.0.</m_cf_strSwfAboutBoxTxt>
<m_cf_strSwfAboutBoxInfoTxt></m_cf_strSwfAboutBoxInfoTxt>
<m_cf_strSwfAboutTitle>Total Beginners</m_cf_strSwfAboutTitle>
<m_cf_strSwfStartTxt>Eclipse and Java for Total Beginners</m_cf_strSwfStartTxt>
<m_cf_SwfAboutBoxWidth>336</m_cf_SwfAboutBoxWidth>
<m_cf_SwfAboutBoxHeight>270</m_cf_SwfAboutBoxHeight>
<m_cf_bSwfAboutBoxTabSelected>1</m_cf_bSwfAboutBoxTabSelected>
<m_cf_strSwfTimeDisplayFormat>MM:SS</m_cf_strSwfTimeDisplayFormat>
<m_cf_bSwfCCInitiallyVisible>0</m_cf_bSwfCCInitiallyVisible>
<m_cf_bSwfFullScreen>0</m_cf_bSwfFullScreen>
<m_cf_bSwfAllowResizing>1</m_cf_bSwfAllowResizing>
<m_cf_nSwfVolueme>50</m_cf_nSwfVolueme>
<m_cf_bSwfBrandContextMenu>0</m_cf_bSwfBrandContextMenu>
<m_cf_SwfTOCType>1</m_cf_SwfTOCType>
<m_cf_SwfTOCTitle></m_cf_SwfTOCTitle>
<m_cf_bSwfShowMovieDuration>1</m_cf_bSwfShowMovieDuration>
<m_cf_bSwfShowTimeElapsed>1</m_cf_bSwfShowTimeElapsed>
<m_cf_strSwfTimeFont>Arial</m_cf_strSwfTimeFont>
<m_cf_clrSwfTimeFontColor>0x00000000</m_cf_clrSwfTimeFontColor>
<m_cf_SwfEndAction>0</m_cf_SwfEndAction>
<m_cf_strSwfEndActionUrl>http://</m_cf_strSwfEndActionUrl>
<m_cf_nSwfEndActionTarget>0</m_cf_nSwfEndActionTarget>
<m_cf_bPauseAfterJump>1</m_cf_bPauseAfterJump>
<m_cf_rtJumpPoint>0</m_cf_rtJumpPoint>
<m_cf_strSwfStartLogo></m_cf_strSwfStartLogo>
<m_cf_strSwfEndLogo>EndLogo</m_cf_strSwfEndLogo>
<m_cf_strSwfAboutLogo></m_cf_strSwfAboutLogo>
<m_cf_strSwfAboutTitleLogo></m_cf_strSwfAboutTitleLogo>
<m_cf_strSwfTocLogo></m_cf_strSwfTocLogo>
</Production_Data>
