﻿<?xml version="1.0" encoding="UTF-8" ?><Production_Data Version="5.00"><HTMLTemplateFile>Template.htm</HTMLTemplateFile>
<HTMLTemplateBodyFile>expressShow\SSWFTemplate-body.htm</HTMLTemplateBodyFile>
<HTMLTemplateHeaderFile>expressShow\SSWFTemplate-header.htm</HTMLTemplateHeaderFile>
<VideoFilenameWithPath>C:\Documents and Settings\Mark\My Documents\Camtasia Studio\Total Beginners\output-200711\lesson06\lesson06.swf</VideoFilenameWithPath>
<AddIPodFileSize>0 bytes</AddIPodFileSize>
<AddMP3FileSize>0 bytes</AddMP3FileSize>
<AddPPTFileSize>0 bytes</AddPPTFileSize>
<ProjectName>lesson06</ProjectName>
<MediaDir></MediaDir>
<ShouldCreateMediaDir>0</ShouldCreateMediaDir>
<MaxTimelineWidth>800</MaxTimelineWidth>
<MaxTimelineHeight>600</MaxTimelineHeight>
<MaxTimelineFPS>15.00</MaxTimelineFPS>
<MaxVideoWidth>800</MaxVideoWidth>
<MaxVideoHeight>600</MaxVideoHeight>
<MaxVideoFPS>15.00</MaxVideoFPS>
<MaxPIPWidth>0</MaxPIPWidth>
<MaxPIPHeight>0</MaxPIPHeight>
<MaxPIPFPS>0.00</MaxPIPFPS>
<VideoDuration>701.97</VideoDuration>
<PIPVideoDuration>701.93</PIPVideoDuration>
<VideoFPS>30.00</VideoFPS>
<PIPVideoFPS>30.00</PIPVideoFPS>
<VideoWidth>800</VideoWidth>
<VideoHeight>618</VideoHeight>
<ActualVideoWidth>800</ActualVideoWidth>
<ActualVideoHeight>600</ActualVideoHeight>
<PIPVideoWidth>160</PIPVideoWidth>
<PIPVideoHeight>120</PIPVideoHeight>
<TOCWidth>-1</TOCWidth>
<MinTOCWidth>160</MinTOCWidth>
<TOCDividerHeight>18</TOCDividerHeight>
<TimelineHasAudio>1</TimelineHasAudio>
<TimelineDuration>7019666667</TimelineDuration>
<SWFControllerTotalHeight>18</SWFControllerTotalHeight>
<SWFMinWidth>320</SWFMinWidth>
<SWFTOCXPos>0</SWFTOCXPos>
<SWFTOCYPos>0</SWFTOCYPos>
<SWFTOCWidth>160</SWFTOCWidth>
<SWFTOCHeight>600</SWFTOCHeight>
<SWFHasPIPOverlay>0</SWFHasPIPOverlay>
<SWFControllerColor></SWFControllerColor>
<SWFTimeDispFontColor>0x000000</SWFTimeDispFontColor>
<SWFPlaybackConfigFileName>lesson06_config.xml</SWFPlaybackConfigFileName>
<SWFPlaybackControllerFileName>lesson06_controller.swf</SWFPlaybackControllerFileName>
<SWFPreloaderFileName></SWFPreloaderFileName>
<StripWhitespace>0</StripWhitespace>
<WritingImages>0</WritingImages>
<WritePreviewXML>0</WritePreviewXML>
<DisableTOC>0</DisableTOC>
<AutoPlay>0</AutoPlay>
<CancelledProduction>0</CancelledProduction>
<CancelledProdLength>7019000000</CancelledProdLength>
<Hotspot_Array>
<Hotspot_Array_Object>
               <array>
               <hotspot>
               </hotspot>
               <hotspot>
               </hotspot>
               <hotspot>
               </hotspot>
               <hotspot>
               </hotspot>
               <hotspot>
               </hotspot>
               <hotspot>
               </hotspot>
               <hotspot>
               </hotspot>
               <hotspot>
               </hotspot>
               <hotspot>
               </hotspot>
               <hotspot>
               </hotspot>
               <hotspot>
               </hotspot>
               <hotspot>
               </hotspot>
               <hotspot>
               </hotspot>
               <hotspot>
               </hotspot>
               <hotspot>
               </hotspot>
               </array>
</Hotspot_Array_Object>
</Hotspot_Array>
<AdjGlobalRenderRangeStart>-1</AdjGlobalRenderRangeStart>
<AdjGlobalRenderRangeStop>-1</AdjGlobalRenderRangeStop>
<AdjRenderRange_Array>
<AdjRenderRange_Obj>
<AdjRenderRangeStart>0</AdjRenderRangeStart>
<AdjRenderRangeStop>636000000</AdjRenderRangeStop>
</AdjRenderRange_Obj>
<AdjRenderRange_Obj>
<AdjRenderRangeStart>636000000</AdjRenderRangeStart>
<AdjRenderRangeStop>1686333333</AdjRenderRangeStop>
</AdjRenderRange_Obj>
<AdjRenderRange_Obj>
<AdjRenderRangeStart>1686333333</AdjRenderRangeStart>
<AdjRenderRangeStop>2285000000</AdjRenderRangeStop>
</AdjRenderRange_Obj>
<AdjRenderRange_Obj>
<AdjRenderRangeStart>2285000000</AdjRenderRangeStart>
<AdjRenderRangeStop>4240666667</AdjRenderRangeStop>
</AdjRenderRange_Obj>
<AdjRenderRange_Obj>
<AdjRenderRangeStart>4240666667</AdjRenderRangeStart>
<AdjRenderRangeStop>5881000000</AdjRenderRangeStop>
</AdjRenderRange_Obj>
<AdjRenderRange_Obj>
<AdjRenderRangeStart>5881000000</AdjRenderRangeStart>
<AdjRenderRangeStop>7019666667</AdjRenderRangeStop>
</AdjRenderRange_Obj>
</AdjRenderRange_Array>
<AdjMarkerDuration_Array>
<AdjMarkerDuration_Obj>
<AdjMarkerDuration>636000000</AdjMarkerDuration>
</AdjMarkerDuration_Obj>
<AdjMarkerDuration_Obj>
<AdjMarkerDuration>1050333333</AdjMarkerDuration>
</AdjMarkerDuration_Obj>
<AdjMarkerDuration_Obj>
<AdjMarkerDuration>598666667</AdjMarkerDuration>
</AdjMarkerDuration_Obj>
<AdjMarkerDuration_Obj>
<AdjMarkerDuration>1955666667</AdjMarkerDuration>
</AdjMarkerDuration_Obj>
<AdjMarkerDuration_Obj>
<AdjMarkerDuration>1640333333</AdjMarkerDuration>
</AdjMarkerDuration_Obj>
<AdjMarkerDuration_Obj>
<AdjMarkerDuration>1138666667</AdjMarkerDuration>
</AdjMarkerDuration_Obj>
</AdjMarkerDuration_Array>
<AdjMarkerTimes_Array>
<AdjMarkerTime_Obj>
<AdjMarkerTime>0</AdjMarkerTime>
</AdjMarkerTime_Obj>
<AdjMarkerTime_Obj>
<AdjMarkerTime>636000000</AdjMarkerTime>
</AdjMarkerTime_Obj>
<AdjMarkerTime_Obj>
<AdjMarkerTime>1686333333</AdjMarkerTime>
</AdjMarkerTime_Obj>
<AdjMarkerTime_Obj>
<AdjMarkerTime>2285000000</AdjMarkerTime>
</AdjMarkerTime_Obj>
<AdjMarkerTime_Obj>
<AdjMarkerTime>4240666667</AdjMarkerTime>
</AdjMarkerTime_Obj>
<AdjMarkerTime_Obj>
<AdjMarkerTime>5881000000</AdjMarkerTime>
</AdjMarkerTime_Obj>
</AdjMarkerTimes_Array>
<HasQuizQuestions>0</HasQuizQuestions>
<m_strQuizQuestionOfString>Question @ of @</m_strQuizQuestionOfString>
<m_strQuizPrevString>Prev</m_strQuizPrevString>
<m_strQuizSubmitString>Submit</m_strQuizSubmitString>
<m_strQuizNextString>Next</m_strQuizNextString>
<m_strQuizDoneString>Done</m_strQuizDoneString>
<m_strQuizPreviewString>Preview</m_strQuizPreviewString>
<m_strQuizSendString>Send</m_strQuizSendString>
<m_strQuizMainMessageString>You have reached the end of the questions and this video. Your answers are ready to be sent.</m_strQuizMainMessageString>
<m_strQuizEmailContentsString>E-mail Contents</m_strQuizEmailContentsString>
<m_strQuizEmailToString>E-mail to </m_strQuizEmailToString>
<m_strQuizAnswersSentString>Your answers have been sent.</m_strQuizAnswersSentString>
<m_strQuizSummaryString>You have completed @ of @ questions.</m_strQuizSummaryString>
<m_strQuizScoreString>Score = @/@</m_strQuizScoreString>
<m_strQuizSummaryTitleString>Answers Summary</m_strQuizSummaryTitleString>
<Quiz_Array>
</Quiz_Array>
<Markers_Array>
<Marker_Object>
<MarkerName>Introduction</MarkerName>
<MarkerImage></MarkerImage>
<MarkerTime>0</MarkerTime>
<IndentLevel>0</IndentLevel>
<ShouldIgnore>0</ShouldIgnore>
</Marker_Object>
<Marker_Object>
<MarkerName>toString() Method</MarkerName>
<MarkerImage></MarkerImage>
<MarkerTime>636000000</MarkerTime>
<IndentLevel>0</IndentLevel>
<ShouldIgnore>0</ShouldIgnore>
</Marker_Object>
<Marker_Object>
<MarkerName>Override a Method</MarkerName>
<MarkerImage></MarkerImage>
<MarkerTime>1686333333</MarkerTime>
<IndentLevel>0</IndentLevel>
<ShouldIgnore>0</ShouldIgnore>
</Marker_Object>
<Marker_Object>
<MarkerName>testToString() Method</MarkerName>
<MarkerImage></MarkerImage>
<MarkerTime>2285000000</MarkerTime>
<IndentLevel>0</IndentLevel>
<ShouldIgnore>0</ShouldIgnore>
</Marker_Object>
<Marker_Object>
<MarkerName>Write the toString() Method</MarkerName>
<MarkerImage></MarkerImage>
<MarkerTime>4240666667</MarkerTime>
<IndentLevel>0</IndentLevel>
<ShouldIgnore>0</ShouldIgnore>
</Marker_Object>
<Marker_Object>
<MarkerName>Run the Test</MarkerName>
<MarkerImage></MarkerImage>
<MarkerTime>5881000000</MarkerTime>
<IndentLevel>0</IndentLevel>
<ShouldIgnore>0</ShouldIgnore>
</Marker_Object>
</Markers_Array>
<CaptionPlayerXML_Array>
<Caption_Array_Object>
<CaptionXML>   <array>
      <captionObject>
         <Time>0.000000</Time>
         <Caption><![CDATA[(Opening music ...)<BR><BR>]]></Caption>
      </captionObject>
      <captionObject>
         <Time>8.800000</Time>
         <Caption><![CDATA[Hello again. Welcome back to Eclipse and Java for <BR>Total Beginners. <BR>]]></Caption>
      </captionObject>
      <captionObject>
         <Time>13.800000</Time>
         <Caption><![CDATA[In the last two lessons, we created JUnit tests <BR>for our Person class. <BR>]]></Caption>
      </captionObject>
      <captionObject>
         <Time>18.900000</Time>
         <Caption><![CDATA[In this lesson, we&apos;re going to create a toString() <BR>method for our Person class using test-driven <BR>development.]]></Caption>
      </captionObject>
      <captionObject>
         <Time>27.900000</Time>
         <Caption><![CDATA[One important goal of agile software development <BR>is to tightly integrate testing into the software <BR>development process. ]]></Caption>
      </captionObject>
      <captionObject>
         <Time>36.400000</Time>
         <Caption><![CDATA[In test-driven development, the unit tests serve <BR>as the detailed program specifications and are <BR>actually written BEFORE the methods to be tested.]]></Caption>
      </captionObject>
      <captionObject>
         <Time>47.800000</Time>
         <Caption><![CDATA[This may seem very odd at first, but many <BR>developers find that that this offers significant <BR>advantages over the more traditional approach.]]></Caption>
      </captionObject>
      <captionObject>
         <Time>57.400000</Time>
         <Caption><![CDATA[Eclipse, as we&apos;ll see, has some great features to <BR>support test-driven development.<BR>]]></Caption>
      </captionObject>
      <captionObject>
         <Time>63.533333</Time>
         <Caption><![CDATA[Before we start coding, let&apos;s briefly discuss the <BR>toString() method, which is the one we&apos;ll be <BR>writing. ]]></Caption>
      </captionObject>
      <captionObject>
         <Time>71.200000</Time>
         <Caption><![CDATA[This is a method that all Java classes inherit <BR>from the Object class. <BR>]]></Caption>
      </captionObject>
      <captionObject>
         <Time>76.200000</Time>
         <Caption><![CDATA[The toString() method allows us to print out a <BR>string representation of an object. <BR>]]></Caption>
      </captionObject>
      <captionObject>
         <Time>84.100000</Time>
         <Caption><![CDATA[Let&apos;s go to the scrapbook briefly to see what this <BR>method does. We&apos;ll open the Package Explorer. <BR>]]></Caption>
      </captionObject>
      <captionObject>
         <Time>93.100000</Time>
         <Caption><![CDATA[We&apos;ll expand our package, double-click the <BR>scrapbook page to open it, and then we&apos;ll double-<BR>click to give us some room. ]]></Caption>
      </captionObject>
      <captionObject>
         <Time>102.100000</Time>
         <Caption><![CDATA[If your scrapbook doesn&apos;t already have this text <BR>from an earlier lesson, just go ahead and type in <BR>the first two lines as shown here.]]></Caption>
      </captionObject>
      <captionObject>
         <Time>110.600000</Time>
         <Caption><![CDATA[Then, we&apos;ll say &quot;p.toString()&quot;, and we&apos;ll leave <BR>off the semi-colon so we have an expression to <BR>inspect. ]]></Caption>
      </captionObject>
      <captionObject>
         <Time>123.100000</Time>
         <Caption><![CDATA[We&apos;ll press Inspect, and the scrapbook will <BR>execute the code. <BR>]]></Caption>
      </captionObject>
      <captionObject>
         <Time>135.600000</Time>
         <Caption><![CDATA[And we can see that the toString() method right <BR>now is saying &quot;org.totalbeginner.tutorial.Person&quot;, <BR>]]></Caption>
      </captionObject>
      <captionObject>
         <Time>142.100000</Time>
         <Caption><![CDATA[which is the full name of our class, and then it&apos;s <BR>got an at sign (@) followed by a hex number. <BR>]]></Caption>
      </captionObject>
      <captionObject>
         <Time>148.900000</Time>
         <Caption><![CDATA[Now, this method works, but it isn&apos;t as helpful as <BR>it could be. That&apos;s because we&apos;re using the <BR>toString() method from the Object class, ]]></Caption>
      </captionObject>
      <captionObject>
         <Time>158.800000</Time>
         <Caption><![CDATA[and the Object class has no way of knowing <BR>anything about our Person class. So it&apos;s doing the  <BR>best it can, but it&apos;s not as helpful as we&apos;d like. ]]></Caption>
      </captionObject>
      <captionObject>
         <Time>168.600000</Time>
         <Caption><![CDATA[Whenever we create a new class, we normally want <BR>to change the toString() method to better <BR>represent objects of our specific class. ]]></Caption>
      </captionObject>
      <captionObject>
         <Time>178.800000</Time>
         <Caption><![CDATA[This is an example of overriding a method. When we <BR>change a method we&apos;ve inherited from a superclass, <BR>that&apos;s called overriding.  ]]></Caption>
      </captionObject>
      <captionObject>
         <Time>186.700000</Time>
         <Caption><![CDATA[So we will replace the method toString() from the <BR>superclass with a method that we write for our <BR>class.]]></Caption>
      </captionObject>
      <captionObject>
         <Time>195.100000</Time>
         <Caption><![CDATA[At this point, we could go right to the Person <BR>class and start writing code, <BR>]]></Caption>
      </captionObject>
      <captionObject>
         <Time>200.500000</Time>
         <Caption><![CDATA[but instead we&apos;re going to think about what we <BR>want our toString() method to do. <BR>]]></Caption>
      </captionObject>
      <captionObject>
         <Time>205.600000</Time>
         <Caption><![CDATA[Then we&apos;ll write a test case that will tell us if <BR>the method is working correctly. <BR>]]></Caption>
      </captionObject>
      <captionObject>
         <Time>210.400000</Time>
         <Caption><![CDATA[Only after we have the test case done will we <BR>write the toString() method in the Person class. <BR>That&apos;s test-driven development!]]></Caption>
      </captionObject>
      <captionObject>
         <Time>219.800000</Time>
         <Caption><![CDATA[We&apos;re done with the scrapbook, so we&apos;ll press the <BR>&quot;Stop the Evaluation&quot; button. And then we&apos;ll get <BR>started writing our test case. ]]></Caption>
      </captionObject>
      <captionObject>
         <Time>228.500000</Time>
         <Caption><![CDATA[We&apos;ll go to our PersonTest class and add a new <BR>method called testToString(). We can add the <BR>method anywhere in the file. ]]></Caption>
      </captionObject>
      <captionObject>
         <Time>239.000000</Time>
         <Caption><![CDATA[I&apos;m going to add it at the end. Of course we need <BR>to make sure we add it above the closing curly <BR>brace. ]]></Caption>
      </captionObject>
      <captionObject>
         <Time>244.500000</Time>
         <Caption><![CDATA[So I&apos;m going to add the method and use Code <BR>Assist. It returns void. The name is <BR>&quot;testToString&quot;.]]></Caption>
      </captionObject>
      <captionObject>
         <Time>255.300000</Time>
         <Caption><![CDATA[To get started, we&apos;ll create a new Person object. <BR>And let&apos;s set the name and maximumBooks, just so <BR>we know for sure what these values are.   ]]></Caption>
      </captionObject>
      <captionObject>
         <Time>274.200000</Time>
         <Caption><![CDATA[So we&apos;ll set the name to &quot;Fred Flintstone&quot; and set <BR>the maximumBooks to 7. Now what do want the <BR>toString() method to do?]]></Caption>
      </captionObject>
      <captionObject>
         <Time>298.100000</Time>
         <Caption><![CDATA[For this example, let&apos;s have it print the person&apos;s <BR>name and then print the number of books in <BR>parentheses. ]]></Caption>
      </captionObject>
      <captionObject>
         <Time>306.400000</Time>
         <Caption><![CDATA[We&apos;ll create a string variable to hold the desired <BR>output. So we&apos;ll type:<BR>String testString = “Fred Flintstone (7 books)”;]]></Caption>
      </captionObject>
      <captionObject>
         <Time>327.000000</Time>
         <Caption><![CDATA[Now we&apos;ll use the assertEquals() method to make <BR>sure that testString equals &quot;p4.toString()&quot;. <BR>]]></Caption>
      </captionObject>
      <captionObject>
         <Time>345.000000</Time>
         <Caption><![CDATA[Let&apos;s look at this for a moment. Not only do we <BR>have a test method. <BR>]]></Caption>
      </captionObject>
      <captionObject>
         <Time>350.800000</Time>
         <Caption><![CDATA[We also have a detailed specification for what our <BR>toString() method needs to do. <BR>]]></Caption>
      </captionObject>
      <captionObject>
         <Time>357.900000</Time>
         <Caption><![CDATA[Another programmer could look at this code and <BR>very easily see <BR>]]></Caption>
      </captionObject>
      <captionObject>
         <Time>364.200000</Time>
         <Caption><![CDATA[that the toString() method needs to print the name <BR>followed by the number of books in parentheses. <BR>]]></Caption>
      </captionObject>
      <captionObject>
         <Time>371.100000</Time>
         <Caption><![CDATA[What&apos;s more, this specification will very likely <BR>remain accurate. <BR>]]></Caption>
      </captionObject>
      <captionObject>
         <Time>376.300000</Time>
         <Caption><![CDATA[If someone changes the toString() method and <BR>forgets to change this test method, the test will <BR>fail the next time the unit test is run.]]></Caption>
      </captionObject>
      <captionObject>
         <Time>385.700000</Time>
         <Caption><![CDATA[This points out a major advantage of test-driven <BR>development: <BR>]]></Caption>
      </captionObject>
      <captionObject>
         <Time>389.800000</Time>
         <Caption><![CDATA[the unit tests document what the method does <BR>without having to maintain separate specifications <BR>that are likely to become out of date.]]></Caption>
      </captionObject>
      <captionObject>
         <Time>399.833333</Time>
         <Caption><![CDATA[Now that we have our test written, let&apos;s run it. <BR>We&apos;ll double-click, go to the JUnit view, and <BR>press Rerun Test. ]]></Caption>
      </captionObject>
      <captionObject>
         <Time>413.433333</Time>
         <Caption><![CDATA[Not surprisingly, the testToString fails. So at <BR>this point, we know exactly what we need to do. <BR>Let&apos;s open the Person class. ]]></Caption>
      </captionObject>
      <captionObject>
         <Time>428.100000</Time>
         <Caption><![CDATA[If it&apos;s not already open, we can go to the Package <BR>Explorer, open the &quot;src&quot; folder, and double-click <BR>on the Person class.]]></Caption>
      </captionObject>
      <captionObject>
         <Time>437.000000</Time>
         <Caption><![CDATA[We&apos;ll double-click to maximize it, and now we can <BR>get to work. <BR>]]></Caption>
      </captionObject>
      <captionObject>
         <Time>442.800000</Time>
         <Caption><![CDATA[We can put the class methods in any order we want <BR>in the class. We&apos;ll add the toString method to the <BR>end of the Person class, ]]></Caption>
      </captionObject>
      <captionObject>
         <Time>453.200000</Time>
         <Caption><![CDATA[taking care to place it after the previous <BR>method&apos;s closing curly brace and before the <BR>closing curly brace for the class. ]]></Caption>
      </captionObject>
      <captionObject>
         <Time>462.000000</Time>
         <Caption><![CDATA[So now we&apos;ll create the toString() method. We&apos;ll <BR>use the Code Assist. The return type is &quot;String&quot;. <BR>The name is &quot;toString&quot;. ]]></Caption>
      </captionObject>
      <captionObject>
         <Time>475.000000</Time>
         <Caption><![CDATA[We press Tab twice to get to the method body. <BR><BR>]]></Caption>
      </captionObject>
      <captionObject>
         <Time>479.100000</Time>
         <Caption><![CDATA[Now we&apos;ll type:<BR>return this.getName() + “(“ + this.getmaxbooks() +<BR>“books)”;]]></Caption>
      </captionObject>
      <captionObject>
         <Time>508.300000</Time>
         <Caption><![CDATA[<BR>To review, remember that the keyword “this” just <BR>refers to the current object, ]]></Caption>
      </captionObject>
      <captionObject>
         <Time>515.300000</Time>
         <Caption><![CDATA[<BR>so this.getName() just returns the name from the <BR>current Person object. ]]></Caption>
      </captionObject>
      <captionObject>
         <Time>521.200000</Time>
         <Caption><![CDATA[Now, we could have used &quot;this.name&quot; to return the <BR>field value instead of &quot;this.getName()&quot;, using our <BR>&quot;getter&quot; method.]]></Caption>
      </captionObject>
      <captionObject>
         <Time>532.300000</Time>
         <Caption><![CDATA[And the same thing for maximumBooks. We could have <BR>said &quot;this.maximumBooks&quot; instead of <BR>&quot;this.getMaximumBooks()&quot;. ]]></Caption>
      </captionObject>
      <captionObject>
         <Time>541.200000</Time>
         <Caption><![CDATA[We used the get methods instead of the fields to <BR>give ourselves more flexibility in the future. <BR>]]></Caption>
      </captionObject>
      <captionObject>
         <Time>548.000000</Time>
         <Caption><![CDATA[Say, for example, that we decided in the future to <BR>split the name field into two fields: first name <BR>and last name. ]]></Caption>
      </captionObject>
      <captionObject>
         <Time>557.300000</Time>
         <Caption><![CDATA[If all of our public methods use the getName() <BR>method instead of referring to the fields, we <BR>could change the fields behind the scenes.]]></Caption>
      </captionObject>
      <captionObject>
         <Time>565.500000</Time>
         <Caption><![CDATA[And, as long as we keep the getName() method <BR>compatible with our previous version, it won&apos;t <BR>affect any users of this class.]]></Caption>
      </captionObject>
      <captionObject>
         <Time>574.600000</Time>
         <Caption><![CDATA[Now one other note. If we go up here and look at <BR>this little symbol, it&apos;s telling us that we&apos;re <BR>overriding the Object.toString method.]]></Caption>
      </captionObject>
      <captionObject>
         <Time>588.100000</Time>
         <Caption><![CDATA[So, let&apos;s give it a try. We&apos;ll double-click to get <BR>back to the JUnit view and re-run the test. It <BR>still fails. ]]></Caption>
      </captionObject>
      <captionObject>
         <Time>604.300000</Time>
         <Caption><![CDATA[Let&apos;s take a look and see what&apos;s the matter. We&apos;ll <BR>click on &quot;Compare Actual With Expected&quot;. <BR>]]></Caption>
      </captionObject>
      <captionObject>
         <Time>612.000000</Time>
         <Caption><![CDATA[It looks like we forgot two spaces. There are <BR>supposed to be spaces before the open parantheses <BR>and just after the &quot;7&quot;. We forgot to put those in.]]></Caption>
      </captionObject>
      <captionObject>
         <Time>624.700000</Time>
         <Caption><![CDATA[So, we will click OK and go back to the Person <BR>class. We will add a space before the parenthesis <BR>and a space before the word &quot;books&quot;. ]]></Caption>
      </captionObject>
      <captionObject>
         <Time>641.800000</Time>
         <Caption><![CDATA[We&apos;ll try it again ... <BR>]]></Caption>
      </captionObject>
      <captionObject>
         <Time>646.800000</Time>
         <Caption><![CDATA[... and this time is succeeds. So the method is <BR>now correct.<BR>]]></Caption>
      </captionObject>
      <captionObject>
         <Time>653.700000</Time>
         <Caption><![CDATA[In this lesson, we&apos;ve tried out using test-driven <BR>development in Eclipse. <BR>]]></Caption>
      </captionObject>
      <captionObject>
         <Time>660.500000</Time>
         <Caption><![CDATA[By writing the test first, we had to decide <BR>exactly what our toString() method should do <BR>BEFORE we started coding it. ]]></Caption>
      </captionObject>
      <captionObject>
         <Time>667.200000</Time>
         <Caption><![CDATA[The testToString() method serves as a precise <BR>specification for the toString() method as well as <BR>a test. ]]></Caption>
      </captionObject>
      <captionObject>
         <Time>675.200000</Time>
         <Caption><![CDATA[Finally, we knew that the toString() method was <BR>finished when it passed the test.<BR>]]></Caption>
      </captionObject>
      <captionObject>
         <Time>680.600000</Time>
         <Caption><![CDATA[In the next lesson, we&apos;ll continue work on our <BR>lending library example by writing our Book class. <BR>And we&apos;ll continue using the test-first approach.]]></Caption>
      </captionObject>
      <captionObject>
         <Time>690.000000</Time>
         <Caption><![CDATA[This is the end of Lesson 6. I&apos;m Mark Dexter <BR>saying so long for now.<BR>]]></Caption>
      </captionObject>
      <captionObject>
         <Time>695.000000</Time>
         <Caption><![CDATA[(Closing music ...)<BR><BR>]]></Caption>
      </captionObject>
   </array>
</CaptionXML>
</Caption_Array_Object>
</CaptionPlayerXML_Array>
<CaptionFontHeight>23</CaptionFontHeight>
<MaxCaptionsCharsPerLine>50</MaxCaptionsCharsPerLine>
<TimelineCaptionCount>75</TimelineCaptionCount>
<CaptionHeight>0</CaptionHeight>
<CloseCaptions_Array>
<captionObject>
<Time>0.000000</Time>
<Caption><![CDATA[(Opening music ...)<BR><BR>]]></Caption>
</captionObject>
<captionObject>
<Time>8.800000</Time>
<Caption><![CDATA[Hello again. Welcome back to Eclipse and Java for <BR>Total Beginners. <BR>]]></Caption>
</captionObject>
<captionObject>
<Time>13.800000</Time>
<Caption><![CDATA[In the last two lessons, we created JUnit tests <BR>for our Person class. <BR>]]></Caption>
</captionObject>
<captionObject>
<Time>18.900000</Time>
<Caption><![CDATA[In this lesson, we&apos;re going to create a toString() <BR>method for our Person class using test-driven <BR>development.]]></Caption>
</captionObject>
<captionObject>
<Time>27.900000</Time>
<Caption><![CDATA[One important goal of agile software development <BR>is to tightly integrate testing into the software <BR>development process. ]]></Caption>
</captionObject>
<captionObject>
<Time>36.400000</Time>
<Caption><![CDATA[In test-driven development, the unit tests serve <BR>as the detailed program specifications and are <BR>actually written BEFORE the methods to be tested.]]></Caption>
</captionObject>
<captionObject>
<Time>47.800000</Time>
<Caption><![CDATA[This may seem very odd at first, but many <BR>developers find that that this offers significant <BR>advantages over the more traditional approach.]]></Caption>
</captionObject>
<captionObject>
<Time>57.400000</Time>
<Caption><![CDATA[Eclipse, as we&apos;ll see, has some great features to <BR>support test-driven development.<BR>]]></Caption>
</captionObject>
<captionObject>
<Time>63.533333</Time>
<Caption><![CDATA[Before we start coding, let&apos;s briefly discuss the <BR>toString() method, which is the one we&apos;ll be <BR>writing. ]]></Caption>
</captionObject>
<captionObject>
<Time>71.200000</Time>
<Caption><![CDATA[This is a method that all Java classes inherit <BR>from the Object class. <BR>]]></Caption>
</captionObject>
<captionObject>
<Time>76.200000</Time>
<Caption><![CDATA[The toString() method allows us to print out a <BR>string representation of an object. <BR>]]></Caption>
</captionObject>
<captionObject>
<Time>84.100000</Time>
<Caption><![CDATA[Let&apos;s go to the scrapbook briefly to see what this <BR>method does. We&apos;ll open the Package Explorer. <BR>]]></Caption>
</captionObject>
<captionObject>
<Time>93.100000</Time>
<Caption><![CDATA[We&apos;ll expand our package, double-click the <BR>scrapbook page to open it, and then we&apos;ll double-<BR>click to give us some room. ]]></Caption>
</captionObject>
<captionObject>
<Time>102.100000</Time>
<Caption><![CDATA[If your scrapbook doesn&apos;t already have this text <BR>from an earlier lesson, just go ahead and type in <BR>the first two lines as shown here.]]></Caption>
</captionObject>
<captionObject>
<Time>110.600000</Time>
<Caption><![CDATA[Then, we&apos;ll say &quot;p.toString()&quot;, and we&apos;ll leave <BR>off the semi-colon so we have an expression to <BR>inspect. ]]></Caption>
</captionObject>
<captionObject>
<Time>123.100000</Time>
<Caption><![CDATA[We&apos;ll press Inspect, and the scrapbook will <BR>execute the code. <BR>]]></Caption>
</captionObject>
<captionObject>
<Time>135.600000</Time>
<Caption><![CDATA[And we can see that the toString() method right <BR>now is saying &quot;org.totalbeginner.tutorial.Person&quot;, <BR>]]></Caption>
</captionObject>
<captionObject>
<Time>142.100000</Time>
<Caption><![CDATA[which is the full name of our class, and then it&apos;s <BR>got an at sign (@) followed by a hex number. <BR>]]></Caption>
</captionObject>
<captionObject>
<Time>148.900000</Time>
<Caption><![CDATA[Now, this method works, but it isn&apos;t as helpful as <BR>it could be. That&apos;s because we&apos;re using the <BR>toString() method from the Object class, ]]></Caption>
</captionObject>
<captionObject>
<Time>158.800000</Time>
<Caption><![CDATA[and the Object class has no way of knowing <BR>anything about our Person class. So it&apos;s doing the  <BR>best it can, but it&apos;s not as helpful as we&apos;d like. ]]></Caption>
</captionObject>
<captionObject>
<Time>168.600000</Time>
<Caption><![CDATA[Whenever we create a new class, we normally want <BR>to change the toString() method to better <BR>represent objects of our specific class. ]]></Caption>
</captionObject>
<captionObject>
<Time>178.800000</Time>
<Caption><![CDATA[This is an example of overriding a method. When we <BR>change a method we&apos;ve inherited from a superclass, <BR>that&apos;s called overriding.  ]]></Caption>
</captionObject>
<captionObject>
<Time>186.700000</Time>
<Caption><![CDATA[So we will replace the method toString() from the <BR>superclass with a method that we write for our <BR>class.]]></Caption>
</captionObject>
<captionObject>
<Time>195.100000</Time>
<Caption><![CDATA[At this point, we could go right to the Person <BR>class and start writing code, <BR>]]></Caption>
</captionObject>
<captionObject>
<Time>200.500000</Time>
<Caption><![CDATA[but instead we&apos;re going to think about what we <BR>want our toString() method to do. <BR>]]></Caption>
</captionObject>
<captionObject>
<Time>205.600000</Time>
<Caption><![CDATA[Then we&apos;ll write a test case that will tell us if <BR>the method is working correctly. <BR>]]></Caption>
</captionObject>
<captionObject>
<Time>210.400000</Time>
<Caption><![CDATA[Only after we have the test case done will we <BR>write the toString() method in the Person class. <BR>That&apos;s test-driven development!]]></Caption>
</captionObject>
<captionObject>
<Time>219.800000</Time>
<Caption><![CDATA[We&apos;re done with the scrapbook, so we&apos;ll press the <BR>&quot;Stop the Evaluation&quot; button. And then we&apos;ll get <BR>started writing our test case. ]]></Caption>
</captionObject>
<captionObject>
<Time>228.500000</Time>
<Caption><![CDATA[We&apos;ll go to our PersonTest class and add a new <BR>method called testToString(). We can add the <BR>method anywhere in the file. ]]></Caption>
</captionObject>
<captionObject>
<Time>239.000000</Time>
<Caption><![CDATA[I&apos;m going to add it at the end. Of course we need <BR>to make sure we add it above the closing curly <BR>brace. ]]></Caption>
</captionObject>
<captionObject>
<Time>244.500000</Time>
<Caption><![CDATA[So I&apos;m going to add the method and use Code <BR>Assist. It returns void. The name is <BR>&quot;testToString&quot;.]]></Caption>
</captionObject>
<captionObject>
<Time>255.300000</Time>
<Caption><![CDATA[To get started, we&apos;ll create a new Person object. <BR>And let&apos;s set the name and maximumBooks, just so <BR>we know for sure what these values are.   ]]></Caption>
</captionObject>
<captionObject>
<Time>274.200000</Time>
<Caption><![CDATA[So we&apos;ll set the name to &quot;Fred Flintstone&quot; and set <BR>the maximumBooks to 7. Now what do want the <BR>toString() method to do?]]></Caption>
</captionObject>
<captionObject>
<Time>298.100000</Time>
<Caption><![CDATA[For this example, let&apos;s have it print the person&apos;s <BR>name and then print the number of books in <BR>parentheses. ]]></Caption>
</captionObject>
<captionObject>
<Time>306.400000</Time>
<Caption><![CDATA[We&apos;ll create a string variable to hold the desired <BR>output. So we&apos;ll type:<BR>String testString = “Fred Flintstone (7 books)”;]]></Caption>
</captionObject>
<captionObject>
<Time>327.000000</Time>
<Caption><![CDATA[Now we&apos;ll use the assertEquals() method to make <BR>sure that testString equals &quot;p4.toString()&quot;. <BR>]]></Caption>
</captionObject>
<captionObject>
<Time>345.000000</Time>
<Caption><![CDATA[Let&apos;s look at this for a moment. Not only do we <BR>have a test method. <BR>]]></Caption>
</captionObject>
<captionObject>
<Time>350.800000</Time>
<Caption><![CDATA[We also have a detailed specification for what our <BR>toString() method needs to do. <BR>]]></Caption>
</captionObject>
<captionObject>
<Time>357.900000</Time>
<Caption><![CDATA[Another programmer could look at this code and <BR>very easily see <BR>]]></Caption>
</captionObject>
<captionObject>
<Time>364.200000</Time>
<Caption><![CDATA[that the toString() method needs to print the name <BR>followed by the number of books in parentheses. <BR>]]></Caption>
</captionObject>
<captionObject>
<Time>371.100000</Time>
<Caption><![CDATA[What&apos;s more, this specification will very likely <BR>remain accurate. <BR>]]></Caption>
</captionObject>
<captionObject>
<Time>376.300000</Time>
<Caption><![CDATA[If someone changes the toString() method and <BR>forgets to change this test method, the test will <BR>fail the next time the unit test is run.]]></Caption>
</captionObject>
<captionObject>
<Time>385.700000</Time>
<Caption><![CDATA[This points out a major advantage of test-driven <BR>development: <BR>]]></Caption>
</captionObject>
<captionObject>
<Time>389.800000</Time>
<Caption><![CDATA[the unit tests document what the method does <BR>without having to maintain separate specifications <BR>that are likely to become out of date.]]></Caption>
</captionObject>
<captionObject>
<Time>399.833333</Time>
<Caption><![CDATA[Now that we have our test written, let&apos;s run it. <BR>We&apos;ll double-click, go to the JUnit view, and <BR>press Rerun Test. ]]></Caption>
</captionObject>
<captionObject>
<Time>413.433333</Time>
<Caption><![CDATA[Not surprisingly, the testToString fails. So at <BR>this point, we know exactly what we need to do. <BR>Let&apos;s open the Person class. ]]></Caption>
</captionObject>
<captionObject>
<Time>428.100000</Time>
<Caption><![CDATA[If it&apos;s not already open, we can go to the Package <BR>Explorer, open the &quot;src&quot; folder, and double-click <BR>on the Person class.]]></Caption>
</captionObject>
<captionObject>
<Time>437.000000</Time>
<Caption><![CDATA[We&apos;ll double-click to maximize it, and now we can <BR>get to work. <BR>]]></Caption>
</captionObject>
<captionObject>
<Time>442.800000</Time>
<Caption><![CDATA[We can put the class methods in any order we want <BR>in the class. We&apos;ll add the toString method to the <BR>end of the Person class, ]]></Caption>
</captionObject>
<captionObject>
<Time>453.200000</Time>
<Caption><![CDATA[taking care to place it after the previous <BR>method&apos;s closing curly brace and before the <BR>closing curly brace for the class. ]]></Caption>
</captionObject>
<captionObject>
<Time>462.000000</Time>
<Caption><![CDATA[So now we&apos;ll create the toString() method. We&apos;ll <BR>use the Code Assist. The return type is &quot;String&quot;. <BR>The name is &quot;toString&quot;. ]]></Caption>
</captionObject>
<captionObject>
<Time>475.000000</Time>
<Caption><![CDATA[We press Tab twice to get to the method body. <BR><BR>]]></Caption>
</captionObject>
<captionObject>
<Time>479.100000</Time>
<Caption><![CDATA[Now we&apos;ll type:<BR>return this.getName() + “(“ + this.getmaxbooks() +<BR>“books)”;]]></Caption>
</captionObject>
<captionObject>
<Time>508.300000</Time>
<Caption><![CDATA[<BR>To review, remember that the keyword “this” just <BR>refers to the current object, ]]></Caption>
</captionObject>
<captionObject>
<Time>515.300000</Time>
<Caption><![CDATA[<BR>so this.getName() just returns the name from the <BR>current Person object. ]]></Caption>
</captionObject>
<captionObject>
<Time>521.200000</Time>
<Caption><![CDATA[Now, we could have used &quot;this.name&quot; to return the <BR>field value instead of &quot;this.getName()&quot;, using our <BR>&quot;getter&quot; method.]]></Caption>
</captionObject>
<captionObject>
<Time>532.300000</Time>
<Caption><![CDATA[And the same thing for maximumBooks. We could have <BR>said &quot;this.maximumBooks&quot; instead of <BR>&quot;this.getMaximumBooks()&quot;. ]]></Caption>
</captionObject>
<captionObject>
<Time>541.200000</Time>
<Caption><![CDATA[We used the get methods instead of the fields to <BR>give ourselves more flexibility in the future. <BR>]]></Caption>
</captionObject>
<captionObject>
<Time>548.000000</Time>
<Caption><![CDATA[Say, for example, that we decided in the future to <BR>split the name field into two fields: first name <BR>and last name. ]]></Caption>
</captionObject>
<captionObject>
<Time>557.300000</Time>
<Caption><![CDATA[If all of our public methods use the getName() <BR>method instead of referring to the fields, we <BR>could change the fields behind the scenes.]]></Caption>
</captionObject>
<captionObject>
<Time>565.500000</Time>
<Caption><![CDATA[And, as long as we keep the getName() method <BR>compatible with our previous version, it won&apos;t <BR>affect any users of this class.]]></Caption>
</captionObject>
<captionObject>
<Time>574.600000</Time>
<Caption><![CDATA[Now one other note. If we go up here and look at <BR>this little symbol, it&apos;s telling us that we&apos;re <BR>overriding the Object.toString method.]]></Caption>
</captionObject>
<captionObject>
<Time>588.100000</Time>
<Caption><![CDATA[So, let&apos;s give it a try. We&apos;ll double-click to get <BR>back to the JUnit view and re-run the test. It <BR>still fails. ]]></Caption>
</captionObject>
<captionObject>
<Time>604.300000</Time>
<Caption><![CDATA[Let&apos;s take a look and see what&apos;s the matter. We&apos;ll <BR>click on &quot;Compare Actual With Expected&quot;. <BR>]]></Caption>
</captionObject>
<captionObject>
<Time>612.000000</Time>
<Caption><![CDATA[It looks like we forgot two spaces. There are <BR>supposed to be spaces before the open parantheses <BR>and just after the &quot;7&quot;. We forgot to put those in.]]></Caption>
</captionObject>
<captionObject>
<Time>624.700000</Time>
<Caption><![CDATA[So, we will click OK and go back to the Person <BR>class. We will add a space before the parenthesis <BR>and a space before the word &quot;books&quot;. ]]></Caption>
</captionObject>
<captionObject>
<Time>641.800000</Time>
<Caption><![CDATA[We&apos;ll try it again ... <BR>]]></Caption>
</captionObject>
<captionObject>
<Time>646.800000</Time>
<Caption><![CDATA[... and this time is succeeds. So the method is <BR>now correct.<BR>]]></Caption>
</captionObject>
<captionObject>
<Time>653.700000</Time>
<Caption><![CDATA[In this lesson, we&apos;ve tried out using test-driven <BR>development in Eclipse. <BR>]]></Caption>
</captionObject>
<captionObject>
<Time>660.500000</Time>
<Caption><![CDATA[By writing the test first, we had to decide <BR>exactly what our toString() method should do <BR>BEFORE we started coding it. ]]></Caption>
</captionObject>
<captionObject>
<Time>667.200000</Time>
<Caption><![CDATA[The testToString() method serves as a precise <BR>specification for the toString() method as well as <BR>a test. ]]></Caption>
</captionObject>
<captionObject>
<Time>675.200000</Time>
<Caption><![CDATA[Finally, we knew that the toString() method was <BR>finished when it passed the test.<BR>]]></Caption>
</captionObject>
<captionObject>
<Time>680.600000</Time>
<Caption><![CDATA[In the next lesson, we&apos;ll continue work on our <BR>lending library example by writing our Book class. <BR>And we&apos;ll continue using the test-first approach.]]></Caption>
</captionObject>
<captionObject>
<Time>690.000000</Time>
<Caption><![CDATA[This is the end of Lesson 6. I&apos;m Mark Dexter <BR>saying so long for now.<BR>]]></Caption>
</captionObject>
<captionObject>
<Time>695.000000</Time>
<Caption><![CDATA[(Closing music ...)<BR><BR>]]></Caption>
</captionObject>
</CloseCaptions_Array>
<NumMetaDataTypes>286</NumMetaDataTypes>
<MetaData_Array>
<MetaData_Object>
<MetaDataType>Date</MetaDataType>
<MetaDataValue>Tuesday, June 19, 2007</MetaDataValue>
<MetaDataEmbedName>DC.date</MetaDataEmbedName>
</MetaData_Object>
<MetaData_Object>
<MetaDataType>Language</MetaDataType>
<MetaDataValue>ENU</MetaDataValue>
<MetaDataEmbedName>DC.language</MetaDataEmbedName>
</MetaData_Object>
<MetaData_Object>
<MetaDataType>Title</MetaDataType>
<MetaDataValue>lesson06</MetaDataValue>
<MetaDataEmbedName>DC.title</MetaDataEmbedName>
</MetaData_Object>
</MetaData_Array>
<NumFileTypesUsedByProduction>4</NumFileTypesUsedByProduction>
<FileTypesUsed_Array>
<FileTypeUsed_Object>
<FileTypeName>Video</FileTypeName>
</FileTypeUsed_Object>
<FileTypeUsed_Object>
<FileTypeName>HTMLFile</FileTypeName>
</FileTypeUsed_Object>
<FileTypeUsed_Object>
<FileTypeName>EmbededPlayerJS</FileTypeName>
</FileTypeUsed_Object>
<FileTypeUsed_Object>
<FileTypeName>ProductionInfoXML</FileTypeName>
</FileTypeUsed_Object>
</FileTypesUsed_Array>
<NumFilesTotal>4</NumFilesTotal>
<ProducedFiles_Array>
<ProducedFile_Object>
<FileName>C:\Documents and Settings\Mark\My Documents\Camtasia Studio\Total Beginners\output-200711\lesson06\lesson06.swf</FileName>
<FileSize>16756129</FileSize>
<FileType>Video</FileType>
<WhichFilesOfCurType>0</WhichFilesOfCurType>
<TotalFilesOfCurType>1</TotalFilesOfCurType>
</ProducedFile_Object>
<ProducedFile_Object>
<FileName>C:\Documents and Settings\Mark\My Documents\Camtasia Studio\Total Beginners\output-200711\lesson06\lesson06.html</FileName>
<FileSize>3083</FileSize>
<FileType>HTMLFile</FileType>
<WhichFilesOfCurType>0</WhichFilesOfCurType>
<TotalFilesOfCurType>1</TotalFilesOfCurType>
</ProducedFile_Object>
<ProducedFile_Object>
<FileName>C:\Documents and Settings\Mark\My Documents\Camtasia Studio\Total Beginners\output-200711\lesson06\swfobject.js</FileName>
<FileSize>6880</FileSize>
<FileType>EmbededPlayerJS</FileType>
<WhichFilesOfCurType>0</WhichFilesOfCurType>
<TotalFilesOfCurType>1</TotalFilesOfCurType>
</ProducedFile_Object>
<ProducedFile_Object>
<FileName>C:\Documents and Settings\Mark\My Documents\Camtasia Studio\Total Beginners\output-200711\lesson06\ProductionInfo.xml</FileName>
<FileSize>49134</FileSize>
<FileType>ProductionInfoXML</FileType>
<WhichFilesOfCurType>0</WhichFilesOfCurType>
<TotalFilesOfCurType>1</TotalFilesOfCurType>
</ProducedFile_Object>
</ProducedFiles_Array>
<OutputBasePath>C:\Documents and Settings\Mark\My Documents\Camtasia Studio\Total Beginners\output-200711\lesson06\</OutputBasePath>
<ProductionFormat>SWF</ProductionFormat>
<NumVideoSegments>1</NumVideoSegments>
<NumHTMLFiles>1</NumHTMLFiles>
<TotalProductionSize>16815226</TotalProductionSize>
<m_cf_rtRenderRangeStart>-1</m_cf_rtRenderRangeStart>
<m_cf_rtRenderRangeStop>-1</m_cf_rtRenderRangeStop>
<m_cf_strTempDir>C:\DOCUME~1\Mark\LOCALS~1\Temp\</m_cf_strTempDir>
<m_cf_bWritePIPFile>0</m_cf_bWritePIPFile>
<m_cf_bDisablePIPVideo>1</m_cf_bDisablePIPVideo>
<m_cf_bWriteIndex>1</m_cf_bWriteIndex>
<m_cf_bWriteMultipleFiles>0</m_cf_bWriteMultipleFiles>
<m_cf_strHTMLTemplateName>Template.htm</m_cf_strHTMLTemplateName>
<m_cf_HTMLAlignment>1</m_cf_HTMLAlignment>
<m_cf_bSCORMOutput>0</m_cf_bSCORMOutput>
<m_cf_bController>1</m_cf_bController>
<m_cf_bAutoPlay>1</m_cf_bAutoPlay>
<m_cf_bNumberIndexMarkers>0</m_cf_bNumberIndexMarkers>
<m_cf_bShortenIndexNames>1</m_cf_bShortenIndexNames>
<m_cf_nShortenedIndexLength>17</m_cf_nShortenedIndexLength>
<m_cf_bQuizShowFeedback>1</m_cf_bQuizShowFeedback>
<m_cf_bEMailQuizResults>0</m_cf_bEMailQuizResults>
<m_cf_bEMailIncludeScore>0</m_cf_bEMailIncludeScore>
<m_cf_bJavaScriptQuizResults>0</m_cf_bJavaScriptQuizResults>
<m_cf_bHTMLOutput>1</m_cf_bHTMLOutput>
<m_cf_SCORMVersion>0</m_cf_SCORMVersion>
<m_cf_strManifestID>ID-4B1E3438-E222-43CF-9FD9-57E58E124104</m_cf_strManifestID>
<m_cf_strManifestTitle></m_cf_strManifestTitle>
<m_cf_strDuration>0:11:41.29</m_cf_strDuration>
<m_cf_strSubject></m_cf_strSubject>
<m_cf_strManifestDescription></m_cf_strManifestDescription>
<m_cf_strLanguage>en</m_cf_strLanguage>
<m_cf_SCORMPackage>2</m_cf_SCORMPackage>
<m_cf_strSCOTitle></m_cf_strSCOTitle>
<m_cf_ProductionFormat>8</m_cf_ProductionFormat>
<m_cf_strTitle></m_cf_strTitle>
<m_cf_strAuthor></m_cf_strAuthor>
<m_cf_strCopyright></m_cf_strCopyright>
<m_cf_strDescription></m_cf_strDescription>
<m_cf_MultiFileOutputStyle>0</m_cf_MultiFileOutputStyle>
<m_cf_strVideoCompressor>Techsmith Screen Capture Codec</m_cf_strVideoCompressor>
<m_cf_bAddCaption>0</m_cf_bAddCaption>
<m_cf_bWriteCCInfo>1</m_cf_bWriteCCInfo>
<m_cf_bOverlayCaption>1</m_cf_bOverlayCaption>
<m_cf_strCaptionFontFamily>Microsoft Sans Serif</m_cf_strCaptionFontFamily>
<m_cf_bAddIPODFileToProduction>0</m_cf_bAddIPODFileToProduction>
<m_cf_bAddMP3FileToProduction>0</m_cf_bAddMP3FileToProduction>
<m_cf_bAddPPTFileToProduction>0</m_cf_bAddPPTFileToProduction>
<m_cf_strPPTFileToAddToProduction></m_cf_strPPTFileToAddToProduction>
<m_cf_bAviEncodeAudio>1</m_cf_bAviEncodeAudio>
<m_cf_AVIFrameRate>10</m_cf_AVIFrameRate>
<m_cf_nKeyFrameRate>30</m_cf_nKeyFrameRate>
<m_cf_PIP_nKeyFrameRate>30</m_cf_PIP_nKeyFrameRate>
<m_cf_PIP_AVIFrameRate>0</m_cf_PIP_AVIFrameRate>
<m_cf_SwfPlaybackControls>0</m_cf_SwfPlaybackControls>
<m_cf_strControllerSkinName>glass</m_cf_strControllerSkinName>
<m_cf_nSwfTargetVersion>7</m_cf_nSwfTargetVersion>
<m_cf_bSwfMatchPreloadMovieSize>0</m_cf_bSwfMatchPreloadMovieSize>
<m_cf_bSwfPauseAtStart>1</m_cf_bSwfPauseAtStart>
<m_cf_bSwfPreloadAdvanced>1</m_cf_bSwfPreloadAdvanced>
<m_cf_bSwfSingleSWF>1</m_cf_bSwfSingleSWF>
<m_cf_nSwfMainMovieLoadPercent>10</m_cf_nSwfMainMovieLoadPercent>
<m_cf_nSwfPreloadMinDisplayTime>3</m_cf_nSwfPreloadMinDisplayTime>
<m_cf_clrSwfControlColor>0x00C0C0C0</m_cf_clrSwfControlColor>
<m_cf_bSwfShowAboutBtn>1</m_cf_bSwfShowAboutBtn>
<m_cf_strSwfAboutBoxTxt>Copyright (c) 2007 Mark Dexter. Licensed under the Educational Community License version 1.0.</m_cf_strSwfAboutBoxTxt>
<m_cf_strSwfAboutBoxInfoTxt></m_cf_strSwfAboutBoxInfoTxt>
<m_cf_strSwfAboutTitle>Total Beginners</m_cf_strSwfAboutTitle>
<m_cf_strSwfStartTxt>Eclipse and Java for Total Beginners</m_cf_strSwfStartTxt>
<m_cf_SwfAboutBoxWidth>336</m_cf_SwfAboutBoxWidth>
<m_cf_SwfAboutBoxHeight>270</m_cf_SwfAboutBoxHeight>
<m_cf_bSwfAboutBoxTabSelected>1</m_cf_bSwfAboutBoxTabSelected>
<m_cf_strSwfTimeDisplayFormat>MM:SS</m_cf_strSwfTimeDisplayFormat>
<m_cf_bSwfCCInitiallyVisible>0</m_cf_bSwfCCInitiallyVisible>
<m_cf_bSwfFullScreen>0</m_cf_bSwfFullScreen>
<m_cf_bSwfAllowResizing>1</m_cf_bSwfAllowResizing>
<m_cf_nSwfVolueme>50</m_cf_nSwfVolueme>
<m_cf_bSwfBrandContextMenu>0</m_cf_bSwfBrandContextMenu>
<m_cf_SwfTOCType>1</m_cf_SwfTOCType>
<m_cf_SwfTOCTitle></m_cf_SwfTOCTitle>
<m_cf_bSwfShowMovieDuration>1</m_cf_bSwfShowMovieDuration>
<m_cf_bSwfShowTimeElapsed>1</m_cf_bSwfShowTimeElapsed>
<m_cf_strSwfTimeFont>Arial</m_cf_strSwfTimeFont>
<m_cf_clrSwfTimeFontColor>0x00000000</m_cf_clrSwfTimeFontColor>
<m_cf_SwfEndAction>0</m_cf_SwfEndAction>
<m_cf_strSwfEndActionUrl>http://</m_cf_strSwfEndActionUrl>
<m_cf_nSwfEndActionTarget>0</m_cf_nSwfEndActionTarget>
<m_cf_bPauseAfterJump>1</m_cf_bPauseAfterJump>
<m_cf_rtJumpPoint>0</m_cf_rtJumpPoint>
<m_cf_strSwfStartLogo></m_cf_strSwfStartLogo>
<m_cf_strSwfEndLogo>EndLogo</m_cf_strSwfEndLogo>
<m_cf_strSwfAboutLogo></m_cf_strSwfAboutLogo>
<m_cf_strSwfAboutTitleLogo></m_cf_strSwfAboutTitleLogo>
<m_cf_strSwfTocLogo></m_cf_strSwfTocLogo>
</Production_Data>
