﻿<?xml version="1.0" encoding="UTF-8" ?><Production_Data Version="5.00"><HTMLTemplateFile>Template.htm</HTMLTemplateFile>
<HTMLTemplateBodyFile>expressShow\SSWFTemplate-body.htm</HTMLTemplateBodyFile>
<HTMLTemplateHeaderFile>expressShow\SSWFTemplate-header.htm</HTMLTemplateHeaderFile>
<VideoFilenameWithPath>C:\Documents and Settings\Mark\My Documents\Camtasia Studio\Total Beginners\output-200711\lesson07\lesson07.swf</VideoFilenameWithPath>
<AddIPodFileSize>0 bytes</AddIPodFileSize>
<AddMP3FileSize>0 bytes</AddMP3FileSize>
<AddPPTFileSize>0 bytes</AddPPTFileSize>
<ProjectName>lesson07</ProjectName>
<MediaDir></MediaDir>
<ShouldCreateMediaDir>0</ShouldCreateMediaDir>
<MaxTimelineWidth>800</MaxTimelineWidth>
<MaxTimelineHeight>600</MaxTimelineHeight>
<MaxTimelineFPS>15.00</MaxTimelineFPS>
<MaxVideoWidth>800</MaxVideoWidth>
<MaxVideoHeight>600</MaxVideoHeight>
<MaxVideoFPS>15.00</MaxVideoFPS>
<MaxPIPWidth>0</MaxPIPWidth>
<MaxPIPHeight>0</MaxPIPHeight>
<MaxPIPFPS>0.00</MaxPIPFPS>
<VideoDuration>625.87</VideoDuration>
<PIPVideoDuration>625.67</PIPVideoDuration>
<VideoFPS>30.00</VideoFPS>
<PIPVideoFPS>30.00</PIPVideoFPS>
<VideoWidth>800</VideoWidth>
<VideoHeight>618</VideoHeight>
<ActualVideoWidth>800</ActualVideoWidth>
<ActualVideoHeight>600</ActualVideoHeight>
<PIPVideoWidth>160</PIPVideoWidth>
<PIPVideoHeight>120</PIPVideoHeight>
<TOCWidth>-1</TOCWidth>
<MinTOCWidth>160</MinTOCWidth>
<TOCDividerHeight>18</TOCDividerHeight>
<TimelineHasAudio>1</TimelineHasAudio>
<TimelineDuration>6258666667</TimelineDuration>
<SWFControllerTotalHeight>18</SWFControllerTotalHeight>
<SWFMinWidth>320</SWFMinWidth>
<SWFTOCXPos>0</SWFTOCXPos>
<SWFTOCYPos>0</SWFTOCYPos>
<SWFTOCWidth>160</SWFTOCWidth>
<SWFTOCHeight>600</SWFTOCHeight>
<SWFHasPIPOverlay>0</SWFHasPIPOverlay>
<SWFControllerColor></SWFControllerColor>
<SWFTimeDispFontColor>0x000000</SWFTimeDispFontColor>
<SWFPlaybackConfigFileName>lesson07_config.xml</SWFPlaybackConfigFileName>
<SWFPlaybackControllerFileName>lesson07_controller.swf</SWFPlaybackControllerFileName>
<SWFPreloaderFileName></SWFPreloaderFileName>
<StripWhitespace>0</StripWhitespace>
<WritingImages>0</WritingImages>
<WritePreviewXML>0</WritePreviewXML>
<DisableTOC>0</DisableTOC>
<AutoPlay>0</AutoPlay>
<CancelledProduction>0</CancelledProduction>
<CancelledProdLength>6258000000</CancelledProdLength>
<Hotspot_Array>
<Hotspot_Array_Object>
               <array>
               <hotspot>
               </hotspot>
               <hotspot>
               </hotspot>
               <hotspot>
               </hotspot>
               <hotspot>
               </hotspot>
               <hotspot>
               </hotspot>
               <hotspot>
               </hotspot>
               <hotspot>
               </hotspot>
               <hotspot>
               </hotspot>
               <hotspot>
               </hotspot>
               <hotspot>
               </hotspot>
               <hotspot>
               </hotspot>
               <hotspot>
               </hotspot>
               <hotspot>
               </hotspot>
               </array>
</Hotspot_Array_Object>
</Hotspot_Array>
<AdjGlobalRenderRangeStart>-1</AdjGlobalRenderRangeStart>
<AdjGlobalRenderRangeStop>-1</AdjGlobalRenderRangeStop>
<AdjRenderRange_Array>
<AdjRenderRange_Obj>
<AdjRenderRangeStart>0</AdjRenderRangeStart>
<AdjRenderRangeStop>628666667</AdjRenderRangeStop>
</AdjRenderRange_Obj>
<AdjRenderRange_Obj>
<AdjRenderRangeStart>628666667</AdjRenderRangeStart>
<AdjRenderRangeStop>2733000000</AdjRenderRangeStop>
</AdjRenderRange_Obj>
<AdjRenderRange_Obj>
<AdjRenderRangeStart>2733000000</AdjRenderRangeStart>
<AdjRenderRangeStop>3037333333</AdjRenderRangeStop>
</AdjRenderRange_Obj>
<AdjRenderRange_Obj>
<AdjRenderRangeStart>3037333333</AdjRenderRangeStart>
<AdjRenderRangeStop>4329333333</AdjRenderRangeStop>
</AdjRenderRange_Obj>
<AdjRenderRange_Obj>
<AdjRenderRangeStart>4329333333</AdjRenderRangeStart>
<AdjRenderRangeStop>4528333333</AdjRenderRangeStop>
</AdjRenderRange_Obj>
<AdjRenderRange_Obj>
<AdjRenderRangeStart>4528333333</AdjRenderRangeStart>
<AdjRenderRangeStop>5464666667</AdjRenderRangeStop>
</AdjRenderRange_Obj>
<AdjRenderRange_Obj>
<AdjRenderRangeStart>5464666667</AdjRenderRangeStart>
<AdjRenderRangeStop>6258666667</AdjRenderRangeStop>
</AdjRenderRange_Obj>
</AdjRenderRange_Array>
<AdjMarkerDuration_Array>
<AdjMarkerDuration_Obj>
<AdjMarkerDuration>628666667</AdjMarkerDuration>
</AdjMarkerDuration_Obj>
<AdjMarkerDuration_Obj>
<AdjMarkerDuration>2104333333</AdjMarkerDuration>
</AdjMarkerDuration_Obj>
<AdjMarkerDuration_Obj>
<AdjMarkerDuration>304333333</AdjMarkerDuration>
</AdjMarkerDuration_Obj>
<AdjMarkerDuration_Obj>
<AdjMarkerDuration>1292000000</AdjMarkerDuration>
</AdjMarkerDuration_Obj>
<AdjMarkerDuration_Obj>
<AdjMarkerDuration>199000000</AdjMarkerDuration>
</AdjMarkerDuration_Obj>
<AdjMarkerDuration_Obj>
<AdjMarkerDuration>936333333</AdjMarkerDuration>
</AdjMarkerDuration_Obj>
<AdjMarkerDuration_Obj>
<AdjMarkerDuration>794000000</AdjMarkerDuration>
</AdjMarkerDuration_Obj>
</AdjMarkerDuration_Array>
<AdjMarkerTimes_Array>
<AdjMarkerTime_Obj>
<AdjMarkerTime>0</AdjMarkerTime>
</AdjMarkerTime_Obj>
<AdjMarkerTime_Obj>
<AdjMarkerTime>628666667</AdjMarkerTime>
</AdjMarkerTime_Obj>
<AdjMarkerTime_Obj>
<AdjMarkerTime>2733000000</AdjMarkerTime>
</AdjMarkerTime_Obj>
<AdjMarkerTime_Obj>
<AdjMarkerTime>3037333333</AdjMarkerTime>
</AdjMarkerTime_Obj>
<AdjMarkerTime_Obj>
<AdjMarkerTime>4329333333</AdjMarkerTime>
</AdjMarkerTime_Obj>
<AdjMarkerTime_Obj>
<AdjMarkerTime>4528333333</AdjMarkerTime>
</AdjMarkerTime_Obj>
<AdjMarkerTime_Obj>
<AdjMarkerTime>5464666667</AdjMarkerTime>
</AdjMarkerTime_Obj>
</AdjMarkerTimes_Array>
<HasQuizQuestions>0</HasQuizQuestions>
<m_strQuizQuestionOfString>Question @ of @</m_strQuizQuestionOfString>
<m_strQuizPrevString>Prev</m_strQuizPrevString>
<m_strQuizSubmitString>Submit</m_strQuizSubmitString>
<m_strQuizNextString>Next</m_strQuizNextString>
<m_strQuizDoneString>Done</m_strQuizDoneString>
<m_strQuizPreviewString>Preview</m_strQuizPreviewString>
<m_strQuizSendString>Send</m_strQuizSendString>
<m_strQuizMainMessageString>You have reached the end of the questions and this video. Your answers are ready to be sent.</m_strQuizMainMessageString>
<m_strQuizEmailContentsString>E-mail Contents</m_strQuizEmailContentsString>
<m_strQuizEmailToString>E-mail to </m_strQuizEmailToString>
<m_strQuizAnswersSentString>Your answers have been sent.</m_strQuizAnswersSentString>
<m_strQuizSummaryString>You have completed @ of @ questions.</m_strQuizSummaryString>
<m_strQuizScoreString>Score = @/@</m_strQuizScoreString>
<m_strQuizSummaryTitleString>Answers Summary</m_strQuizSummaryTitleString>
<Quiz_Array>
</Quiz_Array>
<Markers_Array>
<Marker_Object>
<MarkerName>Introduction</MarkerName>
<MarkerImage></MarkerImage>
<MarkerTime>0</MarkerTime>
<IndentLevel>0</IndentLevel>
<ShouldIgnore>0</ShouldIgnore>
</Marker_Object>
<Marker_Object>
<MarkerName>BookTest Class</MarkerName>
<MarkerImage></MarkerImage>
<MarkerTime>628666667</MarkerTime>
<IndentLevel>0</IndentLevel>
<ShouldIgnore>0</ShouldIgnore>
</Marker_Object>
<Marker_Object>
<MarkerName>Menu Options</MarkerName>
<MarkerImage></MarkerImage>
<MarkerTime>2733000000</MarkerTime>
<IndentLevel>0</IndentLevel>
<ShouldIgnore>0</ShouldIgnore>
</Marker_Object>
<Marker_Object>
<MarkerName>Create Book Class with Quick Fix</MarkerName>
<MarkerImage></MarkerImage>
<MarkerTime>3037333333</MarkerTime>
<IndentLevel>0</IndentLevel>
<ShouldIgnore>0</ShouldIgnore>
</Marker_Object>
<Marker_Object>
<MarkerName>Book Constructor</MarkerName>
<MarkerImage></MarkerImage>
<MarkerTime>4329333333</MarkerTime>
<IndentLevel>0</IndentLevel>
<ShouldIgnore>0</ShouldIgnore>
</Marker_Object>
<Marker_Object>
<MarkerName>TODO / Tasks</MarkerName>
<MarkerImage></MarkerImage>
<MarkerTime>4528333333</MarkerTime>
<IndentLevel>0</IndentLevel>
<ShouldIgnore>0</ShouldIgnore>
</Marker_Object>
<Marker_Object>
<MarkerName>Generate Get and Set Methods</MarkerName>
<MarkerImage></MarkerImage>
<MarkerTime>5464666667</MarkerTime>
<IndentLevel>0</IndentLevel>
<ShouldIgnore>0</ShouldIgnore>
</Marker_Object>
</Markers_Array>
<CaptionPlayerXML_Array>
<Caption_Array_Object>
<CaptionXML>   <array>
      <captionObject>
         <Time>0.000000</Time>
         <Caption><![CDATA[(Opening music...)<BR><BR>]]></Caption>
      </captionObject>
      <captionObject>
         <Time>9.400000</Time>
         <Caption><![CDATA[Hello again. Welcome back to Eclipse and Java for <BR>Total Beginners. <BR>]]></Caption>
      </captionObject>
      <captionObject>
         <Time>14.300000</Time>
         <Caption><![CDATA[In this lesson we&apos;ll continue to work on our <BR>library project using test-driven development.<BR>]]></Caption>
      </captionObject>
      <captionObject>
         <Time>20.400000</Time>
         <Caption><![CDATA[Our example program is going to be a personal <BR>lending library where we can keep track of our <BR>books and our friends who have borrowed them.]]></Caption>
      </captionObject>
      <captionObject>
         <Time>29.000000</Time>
         <Caption><![CDATA[This simple application will let us explore more <BR>functionality of Eclipse and Java.<BR>]]></Caption>
      </captionObject>
      <captionObject>
         <Time>36.200000</Time>
         <Caption><![CDATA[By now you should be familiar with the basics of <BR>the Eclipse user interface, so we&apos;ll start off in <BR>the Package Explorer in each lesson. ]]></Caption>
      </captionObject>
      <captionObject>
         <Time>45.500000</Time>
         <Caption><![CDATA[At this point, we have a Person class that we can <BR>use to keep track of people to whom we loan books.<BR>]]></Caption>
      </captionObject>
      <captionObject>
         <Time>51.500000</Time>
         <Caption><![CDATA[Now we need a Book class where we can track all of <BR>the books we own.  <BR>]]></Caption>
      </captionObject>
      <captionObject>
         <Time>55.600000</Time>
         <Caption><![CDATA[We&apos;ll discuss the specifics of the Book class as <BR>we write the BookTest class. So, let&apos;s get <BR>started. ]]></Caption>
      </captionObject>
      <captionObject>
         <Time>62.800000</Time>
         <Caption><![CDATA[This process is going to be a little different <BR>than in the previous lesson. <BR>]]></Caption>
      </captionObject>
      <captionObject>
         <Time>68.200000</Time>
         <Caption><![CDATA[There, we already had our Person class created <BR>before we created the PersonTest class.  <BR>]]></Caption>
      </captionObject>
      <captionObject>
         <Time>74.000000</Time>
         <Caption><![CDATA[In this lesson, we are going to create our <BR>BookTest class BEFORE we create the Book class. <BR>You&apos;ll see how this works as we go along.]]></Caption>
      </captionObject>
      <captionObject>
         <Time>82.300000</Time>
         <Caption><![CDATA[First, we need to create a new JUnit test class <BR>for BookTest. <BR>]]></Caption>
      </captionObject>
      <captionObject>
         <Time>88.000000</Time>
         <Caption><![CDATA[So we&apos;ll expand the test folder, then select our <BR>package, and right-click. Again, we&apos;ll say New / <BR>JUnit Test Case.  ]]></Caption>
      </captionObject>
      <captionObject>
         <Time>106.800000</Time>
         <Caption><![CDATA[The name will be BookTest, but this time we&apos;ll <BR>leave the &quot;Class under test&quot; blank, because it <BR>doesn&apos;t exist yet.]]></Caption>
      </captionObject>
      <captionObject>
         <Time>117.800000</Time>
         <Caption><![CDATA[Press Finish, and, as before, Eclipse has created <BR>an empty BookTest class.<BR>]]></Caption>
      </captionObject>
      <captionObject>
         <Time>127.600000</Time>
         <Caption><![CDATA[Let&apos;s talk for a minute about the Book class. It&apos;s <BR>going to be a very simple class. It will have <BR>fields for title and author. ]]></Caption>
      </captionObject>
      <captionObject>
         <Time>136.000000</Time>
         <Caption><![CDATA[It will also have a person field that will refer <BR>to the Person who has borrowed the Book.<BR>]]></Caption>
      </captionObject>
      <captionObject>
         <Time>142.600000</Time>
         <Caption><![CDATA[Let&apos;s start by writing the testBook method to test <BR>the constructor. We&apos;ll type it in and then examine <BR>it. ]]></Caption>
      </captionObject>
      <captionObject>
         <Time>153.800000</Time>
         <Caption><![CDATA[First, we&apos;ll create the testBook() method, which <BR>is a public void method. <BR>]]></Caption>
      </captionObject>
      <captionObject>
         <Time>165.200000</Time>
         <Caption><![CDATA[In the first line, we&apos;ll create a new Book called <BR>b1, <BR>]]></Caption>
      </captionObject>
      <captionObject>
         <Time>169.800000</Time>
         <Caption><![CDATA[and this time in the constructor we&apos;re going to <BR>specify the title -- in this case &quot;Great <BR>Expectations&quot;.  ]]></Caption>
      </captionObject>
      <captionObject>
         <Time>176.400000</Time>
         <Caption><![CDATA[So we&apos;re doing that right in the constructor. And <BR>we&apos;ll show you that in a minute. <BR>]]></Caption>
      </captionObject>
      <captionObject>
         <Time>180.400000</Time>
         <Caption><![CDATA[Then we&apos;ll do assertEquals() and we&apos;ll check that <BR>the title -- &quot;Great Expectations&quot; -- is equal to <BR>the title field in the book. ]]></Caption>
      </captionObject>
      <captionObject>
         <Time>192.000000</Time>
         <Caption><![CDATA[And then the last line is very similar. We&apos;ll say <BR>assertEquals() and we&apos;ll check that &quot;unknown <BR>author&quot; is equal to the author field of the book.]]></Caption>
      </captionObject>
      <captionObject>
         <Time>206.500000</Time>
         <Caption><![CDATA[Now, there are two things that are a little <BR>different here than in our first constructor. <BR>]]></Caption>
      </captionObject>
      <captionObject>
         <Time>211.000000</Time>
         <Caption><![CDATA[First, we&apos;re setting the title right in the <BR>constructor. So we can create a new book and set <BR>it&apos;s title in one statement.]]></Caption>
      </captionObject>
      <captionObject>
         <Time>222.400000</Time>
         <Caption><![CDATA[Then the second thing that&apos;s a little different is <BR>that, in the assertEquals(), we&apos;re naming the <BR>fields, not a &quot;get&quot; method. ]]></Caption>
      </captionObject>
      <captionObject>
         <Time>230.200000</Time>
         <Caption><![CDATA[We&apos;ll see why in a minute. As we might expect, <BR>this class has some compile errors. Even so, <BR>Eclipse will still let us run the test. ]]></Caption>
      </captionObject>
      <captionObject>
         <Time>247.100000</Time>
         <Caption><![CDATA[Let&apos;s go ahead and try it. We&apos;ll go Run / Run As / <BR>JUnit Test. It gives us a warning: &quot;Errors exist <BR>in required projects&quot;. ]]></Caption>
      </captionObject>
      <captionObject>
         <Time>259.800000</Time>
         <Caption><![CDATA[We&apos;ll say Proceed. Not surprisingly, we get <BR>&quot;Unresolved compilation problems&quot; <BR>]]></Caption>
      </captionObject>
      <captionObject>
         <Time>267.700000</Time>
         <Caption><![CDATA[and &quot;Book cannot be resolved to a type&quot;, which <BR>means there is no Book class. So that&apos;s not too <BR>surprising.]]></Caption>
      </captionObject>
      <captionObject>
         <Time>273.300000</Time>
         <Caption><![CDATA[Notice, by the way, that we have a different way <BR>we can switch between the JUnit window and the <BR>edit window. ]]></Caption>
      </captionObject>
      <captionObject>
         <Time>282.500000</Time>
         <Caption><![CDATA[If I press minimize here, the JUnit window <BR>disappears. If I press the JUnit button here, it <BR>comes back. ]]></Caption>
      </captionObject>
      <captionObject>
         <Time>290.900000</Time>
         <Caption><![CDATA[This is an example of how, in Eclipse, there are <BR>often multiple ways to do the same thing. <BR>]]></Caption>
      </captionObject>
      <captionObject>
         <Time>296.300000</Time>
         <Caption><![CDATA[So we can try different ways to arrange and use <BR>the Eclipse workbench and find the way that we <BR>like the best.]]></Caption>
      </captionObject>
      <captionObject>
         <Time>303.700000</Time>
         <Caption><![CDATA[Now let&apos;s use Quick Fix to help us fix the compile <BR>errors. <BR>]]></Caption>
      </captionObject>
      <captionObject>
         <Time>310.300000</Time>
         <Caption><![CDATA[If we click on the first error, in Book, we see <BR>that it says &quot;Book cannot be resolved to a type&quot;. <BR>]]></Caption>
      </captionObject>
      <captionObject>
         <Time>319.000000</Time>
         <Caption><![CDATA[Now if we press Ctrl+1 for Quick Fix, it gives us <BR>a number of options. I don&apos;t think we want to <BR>import a Book class. ]]></Caption>
      </captionObject>
      <captionObject>
         <Time>327.800000</Time>
         <Caption><![CDATA[Creating a Book class sounds like the right thing. <BR>So, let&apos;s try that. <BR>]]></Caption>
      </captionObject>
      <captionObject>
         <Time>331.900000</Time>
         <Caption><![CDATA[So I&apos;ll double-click on it, and it gives me the <BR>option to create a new Java class.  <BR>]]></Caption>
      </captionObject>
      <captionObject>
         <Time>338.500000</Time>
         <Caption><![CDATA[Now we want to be careful to create our new class <BR>not in the test directory, which is where we&apos;re <BR>working right now, but in the src folder. ]]></Caption>
      </captionObject>
      <captionObject>
         <Time>350.300000</Time>
         <Caption><![CDATA[So we&apos;ll change that to the &quot;src&quot; folder, press <BR>Finish, and it&apos;s created our Book class for us.<BR>]]></Caption>
      </captionObject>
      <captionObject>
         <Time>363.100000</Time>
         <Caption><![CDATA[Let&apos;s return to the BookTest class and fix the <BR>next problem.  <BR>]]></Caption>
      </captionObject>
      <captionObject>
         <Time>368.100000</Time>
         <Caption><![CDATA[If we hover on the error, we see &quot;The constructor <BR>Book(String) is undefined&quot;, which is true. <BR>]]></Caption>
      </captionObject>
      <captionObject>
         <Time>375.300000</Time>
         <Caption><![CDATA[So we&apos;ll click on the error, press Ctrl+1 to run <BR>Quick Fix, and again the second option, &quot;Create <BR>constructor &apos;Book(String)&apos;&quot;, is what we want.]]></Caption>
      </captionObject>
      <captionObject>
         <Time>386.200000</Time>
         <Caption><![CDATA[And now Eclipse has created the constructor for <BR>us. Now we&apos;ll save this, go back to BookTest, and <BR>we see that error is now gone. ]]></Caption>
      </captionObject>
      <captionObject>
         <Time>397.400000</Time>
         <Caption><![CDATA[So we&apos;ll go to the next error. It says &quot;title <BR>cannot be resolved or is not a field&quot;. So if we <BR>click on that, Ctrl+1, &quot;Create field&quot;.]]></Caption>
      </captionObject>
      <captionObject>
         <Time>409.600000</Time>
         <Caption><![CDATA[We&apos;ll go back, click on the author. It&apos;s the same <BR>problem. We&apos;ll select &quot;Create field author&quot;. And <BR>now Eclipse has created our two fields. ]]></Caption>
      </captionObject>
      <captionObject>
         <Time>424.300000</Time>
         <Caption><![CDATA[Again we&apos;ll save this. Go back to BookTest. And <BR>now we don&apos;t have any compile errors in BookTest. <BR>]]></Caption>
      </captionObject>
      <captionObject>
         <Time>432.833333</Time>
         <Caption><![CDATA[Now that the testBook() method compiles, we can <BR>write our Book constructor.<BR>]]></Caption>
      </captionObject>
      <captionObject>
         <Time>439.300000</Time>
         <Caption><![CDATA[We&apos;ll go back over to the Book class. We see that <BR>Eclipse has added our fields, <BR>]]></Caption>
      </captionObject>
      <captionObject>
         <Time>446.800000</Time>
         <Caption><![CDATA[and has created the outline of our constructor, <BR>with the right method signature, which is a single <BR>String.  ]]></Caption>
      </captionObject>
      <captionObject>
         <Time>452.800000</Time>
         <Caption><![CDATA[Notice that Eclipse put in this comment with the <BR>word &quot;TODO&quot;. That&apos;s a special comment that Eclipse <BR>uses to help you keep track of tasks. ]]></Caption>
      </captionObject>
      <captionObject>
         <Time>467.700000</Time>
         <Caption><![CDATA[If we go up to Window / Show View / and come down <BR>to Tasks, it opens the Tasks view. <BR>]]></Caption>
      </captionObject>
      <captionObject>
         <Time>475.900000</Time>
         <Caption><![CDATA[You&apos;ll see our task listed there. Now I like to <BR>have the tasks shown down here to give more width. <BR>]]></Caption>
      </captionObject>
      <captionObject>
         <Time>487.800000</Time>
         <Caption><![CDATA[You can put in a comment with &quot;TODO&quot; to create <BR>your own tasks. When you remove the comment, the <BR>tasks drop of the task list. ]]></Caption>
      </captionObject>
      <captionObject>
         <Time>496.000000</Time>
         <Caption><![CDATA[This is a handy way to keep track of tasks within <BR>an Eclipse project. <BR>]]></Caption>
      </captionObject>
      <captionObject>
         <Time>501.300000</Time>
         <Caption><![CDATA[So let&apos;s fill in the body of our constructor. It&apos;s <BR>very simple. <BR>]]></Caption>
      </captionObject>
      <captionObject>
         <Time>508.900000</Time>
         <Caption><![CDATA[this.title = string;<BR>this.author = &quot;unknown author&quot;;<BR>]]></Caption>
      </captionObject>
      <captionObject>
         <Time>525.500000</Time>
         <Caption><![CDATA[We&apos;re setting the title to the string value passed <BR>in from the calling method. We&apos;ll save this and go <BR>back over to BookTest. ]]></Caption>
      </captionObject>
      <captionObject>
         <Time>538.800000</Time>
         <Caption><![CDATA[We&apos;ll open the JUnit view, and re-run the test. <BR>]]></Caption>
      </captionObject>
      <captionObject>
         <Time>543.833333</Time>
         <Caption><![CDATA[And this time it passes. <BR>]]></Caption>
      </captionObject>
      <captionObject>
         <Time>546.400000</Time>
         <Caption><![CDATA[Now, to save time, we&apos;re going to let Eclipse <BR>generate our get and set methods. <BR>]]></Caption>
      </captionObject>
      <captionObject>
         <Time>555.700000</Time>
         <Caption><![CDATA[I&apos;ve got the Book class open. We&apos;ll go to Source / <BR>Generate Getters and Setters.  <BR>]]></Caption>
      </captionObject>
      <captionObject>
         <Time>568.300000</Time>
         <Caption><![CDATA[Now, we&apos;ll select getAuthor() and setAuthor() to <BR>create those methods. <BR>]]></Caption>
      </captionObject>
      <captionObject>
         <Time>575.200000</Time>
         <Caption><![CDATA[Since we set the title in the constructor, we&apos;ll <BR>just create a getTitle() method. <BR>]]></Caption>
      </captionObject>
      <captionObject>
         <Time>580.600000</Time>
         <Caption><![CDATA[We don&apos;t need to be able to set the title once the <BR>Book object has been created.  <BR>]]></Caption>
      </captionObject>
      <captionObject>
         <Time>586.300000</Time>
         <Caption><![CDATA[We&apos;ll press ok and Eclipse has created our three <BR>methods. <BR>]]></Caption>
      </captionObject>
      <captionObject>
         <Time>593.900000</Time>
         <Caption><![CDATA[So, in this lesson, we used the test-first <BR>approach to create a new Book class, and we <BR>created the test before we created the class. ]]></Caption>
      </captionObject>
      <captionObject>
         <Time>603.000000</Time>
         <Caption><![CDATA[In the next lesson, we&apos;ll link the Book class and <BR>Person class together <BR>]]></Caption>
      </captionObject>
      <captionObject>
         <Time>607.800000</Time>
         <Caption><![CDATA[so we can tell whether a Book is checked out to a <BR>Person and, if so, to whom. <BR>]]></Caption>
      </captionObject>
      <captionObject>
         <Time>613.800000</Time>
         <Caption><![CDATA[This is the end of Lesson 7. I&apos;m Mark Dexter <BR>saying so long for now.<BR>]]></Caption>
      </captionObject>
      <captionObject>
         <Time>618.800000</Time>
         <Caption><![CDATA[(Closing music ...)<BR><BR>]]></Caption>
      </captionObject>
   </array>
</CaptionXML>
</Caption_Array_Object>
</CaptionPlayerXML_Array>
<CaptionFontHeight>23</CaptionFontHeight>
<MaxCaptionsCharsPerLine>50</MaxCaptionsCharsPerLine>
<TimelineCaptionCount>74</TimelineCaptionCount>
<CaptionHeight>0</CaptionHeight>
<CloseCaptions_Array>
<captionObject>
<Time>0.000000</Time>
<Caption><![CDATA[(Opening music...)<BR><BR>]]></Caption>
</captionObject>
<captionObject>
<Time>9.400000</Time>
<Caption><![CDATA[Hello again. Welcome back to Eclipse and Java for <BR>Total Beginners. <BR>]]></Caption>
</captionObject>
<captionObject>
<Time>14.300000</Time>
<Caption><![CDATA[In this lesson we&apos;ll continue to work on our <BR>library project using test-driven development.<BR>]]></Caption>
</captionObject>
<captionObject>
<Time>20.400000</Time>
<Caption><![CDATA[Our example program is going to be a personal <BR>lending library where we can keep track of our <BR>books and our friends who have borrowed them.]]></Caption>
</captionObject>
<captionObject>
<Time>29.000000</Time>
<Caption><![CDATA[This simple application will let us explore more <BR>functionality of Eclipse and Java.<BR>]]></Caption>
</captionObject>
<captionObject>
<Time>36.200000</Time>
<Caption><![CDATA[By now you should be familiar with the basics of <BR>the Eclipse user interface, so we&apos;ll start off in <BR>the Package Explorer in each lesson. ]]></Caption>
</captionObject>
<captionObject>
<Time>45.500000</Time>
<Caption><![CDATA[At this point, we have a Person class that we can <BR>use to keep track of people to whom we loan books.<BR>]]></Caption>
</captionObject>
<captionObject>
<Time>51.500000</Time>
<Caption><![CDATA[Now we need a Book class where we can track all of <BR>the books we own.  <BR>]]></Caption>
</captionObject>
<captionObject>
<Time>55.600000</Time>
<Caption><![CDATA[We&apos;ll discuss the specifics of the Book class as <BR>we write the BookTest class. So, let&apos;s get <BR>started. ]]></Caption>
</captionObject>
<captionObject>
<Time>62.800000</Time>
<Caption><![CDATA[This process is going to be a little different <BR>than in the previous lesson. <BR>]]></Caption>
</captionObject>
<captionObject>
<Time>68.200000</Time>
<Caption><![CDATA[There, we already had our Person class created <BR>before we created the PersonTest class.  <BR>]]></Caption>
</captionObject>
<captionObject>
<Time>74.000000</Time>
<Caption><![CDATA[In this lesson, we are going to create our <BR>BookTest class BEFORE we create the Book class. <BR>You&apos;ll see how this works as we go along.]]></Caption>
</captionObject>
<captionObject>
<Time>82.300000</Time>
<Caption><![CDATA[First, we need to create a new JUnit test class <BR>for BookTest. <BR>]]></Caption>
</captionObject>
<captionObject>
<Time>88.000000</Time>
<Caption><![CDATA[So we&apos;ll expand the test folder, then select our <BR>package, and right-click. Again, we&apos;ll say New / <BR>JUnit Test Case.  ]]></Caption>
</captionObject>
<captionObject>
<Time>106.800000</Time>
<Caption><![CDATA[The name will be BookTest, but this time we&apos;ll <BR>leave the &quot;Class under test&quot; blank, because it <BR>doesn&apos;t exist yet.]]></Caption>
</captionObject>
<captionObject>
<Time>117.800000</Time>
<Caption><![CDATA[Press Finish, and, as before, Eclipse has created <BR>an empty BookTest class.<BR>]]></Caption>
</captionObject>
<captionObject>
<Time>127.600000</Time>
<Caption><![CDATA[Let&apos;s talk for a minute about the Book class. It&apos;s <BR>going to be a very simple class. It will have <BR>fields for title and author. ]]></Caption>
</captionObject>
<captionObject>
<Time>136.000000</Time>
<Caption><![CDATA[It will also have a person field that will refer <BR>to the Person who has borrowed the Book.<BR>]]></Caption>
</captionObject>
<captionObject>
<Time>142.600000</Time>
<Caption><![CDATA[Let&apos;s start by writing the testBook method to test <BR>the constructor. We&apos;ll type it in and then examine <BR>it. ]]></Caption>
</captionObject>
<captionObject>
<Time>153.800000</Time>
<Caption><![CDATA[First, we&apos;ll create the testBook() method, which <BR>is a public void method. <BR>]]></Caption>
</captionObject>
<captionObject>
<Time>165.200000</Time>
<Caption><![CDATA[In the first line, we&apos;ll create a new Book called <BR>b1, <BR>]]></Caption>
</captionObject>
<captionObject>
<Time>169.800000</Time>
<Caption><![CDATA[and this time in the constructor we&apos;re going to <BR>specify the title -- in this case &quot;Great <BR>Expectations&quot;.  ]]></Caption>
</captionObject>
<captionObject>
<Time>176.400000</Time>
<Caption><![CDATA[So we&apos;re doing that right in the constructor. And <BR>we&apos;ll show you that in a minute. <BR>]]></Caption>
</captionObject>
<captionObject>
<Time>180.400000</Time>
<Caption><![CDATA[Then we&apos;ll do assertEquals() and we&apos;ll check that <BR>the title -- &quot;Great Expectations&quot; -- is equal to <BR>the title field in the book. ]]></Caption>
</captionObject>
<captionObject>
<Time>192.000000</Time>
<Caption><![CDATA[And then the last line is very similar. We&apos;ll say <BR>assertEquals() and we&apos;ll check that &quot;unknown <BR>author&quot; is equal to the author field of the book.]]></Caption>
</captionObject>
<captionObject>
<Time>206.500000</Time>
<Caption><![CDATA[Now, there are two things that are a little <BR>different here than in our first constructor. <BR>]]></Caption>
</captionObject>
<captionObject>
<Time>211.000000</Time>
<Caption><![CDATA[First, we&apos;re setting the title right in the <BR>constructor. So we can create a new book and set <BR>it&apos;s title in one statement.]]></Caption>
</captionObject>
<captionObject>
<Time>222.400000</Time>
<Caption><![CDATA[Then the second thing that&apos;s a little different is <BR>that, in the assertEquals(), we&apos;re naming the <BR>fields, not a &quot;get&quot; method. ]]></Caption>
</captionObject>
<captionObject>
<Time>230.200000</Time>
<Caption><![CDATA[We&apos;ll see why in a minute. As we might expect, <BR>this class has some compile errors. Even so, <BR>Eclipse will still let us run the test. ]]></Caption>
</captionObject>
<captionObject>
<Time>247.100000</Time>
<Caption><![CDATA[Let&apos;s go ahead and try it. We&apos;ll go Run / Run As / <BR>JUnit Test. It gives us a warning: &quot;Errors exist <BR>in required projects&quot;. ]]></Caption>
</captionObject>
<captionObject>
<Time>259.800000</Time>
<Caption><![CDATA[We&apos;ll say Proceed. Not surprisingly, we get <BR>&quot;Unresolved compilation problems&quot; <BR>]]></Caption>
</captionObject>
<captionObject>
<Time>267.700000</Time>
<Caption><![CDATA[and &quot;Book cannot be resolved to a type&quot;, which <BR>means there is no Book class. So that&apos;s not too <BR>surprising.]]></Caption>
</captionObject>
<captionObject>
<Time>273.300000</Time>
<Caption><![CDATA[Notice, by the way, that we have a different way <BR>we can switch between the JUnit window and the <BR>edit window. ]]></Caption>
</captionObject>
<captionObject>
<Time>282.500000</Time>
<Caption><![CDATA[If I press minimize here, the JUnit window <BR>disappears. If I press the JUnit button here, it <BR>comes back. ]]></Caption>
</captionObject>
<captionObject>
<Time>290.900000</Time>
<Caption><![CDATA[This is an example of how, in Eclipse, there are <BR>often multiple ways to do the same thing. <BR>]]></Caption>
</captionObject>
<captionObject>
<Time>296.300000</Time>
<Caption><![CDATA[So we can try different ways to arrange and use <BR>the Eclipse workbench and find the way that we <BR>like the best.]]></Caption>
</captionObject>
<captionObject>
<Time>303.700000</Time>
<Caption><![CDATA[Now let&apos;s use Quick Fix to help us fix the compile <BR>errors. <BR>]]></Caption>
</captionObject>
<captionObject>
<Time>310.300000</Time>
<Caption><![CDATA[If we click on the first error, in Book, we see <BR>that it says &quot;Book cannot be resolved to a type&quot;. <BR>]]></Caption>
</captionObject>
<captionObject>
<Time>319.000000</Time>
<Caption><![CDATA[Now if we press Ctrl+1 for Quick Fix, it gives us <BR>a number of options. I don&apos;t think we want to <BR>import a Book class. ]]></Caption>
</captionObject>
<captionObject>
<Time>327.800000</Time>
<Caption><![CDATA[Creating a Book class sounds like the right thing. <BR>So, let&apos;s try that. <BR>]]></Caption>
</captionObject>
<captionObject>
<Time>331.900000</Time>
<Caption><![CDATA[So I&apos;ll double-click on it, and it gives me the <BR>option to create a new Java class.  <BR>]]></Caption>
</captionObject>
<captionObject>
<Time>338.500000</Time>
<Caption><![CDATA[Now we want to be careful to create our new class <BR>not in the test directory, which is where we&apos;re <BR>working right now, but in the src folder. ]]></Caption>
</captionObject>
<captionObject>
<Time>350.300000</Time>
<Caption><![CDATA[So we&apos;ll change that to the &quot;src&quot; folder, press <BR>Finish, and it&apos;s created our Book class for us.<BR>]]></Caption>
</captionObject>
<captionObject>
<Time>363.100000</Time>
<Caption><![CDATA[Let&apos;s return to the BookTest class and fix the <BR>next problem.  <BR>]]></Caption>
</captionObject>
<captionObject>
<Time>368.100000</Time>
<Caption><![CDATA[If we hover on the error, we see &quot;The constructor <BR>Book(String) is undefined&quot;, which is true. <BR>]]></Caption>
</captionObject>
<captionObject>
<Time>375.300000</Time>
<Caption><![CDATA[So we&apos;ll click on the error, press Ctrl+1 to run <BR>Quick Fix, and again the second option, &quot;Create <BR>constructor &apos;Book(String)&apos;&quot;, is what we want.]]></Caption>
</captionObject>
<captionObject>
<Time>386.200000</Time>
<Caption><![CDATA[And now Eclipse has created the constructor for <BR>us. Now we&apos;ll save this, go back to BookTest, and <BR>we see that error is now gone. ]]></Caption>
</captionObject>
<captionObject>
<Time>397.400000</Time>
<Caption><![CDATA[So we&apos;ll go to the next error. It says &quot;title <BR>cannot be resolved or is not a field&quot;. So if we <BR>click on that, Ctrl+1, &quot;Create field&quot;.]]></Caption>
</captionObject>
<captionObject>
<Time>409.600000</Time>
<Caption><![CDATA[We&apos;ll go back, click on the author. It&apos;s the same <BR>problem. We&apos;ll select &quot;Create field author&quot;. And <BR>now Eclipse has created our two fields. ]]></Caption>
</captionObject>
<captionObject>
<Time>424.300000</Time>
<Caption><![CDATA[Again we&apos;ll save this. Go back to BookTest. And <BR>now we don&apos;t have any compile errors in BookTest. <BR>]]></Caption>
</captionObject>
<captionObject>
<Time>432.833333</Time>
<Caption><![CDATA[Now that the testBook() method compiles, we can <BR>write our Book constructor.<BR>]]></Caption>
</captionObject>
<captionObject>
<Time>439.300000</Time>
<Caption><![CDATA[We&apos;ll go back over to the Book class. We see that <BR>Eclipse has added our fields, <BR>]]></Caption>
</captionObject>
<captionObject>
<Time>446.800000</Time>
<Caption><![CDATA[and has created the outline of our constructor, <BR>with the right method signature, which is a single <BR>String.  ]]></Caption>
</captionObject>
<captionObject>
<Time>452.800000</Time>
<Caption><![CDATA[Notice that Eclipse put in this comment with the <BR>word &quot;TODO&quot;. That&apos;s a special comment that Eclipse <BR>uses to help you keep track of tasks. ]]></Caption>
</captionObject>
<captionObject>
<Time>467.700000</Time>
<Caption><![CDATA[If we go up to Window / Show View / and come down <BR>to Tasks, it opens the Tasks view. <BR>]]></Caption>
</captionObject>
<captionObject>
<Time>475.900000</Time>
<Caption><![CDATA[You&apos;ll see our task listed there. Now I like to <BR>have the tasks shown down here to give more width. <BR>]]></Caption>
</captionObject>
<captionObject>
<Time>487.800000</Time>
<Caption><![CDATA[You can put in a comment with &quot;TODO&quot; to create <BR>your own tasks. When you remove the comment, the <BR>tasks drop of the task list. ]]></Caption>
</captionObject>
<captionObject>
<Time>496.000000</Time>
<Caption><![CDATA[This is a handy way to keep track of tasks within <BR>an Eclipse project. <BR>]]></Caption>
</captionObject>
<captionObject>
<Time>501.300000</Time>
<Caption><![CDATA[So let&apos;s fill in the body of our constructor. It&apos;s <BR>very simple. <BR>]]></Caption>
</captionObject>
<captionObject>
<Time>508.900000</Time>
<Caption><![CDATA[this.title = string;<BR>this.author = &quot;unknown author&quot;;<BR>]]></Caption>
</captionObject>
<captionObject>
<Time>525.500000</Time>
<Caption><![CDATA[We&apos;re setting the title to the string value passed <BR>in from the calling method. We&apos;ll save this and go <BR>back over to BookTest. ]]></Caption>
</captionObject>
<captionObject>
<Time>538.800000</Time>
<Caption><![CDATA[We&apos;ll open the JUnit view, and re-run the test. <BR>]]></Caption>
</captionObject>
<captionObject>
<Time>543.833333</Time>
<Caption><![CDATA[And this time it passes. <BR>]]></Caption>
</captionObject>
<captionObject>
<Time>546.400000</Time>
<Caption><![CDATA[Now, to save time, we&apos;re going to let Eclipse <BR>generate our get and set methods. <BR>]]></Caption>
</captionObject>
<captionObject>
<Time>555.700000</Time>
<Caption><![CDATA[I&apos;ve got the Book class open. We&apos;ll go to Source / <BR>Generate Getters and Setters.  <BR>]]></Caption>
</captionObject>
<captionObject>
<Time>568.300000</Time>
<Caption><![CDATA[Now, we&apos;ll select getAuthor() and setAuthor() to <BR>create those methods. <BR>]]></Caption>
</captionObject>
<captionObject>
<Time>575.200000</Time>
<Caption><![CDATA[Since we set the title in the constructor, we&apos;ll <BR>just create a getTitle() method. <BR>]]></Caption>
</captionObject>
<captionObject>
<Time>580.600000</Time>
<Caption><![CDATA[We don&apos;t need to be able to set the title once the <BR>Book object has been created.  <BR>]]></Caption>
</captionObject>
<captionObject>
<Time>586.300000</Time>
<Caption><![CDATA[We&apos;ll press ok and Eclipse has created our three <BR>methods. <BR>]]></Caption>
</captionObject>
<captionObject>
<Time>593.900000</Time>
<Caption><![CDATA[So, in this lesson, we used the test-first <BR>approach to create a new Book class, and we <BR>created the test before we created the class. ]]></Caption>
</captionObject>
<captionObject>
<Time>603.000000</Time>
<Caption><![CDATA[In the next lesson, we&apos;ll link the Book class and <BR>Person class together <BR>]]></Caption>
</captionObject>
<captionObject>
<Time>607.800000</Time>
<Caption><![CDATA[so we can tell whether a Book is checked out to a <BR>Person and, if so, to whom. <BR>]]></Caption>
</captionObject>
<captionObject>
<Time>613.800000</Time>
<Caption><![CDATA[This is the end of Lesson 7. I&apos;m Mark Dexter <BR>saying so long for now.<BR>]]></Caption>
</captionObject>
<captionObject>
<Time>618.800000</Time>
<Caption><![CDATA[(Closing music ...)<BR><BR>]]></Caption>
</captionObject>
</CloseCaptions_Array>
<NumMetaDataTypes>286</NumMetaDataTypes>
<MetaData_Array>
<MetaData_Object>
<MetaDataType>Date</MetaDataType>
<MetaDataValue>Wednesday, June 20, 2007</MetaDataValue>
<MetaDataEmbedName>DC.date</MetaDataEmbedName>
</MetaData_Object>
<MetaData_Object>
<MetaDataType>Language</MetaDataType>
<MetaDataValue>ENU</MetaDataValue>
<MetaDataEmbedName>DC.language</MetaDataEmbedName>
</MetaData_Object>
<MetaData_Object>
<MetaDataType>Title</MetaDataType>
<MetaDataValue>lesson07</MetaDataValue>
<MetaDataEmbedName>DC.title</MetaDataEmbedName>
</MetaData_Object>
</MetaData_Array>
<NumFileTypesUsedByProduction>4</NumFileTypesUsedByProduction>
<FileTypesUsed_Array>
<FileTypeUsed_Object>
<FileTypeName>Video</FileTypeName>
</FileTypeUsed_Object>
<FileTypeUsed_Object>
<FileTypeName>HTMLFile</FileTypeName>
</FileTypeUsed_Object>
<FileTypeUsed_Object>
<FileTypeName>EmbededPlayerJS</FileTypeName>
</FileTypeUsed_Object>
<FileTypeUsed_Object>
<FileTypeName>ProductionInfoXML</FileTypeName>
</FileTypeUsed_Object>
</FileTypesUsed_Array>
<NumFilesTotal>4</NumFilesTotal>
<ProducedFiles_Array>
<ProducedFile_Object>
<FileName>C:\Documents and Settings\Mark\My Documents\Camtasia Studio\Total Beginners\output-200711\lesson07\lesson07.swf</FileName>
<FileSize>19073388</FileSize>
<FileType>Video</FileType>
<WhichFilesOfCurType>0</WhichFilesOfCurType>
<TotalFilesOfCurType>1</TotalFilesOfCurType>
</ProducedFile_Object>
<ProducedFile_Object>
<FileName>C:\Documents and Settings\Mark\My Documents\Camtasia Studio\Total Beginners\output-200711\lesson07\lesson07.html</FileName>
<FileSize>3085</FileSize>
<FileType>HTMLFile</FileType>
<WhichFilesOfCurType>0</WhichFilesOfCurType>
<TotalFilesOfCurType>1</TotalFilesOfCurType>
</ProducedFile_Object>
<ProducedFile_Object>
<FileName>C:\Documents and Settings\Mark\My Documents\Camtasia Studio\Total Beginners\output-200711\lesson07\swfobject.js</FileName>
<FileSize>6880</FileSize>
<FileType>EmbededPlayerJS</FileType>
<WhichFilesOfCurType>0</WhichFilesOfCurType>
<TotalFilesOfCurType>1</TotalFilesOfCurType>
</ProducedFile_Object>
<ProducedFile_Object>
<FileName>C:\Documents and Settings\Mark\My Documents\Camtasia Studio\Total Beginners\output-200711\lesson07\ProductionInfo.xml</FileName>
<FileSize>48162</FileSize>
<FileType>ProductionInfoXML</FileType>
<WhichFilesOfCurType>0</WhichFilesOfCurType>
<TotalFilesOfCurType>1</TotalFilesOfCurType>
</ProducedFile_Object>
</ProducedFiles_Array>
<OutputBasePath>C:\Documents and Settings\Mark\My Documents\Camtasia Studio\Total Beginners\output-200711\lesson07\</OutputBasePath>
<ProductionFormat>SWF</ProductionFormat>
<NumVideoSegments>1</NumVideoSegments>
<NumHTMLFiles>1</NumHTMLFiles>
<TotalProductionSize>19131515</TotalProductionSize>
<m_cf_rtRenderRangeStart>-1</m_cf_rtRenderRangeStart>
<m_cf_rtRenderRangeStop>-1</m_cf_rtRenderRangeStop>
<m_cf_strTempDir>C:\DOCUME~1\Mark\LOCALS~1\Temp\</m_cf_strTempDir>
<m_cf_bWritePIPFile>0</m_cf_bWritePIPFile>
<m_cf_bDisablePIPVideo>1</m_cf_bDisablePIPVideo>
<m_cf_bWriteIndex>1</m_cf_bWriteIndex>
<m_cf_bWriteMultipleFiles>0</m_cf_bWriteMultipleFiles>
<m_cf_strHTMLTemplateName>Template.htm</m_cf_strHTMLTemplateName>
<m_cf_HTMLAlignment>1</m_cf_HTMLAlignment>
<m_cf_bSCORMOutput>0</m_cf_bSCORMOutput>
<m_cf_bController>1</m_cf_bController>
<m_cf_bAutoPlay>1</m_cf_bAutoPlay>
<m_cf_bNumberIndexMarkers>0</m_cf_bNumberIndexMarkers>
<m_cf_bShortenIndexNames>1</m_cf_bShortenIndexNames>
<m_cf_nShortenedIndexLength>17</m_cf_nShortenedIndexLength>
<m_cf_bQuizShowFeedback>1</m_cf_bQuizShowFeedback>
<m_cf_bEMailQuizResults>0</m_cf_bEMailQuizResults>
<m_cf_bEMailIncludeScore>0</m_cf_bEMailIncludeScore>
<m_cf_bJavaScriptQuizResults>0</m_cf_bJavaScriptQuizResults>
<m_cf_bHTMLOutput>1</m_cf_bHTMLOutput>
<m_cf_SCORMVersion>0</m_cf_SCORMVersion>
<m_cf_strManifestID>ID-AEB8B313-7592-44C5-AB22-87EB18247EF4</m_cf_strManifestID>
<m_cf_strManifestTitle></m_cf_strManifestTitle>
<m_cf_strDuration>0:10:25.26</m_cf_strDuration>
<m_cf_strSubject></m_cf_strSubject>
<m_cf_strManifestDescription></m_cf_strManifestDescription>
<m_cf_strLanguage>en</m_cf_strLanguage>
<m_cf_SCORMPackage>2</m_cf_SCORMPackage>
<m_cf_strSCOTitle></m_cf_strSCOTitle>
<m_cf_ProductionFormat>8</m_cf_ProductionFormat>
<m_cf_strTitle></m_cf_strTitle>
<m_cf_strAuthor></m_cf_strAuthor>
<m_cf_strCopyright></m_cf_strCopyright>
<m_cf_strDescription></m_cf_strDescription>
<m_cf_MultiFileOutputStyle>0</m_cf_MultiFileOutputStyle>
<m_cf_strVideoCompressor>Techsmith Screen Capture Codec</m_cf_strVideoCompressor>
<m_cf_bAddCaption>0</m_cf_bAddCaption>
<m_cf_bWriteCCInfo>1</m_cf_bWriteCCInfo>
<m_cf_bOverlayCaption>1</m_cf_bOverlayCaption>
<m_cf_strCaptionFontFamily>Microsoft Sans Serif</m_cf_strCaptionFontFamily>
<m_cf_bAddIPODFileToProduction>0</m_cf_bAddIPODFileToProduction>
<m_cf_bAddMP3FileToProduction>0</m_cf_bAddMP3FileToProduction>
<m_cf_bAddPPTFileToProduction>0</m_cf_bAddPPTFileToProduction>
<m_cf_strPPTFileToAddToProduction></m_cf_strPPTFileToAddToProduction>
<m_cf_bAviEncodeAudio>1</m_cf_bAviEncodeAudio>
<m_cf_AVIFrameRate>10</m_cf_AVIFrameRate>
<m_cf_nKeyFrameRate>30</m_cf_nKeyFrameRate>
<m_cf_PIP_nKeyFrameRate>30</m_cf_PIP_nKeyFrameRate>
<m_cf_PIP_AVIFrameRate>0</m_cf_PIP_AVIFrameRate>
<m_cf_SwfPlaybackControls>0</m_cf_SwfPlaybackControls>
<m_cf_strControllerSkinName>glass</m_cf_strControllerSkinName>
<m_cf_nSwfTargetVersion>7</m_cf_nSwfTargetVersion>
<m_cf_bSwfMatchPreloadMovieSize>0</m_cf_bSwfMatchPreloadMovieSize>
<m_cf_bSwfPauseAtStart>1</m_cf_bSwfPauseAtStart>
<m_cf_bSwfPreloadAdvanced>1</m_cf_bSwfPreloadAdvanced>
<m_cf_bSwfSingleSWF>1</m_cf_bSwfSingleSWF>
<m_cf_nSwfMainMovieLoadPercent>10</m_cf_nSwfMainMovieLoadPercent>
<m_cf_nSwfPreloadMinDisplayTime>3</m_cf_nSwfPreloadMinDisplayTime>
<m_cf_clrSwfControlColor>0x00C0C0C0</m_cf_clrSwfControlColor>
<m_cf_bSwfShowAboutBtn>1</m_cf_bSwfShowAboutBtn>
<m_cf_strSwfAboutBoxTxt>Copyright (c) 2007 Mark Dexter. Licensed under the Educational Community License version 1.0.</m_cf_strSwfAboutBoxTxt>
<m_cf_strSwfAboutBoxInfoTxt></m_cf_strSwfAboutBoxInfoTxt>
<m_cf_strSwfAboutTitle>Total Beginners</m_cf_strSwfAboutTitle>
<m_cf_strSwfStartTxt>Eclipse and Java for Total Beginners</m_cf_strSwfStartTxt>
<m_cf_SwfAboutBoxWidth>336</m_cf_SwfAboutBoxWidth>
<m_cf_SwfAboutBoxHeight>270</m_cf_SwfAboutBoxHeight>
<m_cf_bSwfAboutBoxTabSelected>1</m_cf_bSwfAboutBoxTabSelected>
<m_cf_strSwfTimeDisplayFormat>MM:SS</m_cf_strSwfTimeDisplayFormat>
<m_cf_bSwfCCInitiallyVisible>0</m_cf_bSwfCCInitiallyVisible>
<m_cf_bSwfFullScreen>0</m_cf_bSwfFullScreen>
<m_cf_bSwfAllowResizing>1</m_cf_bSwfAllowResizing>
<m_cf_nSwfVolueme>50</m_cf_nSwfVolueme>
<m_cf_bSwfBrandContextMenu>0</m_cf_bSwfBrandContextMenu>
<m_cf_SwfTOCType>1</m_cf_SwfTOCType>
<m_cf_SwfTOCTitle></m_cf_SwfTOCTitle>
<m_cf_bSwfShowMovieDuration>1</m_cf_bSwfShowMovieDuration>
<m_cf_bSwfShowTimeElapsed>1</m_cf_bSwfShowTimeElapsed>
<m_cf_strSwfTimeFont>Arial</m_cf_strSwfTimeFont>
<m_cf_clrSwfTimeFontColor>0x00000000</m_cf_clrSwfTimeFontColor>
<m_cf_SwfEndAction>0</m_cf_SwfEndAction>
<m_cf_strSwfEndActionUrl>http://</m_cf_strSwfEndActionUrl>
<m_cf_nSwfEndActionTarget>0</m_cf_nSwfEndActionTarget>
<m_cf_bPauseAfterJump>1</m_cf_bPauseAfterJump>
<m_cf_rtJumpPoint>0</m_cf_rtJumpPoint>
<m_cf_strSwfStartLogo></m_cf_strSwfStartLogo>
<m_cf_strSwfEndLogo>EndLogo</m_cf_strSwfEndLogo>
<m_cf_strSwfAboutLogo></m_cf_strSwfAboutLogo>
<m_cf_strSwfAboutTitleLogo></m_cf_strSwfAboutTitleLogo>
<m_cf_strSwfTocLogo></m_cf_strSwfTocLogo>
</Production_Data>
