﻿<?xml version="1.0" encoding="UTF-8" ?><Production_Data Version="5.00"><HTMLTemplateFile>Template.htm</HTMLTemplateFile>
<HTMLTemplateBodyFile>expressShow\SSWFTemplate-body.htm</HTMLTemplateBodyFile>
<HTMLTemplateHeaderFile>expressShow\SSWFTemplate-header.htm</HTMLTemplateHeaderFile>
<VideoFilenameWithPath>C:\Documents and Settings\Mark\My Documents\Camtasia Studio\Total Beginners\output-200711\lesson11\lesson11.swf</VideoFilenameWithPath>
<AddIPodFileSize>0 bytes</AddIPodFileSize>
<AddMP3FileSize>0 bytes</AddMP3FileSize>
<AddPPTFileSize>0 bytes</AddPPTFileSize>
<ProjectName>lesson11</ProjectName>
<MediaDir></MediaDir>
<ShouldCreateMediaDir>0</ShouldCreateMediaDir>
<MaxTimelineWidth>800</MaxTimelineWidth>
<MaxTimelineHeight>600</MaxTimelineHeight>
<MaxTimelineFPS>15.00</MaxTimelineFPS>
<MaxVideoWidth>800</MaxVideoWidth>
<MaxVideoHeight>600</MaxVideoHeight>
<MaxVideoFPS>15.00</MaxVideoFPS>
<MaxPIPWidth>0</MaxPIPWidth>
<MaxPIPHeight>0</MaxPIPHeight>
<MaxPIPFPS>0.00</MaxPIPFPS>
<VideoDuration>771.93</VideoDuration>
<PIPVideoDuration>771.70</PIPVideoDuration>
<VideoFPS>30.00</VideoFPS>
<PIPVideoFPS>30.00</PIPVideoFPS>
<VideoWidth>800</VideoWidth>
<VideoHeight>618</VideoHeight>
<ActualVideoWidth>800</ActualVideoWidth>
<ActualVideoHeight>600</ActualVideoHeight>
<PIPVideoWidth>160</PIPVideoWidth>
<PIPVideoHeight>120</PIPVideoHeight>
<TOCWidth>-1</TOCWidth>
<MinTOCWidth>160</MinTOCWidth>
<TOCDividerHeight>18</TOCDividerHeight>
<TimelineHasAudio>1</TimelineHasAudio>
<TimelineDuration>7719333333</TimelineDuration>
<SWFControllerTotalHeight>18</SWFControllerTotalHeight>
<SWFMinWidth>320</SWFMinWidth>
<SWFTOCXPos>0</SWFTOCXPos>
<SWFTOCYPos>0</SWFTOCYPos>
<SWFTOCWidth>160</SWFTOCWidth>
<SWFTOCHeight>600</SWFTOCHeight>
<SWFHasPIPOverlay>0</SWFHasPIPOverlay>
<SWFControllerColor></SWFControllerColor>
<SWFTimeDispFontColor>0x000000</SWFTimeDispFontColor>
<SWFPlaybackConfigFileName>lesson11_config.xml</SWFPlaybackConfigFileName>
<SWFPlaybackControllerFileName>lesson11_controller.swf</SWFPlaybackControllerFileName>
<SWFPreloaderFileName></SWFPreloaderFileName>
<StripWhitespace>0</StripWhitespace>
<WritingImages>0</WritingImages>
<WritePreviewXML>0</WritePreviewXML>
<DisableTOC>0</DisableTOC>
<AutoPlay>0</AutoPlay>
<CancelledProduction>0</CancelledProduction>
<CancelledProdLength>7719000000</CancelledProdLength>
<Hotspot_Array>
<Hotspot_Array_Object>
               <array>
               <hotspot>
               </hotspot>
               <hotspot>
               </hotspot>
               <hotspot>
               </hotspot>
               <hotspot>
               </hotspot>
               <hotspot>
               </hotspot>
               <hotspot>
               </hotspot>
               <hotspot>
               </hotspot>
               <hotspot>
               </hotspot>
               <hotspot>
               </hotspot>
               <hotspot>
               </hotspot>
               <hotspot>
               </hotspot>
               <hotspot>
               </hotspot>
               <hotspot>
               </hotspot>
               <hotspot>
               </hotspot>
               <hotspot>
               </hotspot>
               <hotspot>
               </hotspot>
               <hotspot>
               </hotspot>
               <hotspot>
               </hotspot>
               <hotspot>
               </hotspot>
               <hotspot>
               </hotspot>
               <hotspot>
               </hotspot>
               <hotspot>
               </hotspot>
               <hotspot>
               </hotspot>
               <hotspot>
               </hotspot>
               <hotspot>
               </hotspot>
               </array>
</Hotspot_Array_Object>
</Hotspot_Array>
<AdjGlobalRenderRangeStart>-1</AdjGlobalRenderRangeStart>
<AdjGlobalRenderRangeStop>-1</AdjGlobalRenderRangeStop>
<AdjRenderRange_Array>
<AdjRenderRange_Obj>
<AdjRenderRangeStart>0</AdjRenderRangeStart>
<AdjRenderRangeStop>218666667</AdjRenderRangeStop>
</AdjRenderRange_Obj>
<AdjRenderRange_Obj>
<AdjRenderRangeStart>218666667</AdjRenderRangeStart>
<AdjRenderRangeStop>808000000</AdjRenderRangeStop>
</AdjRenderRange_Obj>
<AdjRenderRange_Obj>
<AdjRenderRangeStart>808000000</AdjRenderRangeStart>
<AdjRenderRangeStop>1490333333</AdjRenderRangeStop>
</AdjRenderRange_Obj>
<AdjRenderRange_Obj>
<AdjRenderRangeStart>1490333333</AdjRenderRangeStart>
<AdjRenderRangeStop>2714333333</AdjRenderRangeStop>
</AdjRenderRange_Obj>
<AdjRenderRange_Obj>
<AdjRenderRangeStart>2714333333</AdjRenderRangeStart>
<AdjRenderRangeStop>4010000000</AdjRenderRangeStop>
</AdjRenderRange_Obj>
<AdjRenderRange_Obj>
<AdjRenderRangeStart>4010000000</AdjRenderRangeStart>
<AdjRenderRangeStop>6242333333</AdjRenderRangeStop>
</AdjRenderRange_Obj>
<AdjRenderRange_Obj>
<AdjRenderRangeStart>6242333333</AdjRenderRangeStart>
<AdjRenderRangeStop>6792666667</AdjRenderRangeStop>
</AdjRenderRange_Obj>
<AdjRenderRange_Obj>
<AdjRenderRangeStart>6792666667</AdjRenderRangeStart>
<AdjRenderRangeStop>7719333333</AdjRenderRangeStop>
</AdjRenderRange_Obj>
</AdjRenderRange_Array>
<AdjMarkerDuration_Array>
<AdjMarkerDuration_Obj>
<AdjMarkerDuration>218666667</AdjMarkerDuration>
</AdjMarkerDuration_Obj>
<AdjMarkerDuration_Obj>
<AdjMarkerDuration>589333333</AdjMarkerDuration>
</AdjMarkerDuration_Obj>
<AdjMarkerDuration_Obj>
<AdjMarkerDuration>682333333</AdjMarkerDuration>
</AdjMarkerDuration_Obj>
<AdjMarkerDuration_Obj>
<AdjMarkerDuration>1224000000</AdjMarkerDuration>
</AdjMarkerDuration_Obj>
<AdjMarkerDuration_Obj>
<AdjMarkerDuration>1295666667</AdjMarkerDuration>
</AdjMarkerDuration_Obj>
<AdjMarkerDuration_Obj>
<AdjMarkerDuration>2232333333</AdjMarkerDuration>
</AdjMarkerDuration_Obj>
<AdjMarkerDuration_Obj>
<AdjMarkerDuration>550333333</AdjMarkerDuration>
</AdjMarkerDuration_Obj>
<AdjMarkerDuration_Obj>
<AdjMarkerDuration>926666667</AdjMarkerDuration>
</AdjMarkerDuration_Obj>
</AdjMarkerDuration_Array>
<AdjMarkerTimes_Array>
<AdjMarkerTime_Obj>
<AdjMarkerTime>0</AdjMarkerTime>
</AdjMarkerTime_Obj>
<AdjMarkerTime_Obj>
<AdjMarkerTime>218666667</AdjMarkerTime>
</AdjMarkerTime_Obj>
<AdjMarkerTime_Obj>
<AdjMarkerTime>808000000</AdjMarkerTime>
</AdjMarkerTime_Obj>
<AdjMarkerTime_Obj>
<AdjMarkerTime>1490333333</AdjMarkerTime>
</AdjMarkerTime_Obj>
<AdjMarkerTime_Obj>
<AdjMarkerTime>2714333333</AdjMarkerTime>
</AdjMarkerTime_Obj>
<AdjMarkerTime_Obj>
<AdjMarkerTime>4010000000</AdjMarkerTime>
</AdjMarkerTime_Obj>
<AdjMarkerTime_Obj>
<AdjMarkerTime>6242333333</AdjMarkerTime>
</AdjMarkerTime_Obj>
<AdjMarkerTime_Obj>
<AdjMarkerTime>6792666667</AdjMarkerTime>
</AdjMarkerTime_Obj>
</AdjMarkerTimes_Array>
<HasQuizQuestions>0</HasQuizQuestions>
<m_strQuizQuestionOfString>Question @ of @</m_strQuizQuestionOfString>
<m_strQuizPrevString>Prev</m_strQuizPrevString>
<m_strQuizSubmitString>Submit</m_strQuizSubmitString>
<m_strQuizNextString>Next</m_strQuizNextString>
<m_strQuizDoneString>Done</m_strQuizDoneString>
<m_strQuizPreviewString>Preview</m_strQuizPreviewString>
<m_strQuizSendString>Send</m_strQuizSendString>
<m_strQuizMainMessageString>You have reached the end of the questions and this video. Your answers are ready to be sent.</m_strQuizMainMessageString>
<m_strQuizEmailContentsString>E-mail Contents</m_strQuizEmailContentsString>
<m_strQuizEmailToString>E-mail to </m_strQuizEmailToString>
<m_strQuizAnswersSentString>Your answers have been sent.</m_strQuizAnswersSentString>
<m_strQuizSummaryString>You have completed @ of @ questions.</m_strQuizSummaryString>
<m_strQuizScoreString>Score = @/@</m_strQuizScoreString>
<m_strQuizSummaryTitleString>Answers Summary</m_strQuizSummaryTitleString>
<Quiz_Array>
</Quiz_Array>
<Markers_Array>
<Marker_Object>
<MarkerName>Introduction</MarkerName>
<MarkerImage></MarkerImage>
<MarkerTime>0</MarkerTime>
<IndentLevel>0</IndentLevel>
<ShouldIgnore>0</ShouldIgnore>
</Marker_Object>
<Marker_Object>
<MarkerName>Overview of Methods</MarkerName>
<MarkerImage></MarkerImage>
<MarkerTime>218666667</MarkerTime>
<IndentLevel>0</IndentLevel>
<ShouldIgnore>0</ShouldIgnore>
</Marker_Object>
<Marker_Object>
<MarkerName>getBooks() and getPeople() Methods</MarkerName>
<MarkerImage></MarkerImage>
<MarkerTime>808000000</MarkerTime>
<IndentLevel>0</IndentLevel>
<ShouldIgnore>0</ShouldIgnore>
</Marker_Object>
<Marker_Object>
<MarkerName>setup() Method</MarkerName>
<MarkerImage></MarkerImage>
<MarkerTime>1490333333</MarkerTime>
<IndentLevel>0</IndentLevel>
<ShouldIgnore>0</ShouldIgnore>
</Marker_Object>
<Marker_Object>
<MarkerName>Refactor Variable to Field</MarkerName>
<MarkerImage></MarkerImage>
<MarkerTime>2714333333</MarkerTime>
<IndentLevel>0</IndentLevel>
<ShouldIgnore>0</ShouldIgnore>
</Marker_Object>
<Marker_Object>
<MarkerName>testAddBook() Method</MarkerName>
<MarkerImage></MarkerImage>
<MarkerTime>4010000000</MarkerTime>
<IndentLevel>0</IndentLevel>
<ShouldIgnore>0</ShouldIgnore>
</Marker_Object>
<Marker_Object>
<MarkerName>addBook() and removeBook() Methods</MarkerName>
<MarkerImage></MarkerImage>
<MarkerTime>6242333333</MarkerTime>
<IndentLevel>0</IndentLevel>
<ShouldIgnore>0</ShouldIgnore>
</Marker_Object>
<Marker_Object>
<MarkerName>addPerson() and removePerson() Methods</MarkerName>
<MarkerImage></MarkerImage>
<MarkerTime>6792666667</MarkerTime>
<IndentLevel>0</IndentLevel>
<ShouldIgnore>0</ShouldIgnore>
</Marker_Object>
</Markers_Array>
<CaptionPlayerXML_Array>
<Caption_Array_Object>
<CaptionXML>   <array>
      <captionObject>
         <Time>0.000000</Time>
         <Caption><![CDATA[(Opening music ...)<BR><BR>]]></Caption>
      </captionObject>
      <captionObject>
         <Time>9.700000</Time>
         <Caption><![CDATA[Hello again. Welcome back to Eclipse and Java for <BR>Total Beginners. <BR>]]></Caption>
      </captionObject>
      <captionObject>
         <Time>13.600000</Time>
         <Caption><![CDATA[In this lesson, we&apos;re going to add some more <BR>methods to our MyLibrary class, again using the <BR>test-first approach.]]></Caption>
      </captionObject>
      <captionObject>
         <Time>20.800000</Time>
         <Caption><![CDATA[First, let&apos;s consider what methods we need in our <BR>class. We will want get methods for the 3 fields <BR>in the class. ]]></Caption>
      </captionObject>
      <captionObject>
         <Time>30.800000</Time>
         <Caption><![CDATA[We don&apos;t really need set methods, since the name <BR>will be set when we create the object, <BR>]]></Caption>
      </captionObject>
      <captionObject>
         <Time>35.600000</Time>
         <Caption><![CDATA[and the lists will be easier to manage one item at <BR>a time. You&apos;ll see more about this as we go along. <BR>]]></Caption>
      </captionObject>
      <captionObject>
         <Time>42.100000</Time>
         <Caption><![CDATA[To manage the lists, we will need to be able to <BR>add and remove items. <BR>]]></Caption>
      </captionObject>
      <captionObject>
         <Time>48.600000</Time>
         <Caption><![CDATA[So we&apos;ll need: addBook(), addPerson(), <BR>removeBook(), and removePerson() methods.<BR>]]></Caption>
      </captionObject>
      <captionObject>
         <Time>54.500000</Time>
         <Caption><![CDATA[So those are the ones we&apos;ll work on in this <BR>lesson.<BR>]]></Caption>
      </captionObject>
      <captionObject>
         <Time>57.700000</Time>
         <Caption><![CDATA[In addition, we&apos;ll need methods to check out books <BR>and to check in books.<BR>]]></Caption>
      </captionObject>
      <captionObject>
         <Time>62.600000</Time>
         <Caption><![CDATA[It would be nice to be able to get a list of books <BR>that are available -- books that aren&apos;t checked <BR>out -- ]]></Caption>
      </captionObject>
      <captionObject>
         <Time>69.100000</Time>
         <Caption><![CDATA[and it would be nice to get a list of books that <BR>are checked out. <BR>]]></Caption>
      </captionObject>
      <captionObject>
         <Time>72.900000</Time>
         <Caption><![CDATA[Finally, if we have a Person object, it would be <BR>nice to get a list of the books this Person has <BR>checked out.]]></Caption>
      </captionObject>
      <captionObject>
         <Time>79.200000</Time>
         <Caption><![CDATA[So let&apos;s get started. Let&apos;s open up the MyLibary <BR>class in the Package Explorer.<BR>]]></Caption>
      </captionObject>
      <captionObject>
         <Time>89.400000</Time>
         <Caption><![CDATA[We&apos;ll select MyLibrary. And we&apos;ll let Eclipse <BR>create the get methods for us, as we did before.<BR>]]></Caption>
      </captionObject>
      <captionObject>
         <Time>96.800000</Time>
         <Caption><![CDATA[So we&apos;ll go Source / Generate Getters and Setters. <BR>Then, as we mentioned, we don&apos;t want set methods <BR>but we do want get methods.]]></Caption>
      </captionObject>
      <captionObject>
         <Time>110.100000</Time>
         <Caption><![CDATA[So we&apos;ll check getBooks(), getName(), and <BR>getPeople(). And then we&apos;ll press OK. <BR>]]></Caption>
      </captionObject>
      <captionObject>
         <Time>119.500000</Time>
         <Caption><![CDATA[And we can see that we&apos;ve got getBooks(), <BR>getPeople() and getName(). <BR>]]></Caption>
      </captionObject>
      <captionObject>
         <Time>128.900000</Time>
         <Caption><![CDATA[Now, just to be safe, let&apos;s open up our <BR>MyLibraryTest class and run the test -- <BR>]]></Caption>
      </captionObject>
      <captionObject>
         <Time>142.200000</Time>
         <Caption><![CDATA[just to make sure we didn&apos;t break anything. It <BR>runs successfully. <BR>]]></Caption>
      </captionObject>
      <captionObject>
         <Time>149.700000</Time>
         <Caption><![CDATA[The next thing we want to do is write a method to <BR>test the add and remove book methods. We&apos;ll test <BR>both of these in one test method.]]></Caption>
      </captionObject>
      <captionObject>
         <Time>160.000000</Time>
         <Caption><![CDATA[As we think about these tests, we&apos;re going to need <BR>some Book and Person objects and a MyLibrary <BR>object to work with. ]]></Caption>
      </captionObject>
      <captionObject>
         <Time>169.000000</Time>
         <Caption><![CDATA[We could create these in each of the separate test <BR>methods, but that might require duplicate code.<BR>]]></Caption>
      </captionObject>
      <captionObject>
         <Time>176.700000</Time>
         <Caption><![CDATA[Instead, let&apos;s write a simple setup() method that <BR>will just create some Book and Person objects and <BR>a MyLibrary object.]]></Caption>
      </captionObject>
      <captionObject>
         <Time>186.100000</Time>
         <Caption><![CDATA[That way we can just run setup() at the start of <BR>each test, and we&apos;ll have some objects to work <BR>with. ]]></Caption>
      </captionObject>
      <captionObject>
         <Time>193.100000</Time>
         <Caption><![CDATA[We&apos;ll double click to give us some space. We&apos;ll <BR>use Code Assist. The method returns void, it&apos;s <BR>called &quot;setup()&quot;. ]]></Caption>
      </captionObject>
      <captionObject>
         <Time>203.600000</Time>
         <Caption><![CDATA[And it&apos;s just going to create some objects for us. <BR>First we&apos;ll create two books. We&apos;ll name the first <BR>one b1 with a title &quot;Book1&quot;. ]]></Caption>
      </captionObject>
      <captionObject>
         <Time>216.100000</Time>
         <Caption><![CDATA[Then we&apos;ll just copy and paste this line and <BR>change &quot;b1&quot; to &quot;b2&quot; and &quot;Book1&quot; to &quot;Book2&quot;. <BR>]]></Caption>
      </captionObject>
      <captionObject>
         <Time>223.800000</Time>
         <Caption><![CDATA[So now we have two Book objects. Now we&apos;ll create <BR>two new Person objects the same way. <BR>]]></Caption>
      </captionObject>
      <captionObject>
         <Time>230.300000</Time>
         <Caption><![CDATA[We&apos;ll create &quot;p1&quot; and then we&apos;ll copy &quot;p1&quot;, paste, <BR>and call it &quot;p2&quot;. <BR>]]></Caption>
      </captionObject>
      <captionObject>
         <Time>243.100000</Time>
         <Caption><![CDATA[Next we need to set the names of the two Person <BR>objects. We&apos;ll call the first one &quot;Fred&quot; and the <BR>second one &quot;Sue&quot;. ]]></Caption>
      </captionObject>
      <captionObject>
         <Time>259.700000</Time>
         <Caption><![CDATA[Finally, let&apos;s create the MyLibrary object. So <BR>we&apos;ll go &quot;Mylibrary ml = new MyLibrary(&quot; and we&apos;ll <BR>give the name &quot;Test&quot;. ]]></Caption>
      </captionObject>
      <captionObject>
         <Time>271.900000</Time>
         <Caption><![CDATA[Now, as we look at this, we&apos;ve got a problem. The <BR>variables b1, b2, p1, p2, and ml are all local <BR>variables.]]></Caption>
      </captionObject>
      <captionObject>
         <Time>284.100000</Time>
         <Caption><![CDATA[That is, they are declared inside the setup() <BR>method. So these variables will not be visible <BR>inside the other methods of our test class. ]]></Caption>
      </captionObject>
      <captionObject>
         <Time>296.400000</Time>
         <Caption><![CDATA[Of course, the whole reason for creating this <BR>setup() method is to have these variables <BR>available in the other methods. ]]></Caption>
      </captionObject>
      <captionObject>
         <Time>303.600000</Time>
         <Caption><![CDATA[To fix this, we need to make these variables <BR>fields of our test class, and that way any method <BR>inside the class can have access to the fields. ]]></Caption>
      </captionObject>
      <captionObject>
         <Time>317.200000</Time>
         <Caption><![CDATA[This is an issue that other Java programmers have <BR>faced. And Eclipse has an automatic way of turning <BR>a local variable into a field. ]]></Caption>
      </captionObject>
      <captionObject>
         <Time>330.200000</Time>
         <Caption><![CDATA[We&apos;ll highlight the first declaration, go up to <BR>Refactor, and one of the choices is &quot;Convert Local <BR>Variable to Field...&quot;. ]]></Caption>
      </captionObject>
      <captionObject>
         <Time>339.500000</Time>
         <Caption><![CDATA[If we select that, it gives us some options. We&apos;ll <BR>just take the defaults, press OK, and now we&apos;ve b1 <BR>is a private field,]]></Caption>
      </captionObject>
      <captionObject>
         <Time>352.800000</Time>
         <Caption><![CDATA[and it&apos;s not declared down in the setup() method. <BR>So we&apos;ll do that same thing a few more times.<BR>]]></Caption>
      </captionObject>
      <captionObject>
         <Time>365.100000</Time>
         <Caption><![CDATA[Now we could, of course, make these same changes <BR>by hand, but using the Eclipse is not only a lot  <BR>faster, it&apos;s also less prone to error. ]]></Caption>
      </captionObject>
      <captionObject>
         <Time>379.200000</Time>
         <Caption><![CDATA[We&apos;ll do it one last time for the &quot;ml&quot; variable. <BR>Now we&apos;ve got these available as fields, and the <BR>setup() method is just initializing the fields.]]></Caption>
      </captionObject>
      <captionObject>
         <Time>395.000000</Time>
         <Caption><![CDATA[This is what we want. Now these variables will be <BR>available to us in our test methods. <BR>]]></Caption>
      </captionObject>
      <captionObject>
         <Time>401.900000</Time>
         <Caption><![CDATA[Now, let&apos;s start the test method. We&apos;ll create the <BR>method. It&apos;s public, void, and it&apos;s called <BR>&quot;testAddBook()&quot;. ]]></Caption>
      </captionObject>
      <captionObject>
         <Time>418.300000</Time>
         <Caption><![CDATA[The first thing we&apos;re going to do is use our<BR>setup() method to create our test objects. So <BR>we&apos;ll create the test objects by running setup().]]></Caption>
      </captionObject>
      <captionObject>
         <Time>430.300000</Time>
         <Caption><![CDATA[Now we&apos;ll test that the initial size of books is <BR>0. So we&apos;ll do assertEquals(), we&apos;ll say that we <BR>expect 0, ]]></Caption>
      </captionObject>
      <captionObject>
         <Time>441.800000</Time>
         <Caption><![CDATA[and the actual is the ml.getBooks().size() method. <BR>The size() method returns the total number of <BR>items in the list. ]]></Caption>
      </captionObject>
      <captionObject>
         <Time>452.200000</Time>
         <Caption><![CDATA[Next, let&apos;s add our books to the list using the <BR>yet-to-be-created addBook() method. <BR>]]></Caption>
      </captionObject>
      <captionObject>
         <Time>458.600000</Time>
         <Caption><![CDATA[We&apos;ll use Quick Fix to add the empty method to the <BR>MyLibrary class.<BR>]]></Caption>
      </captionObject>
      <captionObject>
         <Time>464.300000</Time>
         <Caption><![CDATA[So we&apos;ll type &quot;ml.addBook(b1);&quot; and &quot;ml.addBook<BR>(b2);&quot;. Now we&apos;ll use Quick Fix to create the <BR>empty method.  ]]></Caption>
      </captionObject>
      <captionObject>
         <Time>481.500000</Time>
         <Caption><![CDATA[Next, we&apos;ll go back to our test class and add in 3 <BR>assert statements. First, we&apos;ll check that 2 is <BR>the size() of the getBooks() now. ]]></Caption>
      </captionObject>
      <captionObject>
         <Time>502.700000</Time>
         <Caption><![CDATA[Since we&apos;ve added 2 objects, 2 should be equal to <BR>&quot;getBooks().size&quot;.<BR>]]></Caption>
      </captionObject>
      <captionObject>
         <Time>509.400000</Time>
         <Caption><![CDATA[Next, we&apos;ll assert that 0 is the index of object <BR>b1. So it&apos;s &quot;indexOf(b1)&quot;. Remember: we start <BR>counting at 0. ]]></Caption>
      </captionObject>
      <captionObject>
         <Time>527.400000</Time>
         <Caption><![CDATA[Then we&apos;ll copy and paste this line, and we&apos;ll do <BR>the same thing. We&apos;ll say that 1 is the index of <BR>object b2. ]]></Caption>
      </captionObject>
      <captionObject>
         <Time>539.900000</Time>
         <Caption><![CDATA[Now, we&apos;ve tested our addBook() method. Let&apos;s test <BR>our removeBook() method. <BR>]]></Caption>
      </captionObject>
      <captionObject>
         <Time>547.400000</Time>
         <Caption><![CDATA[So we&apos;ll type &quot;ml.removeBook(b1);&quot; -- we&apos;ll remove <BR>book b1 -- and then we&apos;ll copy the assertEquals. <BR>]]></Caption>
      </captionObject>
      <captionObject>
         <Time>560.000000</Time>
         <Caption><![CDATA[And now we&apos;re going to assert that the size should <BR>be 1, because we&apos;ve removed one of the books. <BR>]]></Caption>
      </captionObject>
      <captionObject>
         <Time>566.600000</Time>
         <Caption><![CDATA[Then, we&apos;ll copy and paste again and say that the <BR>index of book b2 should now be 0. <BR>]]></Caption>
      </captionObject>
      <captionObject>
         <Time>579.000000</Time>
         <Caption><![CDATA[So we&apos;ve removed Book b1, the size should now be <BR>1, and Book b2 should now be moved to index 0. <BR>]]></Caption>
      </captionObject>
      <captionObject>
         <Time>591.300000</Time>
         <Caption><![CDATA[Now we&apos;ll use Quick Fix to add the removeBook() <BR>method to our MyLibrary class. And there it is.<BR>]]></Caption>
      </captionObject>
      <captionObject>
         <Time>600.600000</Time>
         <Caption><![CDATA[Now we&apos;ll save and go back to the test class. Now <BR>we&apos;re going to do something very similar.<BR>]]></Caption>
      </captionObject>
      <captionObject>
         <Time>607.400000</Time>
         <Caption><![CDATA[We&apos;re going to copy these two lines, paste them <BR>down below, and we&apos;ll now remove Book b2, because <BR>that&apos;s the one left.]]></Caption>
      </captionObject>
      <captionObject>
         <Time>617.700000</Time>
         <Caption><![CDATA[And we&apos;ll check that the size now is 0. And we&apos;ll <BR>save our file. <BR>]]></Caption>
      </captionObject>
      <captionObject>
         <Time>624.900000</Time>
         <Caption><![CDATA[Now, let&apos;s go back to the MyLibrary class and <BR>actually write the two methods. <BR>]]></Caption>
      </captionObject>
      <captionObject>
         <Time>630.300000</Time>
         <Caption><![CDATA[Both methods are very simple, since they just use <BR>built-in methods of the ArrayList class.<BR>]]></Caption>
      </captionObject>
      <captionObject>
         <Time>637.500000</Time>
         <Caption><![CDATA[The first one is just &quot;this.books.add(b1);&quot;. So <BR>we&apos;re just using the add() method of the ArrayList <BR>class to add the b1 parameter.  ]]></Caption>
      </captionObject>
      <captionObject>
         <Time>651.900000</Time>
         <Caption><![CDATA[The removeBook() is very similar. It&apos;s <BR>&quot;this.books.remove(&quot;, and here we want to remove <BR>an object, and again the object is &quot;b1&quot;. ]]></Caption>
      </captionObject>
      <captionObject>
         <Time>666.500000</Time>
         <Caption><![CDATA[So we&apos;ll save. Then we&apos;ll go back over to the <BR>test, double-click, re-run our test ... <BR>]]></Caption>
      </captionObject>
      <captionObject>
         <Time>677.266667</Time>
         <Caption><![CDATA[and it works. <BR>]]></Caption>
      </captionObject>
      <captionObject>
         <Time>679.900000</Time>
         <Caption><![CDATA[Now, we&apos;ll write the add and remove Person <BR>methods. To save time, we&apos;ll just code the methods <BR>in the MyLibrary class. ]]></Caption>
      </captionObject>
      <captionObject>
         <Time>688.300000</Time>
         <Caption><![CDATA[If you like, create your own test method to test <BR>these methods. <BR>]]></Caption>
      </captionObject>
      <captionObject>
         <Time>695.300000</Time>
         <Caption><![CDATA[So the add method is &quot;public void addPerson(Person <BR>p1) {&quot;, and it&apos;s &quot;this.people.add(p1);&quot;. That&apos;s <BR>all there is to it. ]]></Caption>
      </captionObject>
      <captionObject>
         <Time>717.200000</Time>
         <Caption><![CDATA[And the other method is very similar: &quot;public void <BR>removePerson(Person p1) {&quot;, <BR>&quot;this.people.remove(&quot; object &quot;p1&quot;. ]]></Caption>
      </captionObject>
      <captionObject>
         <Time>737.400000</Time>
         <Caption><![CDATA[We&apos;ll save. At this point, we have some of our <BR>methods done. <BR>]]></Caption>
      </captionObject>
      <captionObject>
         <Time>745.400000</Time>
         <Caption><![CDATA[If we go into the Package Explorer, we can see <BR>that we have a number of our methods written for <BR>the MyLibrary class.  ]]></Caption>
      </captionObject>
      <captionObject>
         <Time>753.600000</Time>
         <Caption><![CDATA[We have some more methods to write, and that&apos;s <BR>what we&apos;ll work on in the next lesson. <BR>]]></Caption>
      </captionObject>
      <captionObject>
         <Time>758.633333</Time>
         <Caption><![CDATA[This is the end of Lesson 11. I&apos;m Mark Dexter <BR>saying so long for now.<BR>]]></Caption>
      </captionObject>
      <captionObject>
         <Time>764.000000</Time>
         <Caption><![CDATA[(Closing music ...)]]></Caption>
      </captionObject>
   </array>
</CaptionXML>
</Caption_Array_Object>
</CaptionPlayerXML_Array>
<CaptionFontHeight>23</CaptionFontHeight>
<MaxCaptionsCharsPerLine>50</MaxCaptionsCharsPerLine>
<TimelineCaptionCount>78</TimelineCaptionCount>
<CaptionHeight>0</CaptionHeight>
<CloseCaptions_Array>
<captionObject>
<Time>0.000000</Time>
<Caption><![CDATA[(Opening music ...)<BR><BR>]]></Caption>
</captionObject>
<captionObject>
<Time>9.700000</Time>
<Caption><![CDATA[Hello again. Welcome back to Eclipse and Java for <BR>Total Beginners. <BR>]]></Caption>
</captionObject>
<captionObject>
<Time>13.600000</Time>
<Caption><![CDATA[In this lesson, we&apos;re going to add some more <BR>methods to our MyLibrary class, again using the <BR>test-first approach.]]></Caption>
</captionObject>
<captionObject>
<Time>20.800000</Time>
<Caption><![CDATA[First, let&apos;s consider what methods we need in our <BR>class. We will want get methods for the 3 fields <BR>in the class. ]]></Caption>
</captionObject>
<captionObject>
<Time>30.800000</Time>
<Caption><![CDATA[We don&apos;t really need set methods, since the name <BR>will be set when we create the object, <BR>]]></Caption>
</captionObject>
<captionObject>
<Time>35.600000</Time>
<Caption><![CDATA[and the lists will be easier to manage one item at <BR>a time. You&apos;ll see more about this as we go along. <BR>]]></Caption>
</captionObject>
<captionObject>
<Time>42.100000</Time>
<Caption><![CDATA[To manage the lists, we will need to be able to <BR>add and remove items. <BR>]]></Caption>
</captionObject>
<captionObject>
<Time>48.600000</Time>
<Caption><![CDATA[So we&apos;ll need: addBook(), addPerson(), <BR>removeBook(), and removePerson() methods.<BR>]]></Caption>
</captionObject>
<captionObject>
<Time>54.500000</Time>
<Caption><![CDATA[So those are the ones we&apos;ll work on in this <BR>lesson.<BR>]]></Caption>
</captionObject>
<captionObject>
<Time>57.700000</Time>
<Caption><![CDATA[In addition, we&apos;ll need methods to check out books <BR>and to check in books.<BR>]]></Caption>
</captionObject>
<captionObject>
<Time>62.600000</Time>
<Caption><![CDATA[It would be nice to be able to get a list of books <BR>that are available -- books that aren&apos;t checked <BR>out -- ]]></Caption>
</captionObject>
<captionObject>
<Time>69.100000</Time>
<Caption><![CDATA[and it would be nice to get a list of books that <BR>are checked out. <BR>]]></Caption>
</captionObject>
<captionObject>
<Time>72.900000</Time>
<Caption><![CDATA[Finally, if we have a Person object, it would be <BR>nice to get a list of the books this Person has <BR>checked out.]]></Caption>
</captionObject>
<captionObject>
<Time>79.200000</Time>
<Caption><![CDATA[So let&apos;s get started. Let&apos;s open up the MyLibary <BR>class in the Package Explorer.<BR>]]></Caption>
</captionObject>
<captionObject>
<Time>89.400000</Time>
<Caption><![CDATA[We&apos;ll select MyLibrary. And we&apos;ll let Eclipse <BR>create the get methods for us, as we did before.<BR>]]></Caption>
</captionObject>
<captionObject>
<Time>96.800000</Time>
<Caption><![CDATA[So we&apos;ll go Source / Generate Getters and Setters. <BR>Then, as we mentioned, we don&apos;t want set methods <BR>but we do want get methods.]]></Caption>
</captionObject>
<captionObject>
<Time>110.100000</Time>
<Caption><![CDATA[So we&apos;ll check getBooks(), getName(), and <BR>getPeople(). And then we&apos;ll press OK. <BR>]]></Caption>
</captionObject>
<captionObject>
<Time>119.500000</Time>
<Caption><![CDATA[And we can see that we&apos;ve got getBooks(), <BR>getPeople() and getName(). <BR>]]></Caption>
</captionObject>
<captionObject>
<Time>128.900000</Time>
<Caption><![CDATA[Now, just to be safe, let&apos;s open up our <BR>MyLibraryTest class and run the test -- <BR>]]></Caption>
</captionObject>
<captionObject>
<Time>142.200000</Time>
<Caption><![CDATA[just to make sure we didn&apos;t break anything. It <BR>runs successfully. <BR>]]></Caption>
</captionObject>
<captionObject>
<Time>149.700000</Time>
<Caption><![CDATA[The next thing we want to do is write a method to <BR>test the add and remove book methods. We&apos;ll test <BR>both of these in one test method.]]></Caption>
</captionObject>
<captionObject>
<Time>160.000000</Time>
<Caption><![CDATA[As we think about these tests, we&apos;re going to need <BR>some Book and Person objects and a MyLibrary <BR>object to work with. ]]></Caption>
</captionObject>
<captionObject>
<Time>169.000000</Time>
<Caption><![CDATA[We could create these in each of the separate test <BR>methods, but that might require duplicate code.<BR>]]></Caption>
</captionObject>
<captionObject>
<Time>176.700000</Time>
<Caption><![CDATA[Instead, let&apos;s write a simple setup() method that <BR>will just create some Book and Person objects and <BR>a MyLibrary object.]]></Caption>
</captionObject>
<captionObject>
<Time>186.100000</Time>
<Caption><![CDATA[That way we can just run setup() at the start of <BR>each test, and we&apos;ll have some objects to work <BR>with. ]]></Caption>
</captionObject>
<captionObject>
<Time>193.100000</Time>
<Caption><![CDATA[We&apos;ll double click to give us some space. We&apos;ll <BR>use Code Assist. The method returns void, it&apos;s <BR>called &quot;setup()&quot;. ]]></Caption>
</captionObject>
<captionObject>
<Time>203.600000</Time>
<Caption><![CDATA[And it&apos;s just going to create some objects for us. <BR>First we&apos;ll create two books. We&apos;ll name the first <BR>one b1 with a title &quot;Book1&quot;. ]]></Caption>
</captionObject>
<captionObject>
<Time>216.100000</Time>
<Caption><![CDATA[Then we&apos;ll just copy and paste this line and <BR>change &quot;b1&quot; to &quot;b2&quot; and &quot;Book1&quot; to &quot;Book2&quot;. <BR>]]></Caption>
</captionObject>
<captionObject>
<Time>223.800000</Time>
<Caption><![CDATA[So now we have two Book objects. Now we&apos;ll create <BR>two new Person objects the same way. <BR>]]></Caption>
</captionObject>
<captionObject>
<Time>230.300000</Time>
<Caption><![CDATA[We&apos;ll create &quot;p1&quot; and then we&apos;ll copy &quot;p1&quot;, paste, <BR>and call it &quot;p2&quot;. <BR>]]></Caption>
</captionObject>
<captionObject>
<Time>243.100000</Time>
<Caption><![CDATA[Next we need to set the names of the two Person <BR>objects. We&apos;ll call the first one &quot;Fred&quot; and the <BR>second one &quot;Sue&quot;. ]]></Caption>
</captionObject>
<captionObject>
<Time>259.700000</Time>
<Caption><![CDATA[Finally, let&apos;s create the MyLibrary object. So <BR>we&apos;ll go &quot;Mylibrary ml = new MyLibrary(&quot; and we&apos;ll <BR>give the name &quot;Test&quot;. ]]></Caption>
</captionObject>
<captionObject>
<Time>271.900000</Time>
<Caption><![CDATA[Now, as we look at this, we&apos;ve got a problem. The <BR>variables b1, b2, p1, p2, and ml are all local <BR>variables.]]></Caption>
</captionObject>
<captionObject>
<Time>284.100000</Time>
<Caption><![CDATA[That is, they are declared inside the setup() <BR>method. So these variables will not be visible <BR>inside the other methods of our test class. ]]></Caption>
</captionObject>
<captionObject>
<Time>296.400000</Time>
<Caption><![CDATA[Of course, the whole reason for creating this <BR>setup() method is to have these variables <BR>available in the other methods. ]]></Caption>
</captionObject>
<captionObject>
<Time>303.600000</Time>
<Caption><![CDATA[To fix this, we need to make these variables <BR>fields of our test class, and that way any method <BR>inside the class can have access to the fields. ]]></Caption>
</captionObject>
<captionObject>
<Time>317.200000</Time>
<Caption><![CDATA[This is an issue that other Java programmers have <BR>faced. And Eclipse has an automatic way of turning <BR>a local variable into a field. ]]></Caption>
</captionObject>
<captionObject>
<Time>330.200000</Time>
<Caption><![CDATA[We&apos;ll highlight the first declaration, go up to <BR>Refactor, and one of the choices is &quot;Convert Local <BR>Variable to Field...&quot;. ]]></Caption>
</captionObject>
<captionObject>
<Time>339.500000</Time>
<Caption><![CDATA[If we select that, it gives us some options. We&apos;ll <BR>just take the defaults, press OK, and now we&apos;ve b1 <BR>is a private field,]]></Caption>
</captionObject>
<captionObject>
<Time>352.800000</Time>
<Caption><![CDATA[and it&apos;s not declared down in the setup() method. <BR>So we&apos;ll do that same thing a few more times.<BR>]]></Caption>
</captionObject>
<captionObject>
<Time>365.100000</Time>
<Caption><![CDATA[Now we could, of course, make these same changes <BR>by hand, but using the Eclipse is not only a lot  <BR>faster, it&apos;s also less prone to error. ]]></Caption>
</captionObject>
<captionObject>
<Time>379.200000</Time>
<Caption><![CDATA[We&apos;ll do it one last time for the &quot;ml&quot; variable. <BR>Now we&apos;ve got these available as fields, and the <BR>setup() method is just initializing the fields.]]></Caption>
</captionObject>
<captionObject>
<Time>395.000000</Time>
<Caption><![CDATA[This is what we want. Now these variables will be <BR>available to us in our test methods. <BR>]]></Caption>
</captionObject>
<captionObject>
<Time>401.900000</Time>
<Caption><![CDATA[Now, let&apos;s start the test method. We&apos;ll create the <BR>method. It&apos;s public, void, and it&apos;s called <BR>&quot;testAddBook()&quot;. ]]></Caption>
</captionObject>
<captionObject>
<Time>418.300000</Time>
<Caption><![CDATA[The first thing we&apos;re going to do is use our<BR>setup() method to create our test objects. So <BR>we&apos;ll create the test objects by running setup().]]></Caption>
</captionObject>
<captionObject>
<Time>430.300000</Time>
<Caption><![CDATA[Now we&apos;ll test that the initial size of books is <BR>0. So we&apos;ll do assertEquals(), we&apos;ll say that we <BR>expect 0, ]]></Caption>
</captionObject>
<captionObject>
<Time>441.800000</Time>
<Caption><![CDATA[and the actual is the ml.getBooks().size() method. <BR>The size() method returns the total number of <BR>items in the list. ]]></Caption>
</captionObject>
<captionObject>
<Time>452.200000</Time>
<Caption><![CDATA[Next, let&apos;s add our books to the list using the <BR>yet-to-be-created addBook() method. <BR>]]></Caption>
</captionObject>
<captionObject>
<Time>458.600000</Time>
<Caption><![CDATA[We&apos;ll use Quick Fix to add the empty method to the <BR>MyLibrary class.<BR>]]></Caption>
</captionObject>
<captionObject>
<Time>464.300000</Time>
<Caption><![CDATA[So we&apos;ll type &quot;ml.addBook(b1);&quot; and &quot;ml.addBook<BR>(b2);&quot;. Now we&apos;ll use Quick Fix to create the <BR>empty method.  ]]></Caption>
</captionObject>
<captionObject>
<Time>481.500000</Time>
<Caption><![CDATA[Next, we&apos;ll go back to our test class and add in 3 <BR>assert statements. First, we&apos;ll check that 2 is <BR>the size() of the getBooks() now. ]]></Caption>
</captionObject>
<captionObject>
<Time>502.700000</Time>
<Caption><![CDATA[Since we&apos;ve added 2 objects, 2 should be equal to <BR>&quot;getBooks().size&quot;.<BR>]]></Caption>
</captionObject>
<captionObject>
<Time>509.400000</Time>
<Caption><![CDATA[Next, we&apos;ll assert that 0 is the index of object <BR>b1. So it&apos;s &quot;indexOf(b1)&quot;. Remember: we start <BR>counting at 0. ]]></Caption>
</captionObject>
<captionObject>
<Time>527.400000</Time>
<Caption><![CDATA[Then we&apos;ll copy and paste this line, and we&apos;ll do <BR>the same thing. We&apos;ll say that 1 is the index of <BR>object b2. ]]></Caption>
</captionObject>
<captionObject>
<Time>539.900000</Time>
<Caption><![CDATA[Now, we&apos;ve tested our addBook() method. Let&apos;s test <BR>our removeBook() method. <BR>]]></Caption>
</captionObject>
<captionObject>
<Time>547.400000</Time>
<Caption><![CDATA[So we&apos;ll type &quot;ml.removeBook(b1);&quot; -- we&apos;ll remove <BR>book b1 -- and then we&apos;ll copy the assertEquals. <BR>]]></Caption>
</captionObject>
<captionObject>
<Time>560.000000</Time>
<Caption><![CDATA[And now we&apos;re going to assert that the size should <BR>be 1, because we&apos;ve removed one of the books. <BR>]]></Caption>
</captionObject>
<captionObject>
<Time>566.600000</Time>
<Caption><![CDATA[Then, we&apos;ll copy and paste again and say that the <BR>index of book b2 should now be 0. <BR>]]></Caption>
</captionObject>
<captionObject>
<Time>579.000000</Time>
<Caption><![CDATA[So we&apos;ve removed Book b1, the size should now be <BR>1, and Book b2 should now be moved to index 0. <BR>]]></Caption>
</captionObject>
<captionObject>
<Time>591.300000</Time>
<Caption><![CDATA[Now we&apos;ll use Quick Fix to add the removeBook() <BR>method to our MyLibrary class. And there it is.<BR>]]></Caption>
</captionObject>
<captionObject>
<Time>600.600000</Time>
<Caption><![CDATA[Now we&apos;ll save and go back to the test class. Now <BR>we&apos;re going to do something very similar.<BR>]]></Caption>
</captionObject>
<captionObject>
<Time>607.400000</Time>
<Caption><![CDATA[We&apos;re going to copy these two lines, paste them <BR>down below, and we&apos;ll now remove Book b2, because <BR>that&apos;s the one left.]]></Caption>
</captionObject>
<captionObject>
<Time>617.700000</Time>
<Caption><![CDATA[And we&apos;ll check that the size now is 0. And we&apos;ll <BR>save our file. <BR>]]></Caption>
</captionObject>
<captionObject>
<Time>624.900000</Time>
<Caption><![CDATA[Now, let&apos;s go back to the MyLibrary class and <BR>actually write the two methods. <BR>]]></Caption>
</captionObject>
<captionObject>
<Time>630.300000</Time>
<Caption><![CDATA[Both methods are very simple, since they just use <BR>built-in methods of the ArrayList class.<BR>]]></Caption>
</captionObject>
<captionObject>
<Time>637.500000</Time>
<Caption><![CDATA[The first one is just &quot;this.books.add(b1);&quot;. So <BR>we&apos;re just using the add() method of the ArrayList <BR>class to add the b1 parameter.  ]]></Caption>
</captionObject>
<captionObject>
<Time>651.900000</Time>
<Caption><![CDATA[The removeBook() is very similar. It&apos;s <BR>&quot;this.books.remove(&quot;, and here we want to remove <BR>an object, and again the object is &quot;b1&quot;. ]]></Caption>
</captionObject>
<captionObject>
<Time>666.500000</Time>
<Caption><![CDATA[So we&apos;ll save. Then we&apos;ll go back over to the <BR>test, double-click, re-run our test ... <BR>]]></Caption>
</captionObject>
<captionObject>
<Time>677.266667</Time>
<Caption><![CDATA[and it works. <BR>]]></Caption>
</captionObject>
<captionObject>
<Time>679.900000</Time>
<Caption><![CDATA[Now, we&apos;ll write the add and remove Person <BR>methods. To save time, we&apos;ll just code the methods <BR>in the MyLibrary class. ]]></Caption>
</captionObject>
<captionObject>
<Time>688.300000</Time>
<Caption><![CDATA[If you like, create your own test method to test <BR>these methods. <BR>]]></Caption>
</captionObject>
<captionObject>
<Time>695.300000</Time>
<Caption><![CDATA[So the add method is &quot;public void addPerson(Person <BR>p1) {&quot;, and it&apos;s &quot;this.people.add(p1);&quot;. That&apos;s <BR>all there is to it. ]]></Caption>
</captionObject>
<captionObject>
<Time>717.200000</Time>
<Caption><![CDATA[And the other method is very similar: &quot;public void <BR>removePerson(Person p1) {&quot;, <BR>&quot;this.people.remove(&quot; object &quot;p1&quot;. ]]></Caption>
</captionObject>
<captionObject>
<Time>737.400000</Time>
<Caption><![CDATA[We&apos;ll save. At this point, we have some of our <BR>methods done. <BR>]]></Caption>
</captionObject>
<captionObject>
<Time>745.400000</Time>
<Caption><![CDATA[If we go into the Package Explorer, we can see <BR>that we have a number of our methods written for <BR>the MyLibrary class.  ]]></Caption>
</captionObject>
<captionObject>
<Time>753.600000</Time>
<Caption><![CDATA[We have some more methods to write, and that&apos;s <BR>what we&apos;ll work on in the next lesson. <BR>]]></Caption>
</captionObject>
<captionObject>
<Time>758.633333</Time>
<Caption><![CDATA[This is the end of Lesson 11. I&apos;m Mark Dexter <BR>saying so long for now.<BR>]]></Caption>
</captionObject>
<captionObject>
<Time>764.000000</Time>
<Caption><![CDATA[(Closing music ...)]]></Caption>
</captionObject>
</CloseCaptions_Array>
<NumMetaDataTypes>34</NumMetaDataTypes>
<MetaData_Array>
<MetaData_Object>
<MetaDataType>Creator</MetaDataType>
<MetaDataValue>Mark Dexter</MetaDataValue>
<MetaDataEmbedName>DC.creator</MetaDataEmbedName>
</MetaData_Object>
</MetaData_Array>
<NumFileTypesUsedByProduction>4</NumFileTypesUsedByProduction>
<FileTypesUsed_Array>
<FileTypeUsed_Object>
<FileTypeName>Video</FileTypeName>
</FileTypeUsed_Object>
<FileTypeUsed_Object>
<FileTypeName>HTMLFile</FileTypeName>
</FileTypeUsed_Object>
<FileTypeUsed_Object>
<FileTypeName>EmbededPlayerJS</FileTypeName>
</FileTypeUsed_Object>
<FileTypeUsed_Object>
<FileTypeName>ProductionInfoXML</FileTypeName>
</FileTypeUsed_Object>
</FileTypesUsed_Array>
<NumFilesTotal>4</NumFilesTotal>
<ProducedFiles_Array>
<ProducedFile_Object>
<FileName>C:\Documents and Settings\Mark\My Documents\Camtasia Studio\Total Beginners\output-200711\lesson11\lesson11.swf</FileName>
<FileSize>20612981</FileSize>
<FileType>Video</FileType>
<WhichFilesOfCurType>0</WhichFilesOfCurType>
<TotalFilesOfCurType>1</TotalFilesOfCurType>
</ProducedFile_Object>
<ProducedFile_Object>
<FileName>C:\Documents and Settings\Mark\My Documents\Camtasia Studio\Total Beginners\output-200711\lesson11\lesson11.html</FileName>
<FileSize>0</FileSize>
<FileType>HTMLFile</FileType>
<WhichFilesOfCurType>0</WhichFilesOfCurType>
<TotalFilesOfCurType>1</TotalFilesOfCurType>
</ProducedFile_Object>
<ProducedFile_Object>
<FileName>C:\Documents and Settings\Mark\My Documents\Camtasia Studio\Total Beginners\output-200711\lesson11\swfobject.js</FileName>
<FileSize>0</FileSize>
<FileType>EmbededPlayerJS</FileType>
<WhichFilesOfCurType>0</WhichFilesOfCurType>
<TotalFilesOfCurType>1</TotalFilesOfCurType>
</ProducedFile_Object>
<ProducedFile_Object>
<FileName>C:\Documents and Settings\Mark\My Documents\Camtasia Studio\Total Beginners\output-200711\lesson11\ProductionInfo.xml</FileName>
<FileSize>0</FileSize>
<FileType>ProductionInfoXML</FileType>
<WhichFilesOfCurType>0</WhichFilesOfCurType>
<TotalFilesOfCurType>1</TotalFilesOfCurType>
</ProducedFile_Object>
</ProducedFiles_Array>
<OutputBasePath>C:\Documents and Settings\Mark\My Documents\Camtasia Studio\Total Beginners\output-200711\lesson11\</OutputBasePath>
<ProductionFormat>SWF</ProductionFormat>
<NumVideoSegments>1</NumVideoSegments>
<NumHTMLFiles>1</NumHTMLFiles>
<TotalProductionSize>20612981</TotalProductionSize>
<m_cf_rtRenderRangeStart>-1</m_cf_rtRenderRangeStart>
<m_cf_rtRenderRangeStop>-1</m_cf_rtRenderRangeStop>
<m_cf_strTempDir>C:\DOCUME~1\Mark\LOCALS~1\Temp\</m_cf_strTempDir>
<m_cf_bWritePIPFile>0</m_cf_bWritePIPFile>
<m_cf_bDisablePIPVideo>1</m_cf_bDisablePIPVideo>
<m_cf_bWriteIndex>1</m_cf_bWriteIndex>
<m_cf_bWriteMultipleFiles>0</m_cf_bWriteMultipleFiles>
<m_cf_strHTMLTemplateName>Template.htm</m_cf_strHTMLTemplateName>
<m_cf_HTMLAlignment>1</m_cf_HTMLAlignment>
<m_cf_bSCORMOutput>0</m_cf_bSCORMOutput>
<m_cf_bController>1</m_cf_bController>
<m_cf_bAutoPlay>1</m_cf_bAutoPlay>
<m_cf_bNumberIndexMarkers>0</m_cf_bNumberIndexMarkers>
<m_cf_bShortenIndexNames>1</m_cf_bShortenIndexNames>
<m_cf_nShortenedIndexLength>17</m_cf_nShortenedIndexLength>
<m_cf_bQuizShowFeedback>1</m_cf_bQuizShowFeedback>
<m_cf_bEMailQuizResults>0</m_cf_bEMailQuizResults>
<m_cf_bEMailIncludeScore>0</m_cf_bEMailIncludeScore>
<m_cf_bJavaScriptQuizResults>0</m_cf_bJavaScriptQuizResults>
<m_cf_bHTMLOutput>1</m_cf_bHTMLOutput>
<m_cf_SCORMVersion>0</m_cf_SCORMVersion>
<m_cf_strManifestID>ID-9305653E-3CA3-49D4-8C95-A18B8F0E5D55</m_cf_strManifestID>
<m_cf_strManifestTitle></m_cf_strManifestTitle>
<m_cf_strDuration>0:13:59.01</m_cf_strDuration>
<m_cf_strSubject></m_cf_strSubject>
<m_cf_strManifestDescription></m_cf_strManifestDescription>
<m_cf_strLanguage>en</m_cf_strLanguage>
<m_cf_SCORMPackage>2</m_cf_SCORMPackage>
<m_cf_strSCOTitle></m_cf_strSCOTitle>
<m_cf_ProductionFormat>8</m_cf_ProductionFormat>
<m_cf_strTitle></m_cf_strTitle>
<m_cf_strAuthor>Mark Dexter</m_cf_strAuthor>
<m_cf_strCopyright></m_cf_strCopyright>
<m_cf_strDescription></m_cf_strDescription>
<m_cf_MultiFileOutputStyle>0</m_cf_MultiFileOutputStyle>
<m_cf_strVideoCompressor>Techsmith Screen Capture Codec</m_cf_strVideoCompressor>
<m_cf_bAddCaption>0</m_cf_bAddCaption>
<m_cf_bWriteCCInfo>1</m_cf_bWriteCCInfo>
<m_cf_bOverlayCaption>1</m_cf_bOverlayCaption>
<m_cf_strCaptionFontFamily>Microsoft Sans Serif</m_cf_strCaptionFontFamily>
<m_cf_bAddIPODFileToProduction>0</m_cf_bAddIPODFileToProduction>
<m_cf_bAddMP3FileToProduction>0</m_cf_bAddMP3FileToProduction>
<m_cf_bAddPPTFileToProduction>0</m_cf_bAddPPTFileToProduction>
<m_cf_strPPTFileToAddToProduction></m_cf_strPPTFileToAddToProduction>
<m_cf_bAviEncodeAudio>1</m_cf_bAviEncodeAudio>
<m_cf_AVIFrameRate>10</m_cf_AVIFrameRate>
<m_cf_nKeyFrameRate>30</m_cf_nKeyFrameRate>
<m_cf_PIP_nKeyFrameRate>30</m_cf_PIP_nKeyFrameRate>
<m_cf_PIP_AVIFrameRate>0</m_cf_PIP_AVIFrameRate>
<m_cf_SwfPlaybackControls>0</m_cf_SwfPlaybackControls>
<m_cf_strControllerSkinName>glass</m_cf_strControllerSkinName>
<m_cf_nSwfTargetVersion>7</m_cf_nSwfTargetVersion>
<m_cf_bSwfMatchPreloadMovieSize>0</m_cf_bSwfMatchPreloadMovieSize>
<m_cf_bSwfPauseAtStart>1</m_cf_bSwfPauseAtStart>
<m_cf_bSwfPreloadAdvanced>1</m_cf_bSwfPreloadAdvanced>
<m_cf_bSwfSingleSWF>1</m_cf_bSwfSingleSWF>
<m_cf_nSwfMainMovieLoadPercent>10</m_cf_nSwfMainMovieLoadPercent>
<m_cf_nSwfPreloadMinDisplayTime>3</m_cf_nSwfPreloadMinDisplayTime>
<m_cf_clrSwfControlColor>0x00C0C0C0</m_cf_clrSwfControlColor>
<m_cf_bSwfShowAboutBtn>1</m_cf_bSwfShowAboutBtn>
<m_cf_strSwfAboutBoxTxt>Copyright (c) 2007 Mark Dexter. Licensed under the Educational Community License version 1.0.</m_cf_strSwfAboutBoxTxt>
<m_cf_strSwfAboutBoxInfoTxt></m_cf_strSwfAboutBoxInfoTxt>
<m_cf_strSwfAboutTitle>Total Beginners</m_cf_strSwfAboutTitle>
<m_cf_strSwfStartTxt>Eclipse and Java for Total Beginners</m_cf_strSwfStartTxt>
<m_cf_SwfAboutBoxWidth>336</m_cf_SwfAboutBoxWidth>
<m_cf_SwfAboutBoxHeight>270</m_cf_SwfAboutBoxHeight>
<m_cf_bSwfAboutBoxTabSelected>1</m_cf_bSwfAboutBoxTabSelected>
<m_cf_strSwfTimeDisplayFormat>MM:SS</m_cf_strSwfTimeDisplayFormat>
<m_cf_bSwfCCInitiallyVisible>0</m_cf_bSwfCCInitiallyVisible>
<m_cf_bSwfFullScreen>0</m_cf_bSwfFullScreen>
<m_cf_bSwfAllowResizing>1</m_cf_bSwfAllowResizing>
<m_cf_nSwfVolueme>50</m_cf_nSwfVolueme>
<m_cf_bSwfBrandContextMenu>0</m_cf_bSwfBrandContextMenu>
<m_cf_SwfTOCType>1</m_cf_SwfTOCType>
<m_cf_SwfTOCTitle></m_cf_SwfTOCTitle>
<m_cf_bSwfShowMovieDuration>1</m_cf_bSwfShowMovieDuration>
<m_cf_bSwfShowTimeElapsed>1</m_cf_bSwfShowTimeElapsed>
<m_cf_strSwfTimeFont>Arial</m_cf_strSwfTimeFont>
<m_cf_clrSwfTimeFontColor>0x00000000</m_cf_clrSwfTimeFontColor>
<m_cf_SwfEndAction>0</m_cf_SwfEndAction>
<m_cf_strSwfEndActionUrl>http://</m_cf_strSwfEndActionUrl>
<m_cf_nSwfEndActionTarget>0</m_cf_nSwfEndActionTarget>
<m_cf_bPauseAfterJump>1</m_cf_bPauseAfterJump>
<m_cf_rtJumpPoint>0</m_cf_rtJumpPoint>
<m_cf_strSwfStartLogo></m_cf_strSwfStartLogo>
<m_cf_strSwfEndLogo>EndLogo</m_cf_strSwfEndLogo>
<m_cf_strSwfAboutLogo></m_cf_strSwfAboutLogo>
<m_cf_strSwfAboutTitleLogo></m_cf_strSwfAboutTitleLogo>
<m_cf_strSwfTocLogo></m_cf_strSwfTocLogo>
</Production_Data>
