﻿<?xml version="1.0" encoding="UTF-8" ?><Production_Data Version="5.00"><HTMLTemplateFile>Template.htm</HTMLTemplateFile>
<HTMLTemplateBodyFile>expressShow\SSWFTemplate-body.htm</HTMLTemplateBodyFile>
<HTMLTemplateHeaderFile>expressShow\SSWFTemplate-header.htm</HTMLTemplateHeaderFile>
<VideoFilenameWithPath>C:\Documents and Settings\Mark\My Documents\Camtasia Studio\Total Beginners\output-200711\lesson10\lesson10.swf</VideoFilenameWithPath>
<AddIPodFileSize>0 bytes</AddIPodFileSize>
<AddMP3FileSize>0 bytes</AddMP3FileSize>
<AddPPTFileSize>0 bytes</AddPPTFileSize>
<ProjectName>lesson10</ProjectName>
<MediaDir></MediaDir>
<ShouldCreateMediaDir>0</ShouldCreateMediaDir>
<MaxTimelineWidth>800</MaxTimelineWidth>
<MaxTimelineHeight>600</MaxTimelineHeight>
<MaxTimelineFPS>15.00</MaxTimelineFPS>
<MaxVideoWidth>800</MaxVideoWidth>
<MaxVideoHeight>600</MaxVideoHeight>
<MaxVideoFPS>15.00</MaxVideoFPS>
<MaxPIPWidth>0</MaxPIPWidth>
<MaxPIPHeight>0</MaxPIPHeight>
<MaxPIPFPS>0.00</MaxPIPFPS>
<VideoDuration>743.40</VideoDuration>
<PIPVideoDuration>743.20</PIPVideoDuration>
<VideoFPS>30.00</VideoFPS>
<PIPVideoFPS>30.00</PIPVideoFPS>
<VideoWidth>800</VideoWidth>
<VideoHeight>618</VideoHeight>
<ActualVideoWidth>800</ActualVideoWidth>
<ActualVideoHeight>600</ActualVideoHeight>
<PIPVideoWidth>160</PIPVideoWidth>
<PIPVideoHeight>120</PIPVideoHeight>
<TOCWidth>-1</TOCWidth>
<MinTOCWidth>160</MinTOCWidth>
<TOCDividerHeight>18</TOCDividerHeight>
<TimelineHasAudio>1</TimelineHasAudio>
<TimelineDuration>7434000000</TimelineDuration>
<SWFControllerTotalHeight>18</SWFControllerTotalHeight>
<SWFMinWidth>320</SWFMinWidth>
<SWFTOCXPos>0</SWFTOCXPos>
<SWFTOCYPos>0</SWFTOCYPos>
<SWFTOCWidth>160</SWFTOCWidth>
<SWFTOCHeight>600</SWFTOCHeight>
<SWFHasPIPOverlay>0</SWFHasPIPOverlay>
<SWFControllerColor></SWFControllerColor>
<SWFTimeDispFontColor>0x000000</SWFTimeDispFontColor>
<SWFPlaybackConfigFileName>lesson10_config.xml</SWFPlaybackConfigFileName>
<SWFPlaybackControllerFileName>lesson10_controller.swf</SWFPlaybackControllerFileName>
<SWFPreloaderFileName></SWFPreloaderFileName>
<StripWhitespace>0</StripWhitespace>
<WritingImages>0</WritingImages>
<WritePreviewXML>0</WritePreviewXML>
<DisableTOC>0</DisableTOC>
<AutoPlay>0</AutoPlay>
<CancelledProduction>0</CancelledProduction>
<CancelledProdLength>7433000000</CancelledProdLength>
<Hotspot_Array>
<Hotspot_Array_Object>
               <array>
               <hotspot>
               </hotspot>
               <hotspot>
               </hotspot>
               <hotspot>
               </hotspot>
               <hotspot>
               </hotspot>
               <hotspot>
               </hotspot>
               <hotspot>
               </hotspot>
               <hotspot>
               </hotspot>
               <hotspot>
               </hotspot>
               <hotspot>
               </hotspot>
               <hotspot>
               </hotspot>
               <hotspot>
               </hotspot>
               <hotspot>
               </hotspot>
               <hotspot>
               </hotspot>
               <hotspot>
               </hotspot>
               <hotspot>
               </hotspot>
               <hotspot>
               </hotspot>
               </array>
</Hotspot_Array_Object>
</Hotspot_Array>
<AdjGlobalRenderRangeStart>-1</AdjGlobalRenderRangeStart>
<AdjGlobalRenderRangeStop>-1</AdjGlobalRenderRangeStop>
<AdjRenderRange_Array>
<AdjRenderRange_Obj>
<AdjRenderRangeStart>0</AdjRenderRangeStart>
<AdjRenderRangeStop>419666667</AdjRenderRangeStop>
</AdjRenderRange_Obj>
<AdjRenderRange_Obj>
<AdjRenderRangeStart>419666667</AdjRenderRangeStart>
<AdjRenderRangeStop>896333333</AdjRenderRangeStop>
</AdjRenderRange_Obj>
<AdjRenderRange_Obj>
<AdjRenderRangeStart>896333333</AdjRenderRangeStart>
<AdjRenderRangeStop>1405666667</AdjRenderRangeStop>
</AdjRenderRange_Obj>
<AdjRenderRange_Obj>
<AdjRenderRangeStart>1405666667</AdjRenderRangeStart>
<AdjRenderRangeStop>2208000000</AdjRenderRangeStop>
</AdjRenderRange_Obj>
<AdjRenderRange_Obj>
<AdjRenderRangeStart>2208000000</AdjRenderRangeStart>
<AdjRenderRangeStop>4340666667</AdjRenderRangeStop>
</AdjRenderRange_Obj>
<AdjRenderRange_Obj>
<AdjRenderRangeStart>4340666667</AdjRenderRangeStart>
<AdjRenderRangeStop>6028000000</AdjRenderRangeStop>
</AdjRenderRange_Obj>
<AdjRenderRange_Obj>
<AdjRenderRangeStart>6028000000</AdjRenderRangeStart>
<AdjRenderRangeStop>7434000000</AdjRenderRangeStop>
</AdjRenderRange_Obj>
</AdjRenderRange_Array>
<AdjMarkerDuration_Array>
<AdjMarkerDuration_Obj>
<AdjMarkerDuration>419666667</AdjMarkerDuration>
</AdjMarkerDuration_Obj>
<AdjMarkerDuration_Obj>
<AdjMarkerDuration>476666667</AdjMarkerDuration>
</AdjMarkerDuration_Obj>
<AdjMarkerDuration_Obj>
<AdjMarkerDuration>509333333</AdjMarkerDuration>
</AdjMarkerDuration_Obj>
<AdjMarkerDuration_Obj>
<AdjMarkerDuration>802333333</AdjMarkerDuration>
</AdjMarkerDuration_Obj>
<AdjMarkerDuration_Obj>
<AdjMarkerDuration>2132666667</AdjMarkerDuration>
</AdjMarkerDuration_Obj>
<AdjMarkerDuration_Obj>
<AdjMarkerDuration>1687333333</AdjMarkerDuration>
</AdjMarkerDuration_Obj>
<AdjMarkerDuration_Obj>
<AdjMarkerDuration>1406000000</AdjMarkerDuration>
</AdjMarkerDuration_Obj>
</AdjMarkerDuration_Array>
<AdjMarkerTimes_Array>
<AdjMarkerTime_Obj>
<AdjMarkerTime>0</AdjMarkerTime>
</AdjMarkerTime_Obj>
<AdjMarkerTime_Obj>
<AdjMarkerTime>419666667</AdjMarkerTime>
</AdjMarkerTime_Obj>
<AdjMarkerTime_Obj>
<AdjMarkerTime>896333333</AdjMarkerTime>
</AdjMarkerTime_Obj>
<AdjMarkerTime_Obj>
<AdjMarkerTime>1405666667</AdjMarkerTime>
</AdjMarkerTime_Obj>
<AdjMarkerTime_Obj>
<AdjMarkerTime>2208000000</AdjMarkerTime>
</AdjMarkerTime_Obj>
<AdjMarkerTime_Obj>
<AdjMarkerTime>4340666667</AdjMarkerTime>
</AdjMarkerTime_Obj>
<AdjMarkerTime_Obj>
<AdjMarkerTime>6028000000</AdjMarkerTime>
</AdjMarkerTime_Obj>
</AdjMarkerTimes_Array>
<HasQuizQuestions>0</HasQuizQuestions>
<m_strQuizQuestionOfString>Question @ of @</m_strQuizQuestionOfString>
<m_strQuizPrevString>Prev</m_strQuizPrevString>
<m_strQuizSubmitString>Submit</m_strQuizSubmitString>
<m_strQuizNextString>Next</m_strQuizNextString>
<m_strQuizDoneString>Done</m_strQuizDoneString>
<m_strQuizPreviewString>Preview</m_strQuizPreviewString>
<m_strQuizSendString>Send</m_strQuizSendString>
<m_strQuizMainMessageString>You have reached the end of the questions and this video. Your answers are ready to be sent.</m_strQuizMainMessageString>
<m_strQuizEmailContentsString>E-mail Contents</m_strQuizEmailContentsString>
<m_strQuizEmailToString>E-mail to </m_strQuizEmailToString>
<m_strQuizAnswersSentString>Your answers have been sent.</m_strQuizAnswersSentString>
<m_strQuizSummaryString>You have completed @ of @ questions.</m_strQuizSummaryString>
<m_strQuizScoreString>Score = @/@</m_strQuizScoreString>
<m_strQuizSummaryTitleString>Answers Summary</m_strQuizSummaryTitleString>
<Quiz_Array>
</Quiz_Array>
<Markers_Array>
<Marker_Object>
<MarkerName>Introduction</MarkerName>
<MarkerImage></MarkerImage>
<MarkerTime>0</MarkerTime>
<IndentLevel>0</IndentLevel>
<ShouldIgnore>0</ShouldIgnore>
</Marker_Object>
<Marker_Object>
<MarkerName>Create MyLibraryTest</MarkerName>
<MarkerImage></MarkerImage>
<MarkerTime>419666667</MarkerTime>
<IndentLevel>0</IndentLevel>
<ShouldIgnore>0</ShouldIgnore>
</Marker_Object>
<Marker_Object>
<MarkerName>Constructor Test</MarkerName>
<MarkerImage></MarkerImage>
<MarkerTime>896333333</MarkerTime>
<IndentLevel>0</IndentLevel>
<ShouldIgnore>0</ShouldIgnore>
</Marker_Object>
<Marker_Object>
<MarkerName>assertTrue Method</MarkerName>
<MarkerImage></MarkerImage>
<MarkerTime>1405666667</MarkerTime>
<IndentLevel>0</IndentLevel>
<ShouldIgnore>0</ShouldIgnore>
</Marker_Object>
<Marker_Object>
<MarkerName>Create MyLibrary Class</MarkerName>
<MarkerImage></MarkerImage>
<MarkerTime>2208000000</MarkerTime>
<IndentLevel>0</IndentLevel>
<ShouldIgnore>0</ShouldIgnore>
</Marker_Object>
<Marker_Object>
<MarkerName>MyLibrary Constructor</MarkerName>
<MarkerImage></MarkerImage>
<MarkerTime>4340666667</MarkerTime>
<IndentLevel>0</IndentLevel>
<ShouldIgnore>0</ShouldIgnore>
</Marker_Object>
<Marker_Object>
<MarkerName>Test the Constructor</MarkerName>
<MarkerImage></MarkerImage>
<MarkerTime>6028000000</MarkerTime>
<IndentLevel>0</IndentLevel>
<ShouldIgnore>0</ShouldIgnore>
</Marker_Object>
</Markers_Array>
<CaptionPlayerXML_Array>
<Caption_Array_Object>
<CaptionXML>   <array>
      <captionObject>
         <Time>0.000000</Time>
         <Caption><![CDATA[(Opening music ...)<BR><BR>]]></Caption>
      </captionObject>
      <captionObject>
         <Time>9.633333</Time>
         <Caption><![CDATA[Hello again. Welcome back to Eclipse and Java for <BR>Total Beginners. In this lesson, we&apos;re going to <BR>create our library class. ]]></Caption>
      </captionObject>
      <captionObject>
         <Time>17.300000</Time>
         <Caption><![CDATA[This class is going to hold lists of Book and <BR>Person objects, representing the books we own and <BR>the people who might borrow the books.]]></Caption>
      </captionObject>
      <captionObject>
         <Time>25.733333</Time>
         <Caption><![CDATA[Now, the word &quot;library&quot; is not a reserved word in <BR>Java, so we could call our class “library”. <BR>]]></Caption>
      </captionObject>
      <captionObject>
         <Time>32.633333</Time>
         <Caption><![CDATA[However, a library in Java refers to a set of <BR>packages. So to avoid any confusion, we&apos;ll call <BR>our class “MyLibrary”.  ]]></Caption>
      </captionObject>
      <captionObject>
         <Time>43.600000</Time>
         <Caption><![CDATA[We&apos;ll continue with the test-first approach we <BR>used to create our Book class. <BR>]]></Caption>
      </captionObject>
      <captionObject>
         <Time>49.033333</Time>
         <Caption><![CDATA[The first step is to create the MyLibraryTest <BR>class in the test folder. So we&apos;ll open up the <BR>project. We&apos;ll open up the test folder. ]]></Caption>
      </captionObject>
      <captionObject>
         <Time>57.600000</Time>
         <Caption><![CDATA[We&apos;ll highlight the package and select File / New <BR>/ JUnit Test Case. And we&apos;ll call it <BR>&quot;MyLibraryTest&quot;. ]]></Caption>
      </captionObject>
      <captionObject>
         <Time>77.500000</Time>
         <Caption><![CDATA[Press Finish ... and we have our new test class. <BR>Now let&apos;s write our constructor test method. <BR>]]></Caption>
      </captionObject>
      <captionObject>
         <Time>91.600000</Time>
         <Caption><![CDATA[First, we&apos;ll put in a comment saying &quot;test <BR>constructor&quot;. <BR>]]></Caption>
      </captionObject>
      <captionObject>
         <Time>97.100000</Time>
         <Caption><![CDATA[Then we&apos;ll create the test constructor method, <BR>which is &quot;public void testMyLibrary() {&quot;<BR>		]]></Caption>
      </captionObject>
      <captionObject>
         <Time>103.833333</Time>
         <Caption><![CDATA[And the first line just creates a new MyLibrary <BR>object. So we use Code Assist to type <BR>&quot;MyLibrary ml = new MyLibrary(&quot; ]]></Caption>
      </captionObject>
      <captionObject>
         <Time>114.233333</Time>
         <Caption><![CDATA[and we&apos;ll give it the name &quot;Test&quot;. We&apos;ll double-<BR>click to give ourselves more space.<BR>]]></Caption>
      </captionObject>
      <captionObject>
         <Time>121.000000</Time>
         <Caption><![CDATA[Now, this first assert statement is the same as <BR>we&apos;ve seen before: &quot;assertEquals(&quot;. <BR>]]></Caption>
      </captionObject>
      <captionObject>
         <Time>128.133333</Time>
         <Caption><![CDATA[And we&apos;re going to say that the expected is the <BR>string &quot;Test&quot;, and the actual is &quot;ml.name&quot;.<BR>]]></Caption>
      </captionObject>
      <captionObject>
         <Time>134.700000</Time>
         <Caption><![CDATA[So we&apos;re going to pass in the name of the <BR>MyLibrary object in the constructor. <BR>]]></Caption>
      </captionObject>
      <captionObject>
         <Time>142.500000</Time>
         <Caption><![CDATA[Now, this next line is a new method -- <BR>&quot;assertTrue()&quot;. <BR>]]></Caption>
      </captionObject>
      <captionObject>
         <Time>146.633333</Time>
         <Caption><![CDATA[This method takes a boolean value, so in this case <BR>we&apos;ll say ml.books is an instance of ArrayList. <BR>We&apos;ll talk more about this in a minute. ]]></Caption>
      </captionObject>
      <captionObject>
         <Time>158.900000</Time>
         <Caption><![CDATA[The second line is very similar. We&apos;ll assertTrue <BR>that ml.people is an instance of ArrayList.  <BR>]]></Caption>
      </captionObject>
      <captionObject>
         <Time>172.333333</Time>
         <Caption><![CDATA[Let&apos;s look at these last two lines. A boolean is a <BR>type that evaluates to true or false. <BR>]]></Caption>
      </captionObject>
      <captionObject>
         <Time>181.633333</Time>
         <Caption><![CDATA[The assertTrue() method succeeds if the value <BR>inside the () evaluates to true. <BR>]]></Caption>
      </captionObject>
      <captionObject>
         <Time>190.700000</Time>
         <Caption><![CDATA[We are also using a new operator called <BR>“instanceof”. This tests whether an object is an <BR>instance of a type ]]></Caption>
      </captionObject>
      <captionObject>
         <Time>199.133333</Time>
         <Caption><![CDATA[(e.g., &quot;ml.books instanceof ArrayList&quot;).  This <BR>will return true if ml.books is an ArrayList. And, <BR>in the next line, if ml.people is an ArrayList.  ]]></Caption>
      </captionObject>
      <captionObject>
         <Time>214.800000</Time>
         <Caption><![CDATA[So we are simply asserting that ml.books and <BR>ml.people are both ArrayLists. <BR>]]></Caption>
      </captionObject>
      <captionObject>
         <Time>221.800000</Time>
         <Caption><![CDATA[Now, let&apos;s use Quick Fix to help us create the <BR>MyLibary class.  If we click on the first error, <BR>it says &quot;MyLibrary cannot be resolved to a type&quot;. ]]></Caption>
      </captionObject>
      <captionObject>
         <Time>232.200000</Time>
         <Caption><![CDATA[Remember from before that, if we press Ctrl+1, the <BR>first option is to create a class called <BR>MyLibrary. ]]></Caption>
      </captionObject>
      <captionObject>
         <Time>239.700000</Time>
         <Caption><![CDATA[We need to remember to put it in the src folder, <BR>not the test folder. So we&apos;ll change this to <BR>&quot;src&quot;, press Finish, ]]></Caption>
      </captionObject>
      <captionObject>
         <Time>249.100000</Time>
         <Caption><![CDATA[and now Eclipse has created an empty MyLibrary <BR>class for us. <BR>]]></Caption>
      </captionObject>
      <captionObject>
         <Time>257.300000</Time>
         <Caption><![CDATA[Next, we&apos;ll use Quick Fix to create the <BR>constructor for us. If we hit Ctrl+1, the second <BR>option is &quot;Create constructor MyLibrary(String)&quot;. ]]></Caption>
      </captionObject>
      <captionObject>
         <Time>267.900000</Time>
         <Caption><![CDATA[We&apos;ll double-click, and Eclipse has created the <BR>constructor for us. <BR>]]></Caption>
      </captionObject>
      <captionObject>
         <Time>273.400000</Time>
         <Caption><![CDATA[Next, we&apos;ll continue working through the compiler <BR>errors in the test class and, in the process, <BR>create our fields using Quick Fix.]]></Caption>
      </captionObject>
      <captionObject>
         <Time>283.300000</Time>
         <Caption><![CDATA[First, we&apos;ll come down to the compiler error on <BR>name, hit Ctrl+1, and it says &quot;create field name <BR>in MyLibrary&quot;. ]]></Caption>
      </captionObject>
      <captionObject>
         <Time>295.100000</Time>
         <Caption><![CDATA[Now, we&apos;re going to remember to save as we go back <BR>and forth so that these classes are compiled as we <BR>go. ]]></Caption>
      </captionObject>
      <captionObject>
         <Time>305.233333</Time>
         <Caption><![CDATA[Now, we&apos;ll do the same thing. We&apos;ll click on <BR>books, go Ctrl+1, and it will create a field <BR>called books. ]]></Caption>
      </captionObject>
      <captionObject>
         <Time>314.900000</Time>
         <Caption><![CDATA[Notice that it created the field as an Object <BR>type, so we&apos;ll have to come back and look at that. <BR>Again, we&apos;ll save. ]]></Caption>
      </captionObject>
      <captionObject>
         <Time>319.033333</Time>
         <Caption><![CDATA[We&apos;ll go back. We&apos;ve got an error on ArrayList. <BR>Let&apos;s see that that is. If I hit Ctrl+1, it says <BR>we need to import, so we&apos;ll do that. ]]></Caption>
      </captionObject>
      <captionObject>
         <Time>328.700000</Time>
         <Caption><![CDATA[And that adds the import statement to our test <BR>class. <BR>]]></Caption>
      </captionObject>
      <captionObject>
         <Time>332.800000</Time>
         <Caption><![CDATA[Now, we&apos;ll come down to the second field, Ctrl+1, <BR>create field, and now our test class compiles. <BR>]]></Caption>
      </captionObject>
      <captionObject>
         <Time>348.000000</Time>
         <Caption><![CDATA[Another way to check that our project doesn&apos;t have <BR>any compiler errors is to use the problems view. <BR>]]></Caption>
      </captionObject>
      <captionObject>
         <Time>353.700000</Time>
         <Caption><![CDATA[If we double-click, we can check the Problems <BR>view. We have one warning, but we have no compiler <BR>errors. ]]></Caption>
      </captionObject>
      <captionObject>
         <Time>364.000000</Time>
         <Caption><![CDATA[At this point, we&apos;re ready to finish the <BR>constructor method in our MyLibrary class.<BR>]]></Caption>
      </captionObject>
      <captionObject>
         <Time>371.200000</Time>
         <Caption><![CDATA[First, let&apos;s remove the public access modifier on <BR>the fields. Remember that, if we leave out the <BR>access modifier, it means “package-protected”. ]]></Caption>
      </captionObject>
      <captionObject>
         <Time>385.100000</Time>
         <Caption><![CDATA[So other classes inside the <BR>org.totalbeginner.tutorial package can access the <BR>fields ]]></Caption>
      </captionObject>
      <captionObject>
         <Time>392.433333</Time>
         <Caption><![CDATA[so our MyLibraryTest class can access these fields <BR>directly. But other classes outside the package <BR>cannot.  ]]></Caption>
      </captionObject>
      <captionObject>
         <Time>400.700000</Time>
         <Caption><![CDATA[Notice that Quick Fix set the type of books to <BR>object. I think that&apos;s because we didn&apos;t have the <BR>ArrayList import in at that point. ]]></Caption>
      </captionObject>
      <captionObject>
         <Time>411.000000</Time>
         <Caption><![CDATA[And people was set up as an ArrayList, but it <BR>didn&apos;t specify the type. <BR>]]></Caption>
      </captionObject>
      <captionObject>
         <Time>416.733333</Time>
         <Caption><![CDATA[We&apos;ll change these to say &quot;ArrayList&lt;Book&gt;&quot; and <BR>&quot;ArrayList&lt;Person&gt;&quot;. Notice that Eclipse added the <BR>&quot;import java.util&quot; statement for us.]]></Caption>
      </captionObject>
      <captionObject>
         <Time>434.033333</Time>
         <Caption><![CDATA[Now, let&apos;s code the rest of the constructor. Let&apos;s <BR>change this local variable to &quot;name&quot;. I think that <BR>is clearer.  ]]></Caption>
      </captionObject>
      <captionObject>
         <Time>445.600000</Time>
         <Caption><![CDATA[And then we&apos;ll say &quot;this.name = name;&quot;. This is <BR>familiar to you by now. <BR>]]></Caption>
      </captionObject>
      <captionObject>
         <Time>451.833333</Time>
         <Caption><![CDATA[This is saying that the field &quot;name&quot; is being set <BR>to the value of this parameter &quot;name&quot;. <BR>]]></Caption>
      </captionObject>
      <captionObject>
         <Time>460.200000</Time>
         <Caption><![CDATA[Now we need to create empty ArrayList objects. The <BR>first line will be: &quot;books = new ArrayList&lt;Book&gt;<BR>();&quot;]]></Caption>
      </captionObject>
      <captionObject>
         <Time>476.433333</Time>
         <Caption><![CDATA[And then similarly: &quot;people = new ArrayList<BR>&lt;Person&gt;();&quot;<BR>]]></Caption>
      </captionObject>
      <captionObject>
         <Time>483.300000</Time>
         <Caption><![CDATA[Now, there are a few things to note about these <BR>two lines. We&apos;re calling the ArrayList constructor <BR>using the &quot;new&quot; command ]]></Caption>
      </captionObject>
      <captionObject>
         <Time>494.100000</Time>
         <Caption><![CDATA[and we&apos;re using the Generics feature in Java to <BR>restrict the type of objects that can go into <BR>these ArrayLists -- Book or Person.  ]]></Caption>
      </captionObject>
      <captionObject>
         <Time>504.200000</Time>
         <Caption><![CDATA[This syntax might seem a little confusing. We&apos;re <BR>putting the parentheses at the end <BR>]]></Caption>
      </captionObject>
      <captionObject>
         <Time>510.400000</Time>
         <Caption><![CDATA[because we need to include empty parentheses <BR>whenever we call constructors and methods that <BR>have no parameters. ]]></Caption>
      </captionObject>
      <captionObject>
         <Time>518.100000</Time>
         <Caption><![CDATA[Notice that, up here, when we name the fields, <BR>we&apos;re putting in &quot;ArrayList&lt;Book&gt;&quot; and &quot;ArrayList<BR>&lt;Person&gt;&quot;, we&apos;re declaring the type of the fields.]]></Caption>
      </captionObject>
      <captionObject>
         <Time>528.133333</Time>
         <Caption><![CDATA[And then, down here, when we use these fields, <BR>we&apos;re leaving the type declaration off.  <BR>]]></Caption>
      </captionObject>
      <captionObject>
         <Time>534.133333</Time>
         <Caption><![CDATA[An easy mistake to make in Java is to put the type <BR>in down here when you use the field.  <BR>]]></Caption>
      </captionObject>
      <captionObject>
         <Time>542.900000</Time>
         <Caption><![CDATA[Let&apos;s try this, just to see what happens. So we&apos;ll <BR>say &quot;ArrayList&lt;Book&gt; books&quot;. <BR>]]></Caption>
      </captionObject>
      <captionObject>
         <Time>555.033333</Time>
         <Caption><![CDATA[Notice that this is now telling us that books is a <BR>local variable that&apos;s never read. <BR>]]></Caption>
      </captionObject>
      <captionObject>
         <Time>566.000000</Time>
         <Caption><![CDATA[By putting this &quot;ArrayList&lt;Book&gt;&quot; in front of the <BR>word books, we are telling the compiler that we&apos;re <BR>declaring a NEW local variable, ]]></Caption>
      </captionObject>
      <captionObject>
         <Time>573.633333</Time>
         <Caption><![CDATA[instead of using a field that we&apos;ve declared <BR>already up here. <BR>]]></Caption>
      </captionObject>
      <captionObject>
         <Time>578.333333</Time>
         <Caption><![CDATA[This is an easy mistake to make. Make sure to <BR>declare each variable only once. If you try to <BR>declare it again, you can get into trouble. ]]></Caption>
      </captionObject>
      <captionObject>
         <Time>591.500000</Time>
         <Caption><![CDATA[So let&apos;s take this out. Notice that &quot;books&quot; now <BR>turns blue, so it knows it&apos;s the same field as up <BR>there. ]]></Caption>
      </captionObject>
      <captionObject>
         <Time>601.800000</Time>
         <Caption><![CDATA[We will save it. Now, let&apos;s run our test to test <BR>the constructor. We&apos;ll go back to the test class. <BR>We&apos;ll go Run / Run As / JUnit Test.  ]]></Caption>
      </captionObject>
      <captionObject>
         <Time>615.533333</Time>
         <Caption><![CDATA[And it succeeds with no errors.<BR><BR>]]></Caption>
      </captionObject>
      <captionObject>
         <Time>620.900000</Time>
         <Caption><![CDATA[Now, one thing to note about JUnit tests is that <BR>all test methods have to start with the word <BR>&quot;test&quot;. ]]></Caption>
      </captionObject>
      <captionObject>
         <Time>631.400000</Time>
         <Caption><![CDATA[For example, if I were to change this method name <BR>to “myLibraryTest”, and re-run the test, <BR>]]></Caption>
      </captionObject>
      <captionObject>
         <Time>646.000000</Time>
         <Caption><![CDATA[I get a warning saying no tests were found in the <BR>test class. The reason is that it only looks for <BR>methods that start with the word &quot;test&quot;. ]]></Caption>
      </captionObject>
      <captionObject>
         <Time>665.100000</Time>
         <Caption><![CDATA[We&apos;ll change it back, and re-run it, and we&apos;re <BR>good.<BR>]]></Caption>
      </captionObject>
      <captionObject>
         <Time>671.933333</Time>
         <Caption><![CDATA[Now, let&apos;s try one more thing. Remember that we <BR>added the restriction to only allow Book types to <BR>the books list. ]]></Caption>
      </captionObject>
      <captionObject>
         <Time>682.033333</Time>
         <Caption><![CDATA[Let&apos;s see what happens if we try to add a <BR>different type to the list. <BR>]]></Caption>
      </captionObject>
      <captionObject>
         <Time>686.900000</Time>
         <Caption><![CDATA[So let&apos;s type &quot;ml.books&quot; which gives us an <BR>ArrayList, &quot;.add(&quot;, and let&apos;s try adding a String. <BR>]]></Caption>
      </captionObject>
      <captionObject>
         <Time>696.800000</Time>
         <Caption><![CDATA[We get a compiler error saying the method &quot;add<BR>(Book) is not applicable for the arguments <BR>(String)&quot;, just like we got in the scrapbook. ]]></Caption>
      </captionObject>
      <captionObject>
         <Time>706.300000</Time>
         <Caption><![CDATA[So, we&apos;ll remove this line, and save our file. <BR>Let&apos;s re-run the test one more time. Again it <BR>succeeds. ]]></Caption>
      </captionObject>
      <captionObject>
         <Time>719.500000</Time>
         <Caption><![CDATA[At this point, we&apos;ve got a working constructor for <BR>our Mylibrary class. <BR>]]></Caption>
      </captionObject>
      <captionObject>
         <Time>726.600000</Time>
         <Caption><![CDATA[In the next lesson, we&apos;ll start adding other <BR>methods to this class. <BR>]]></Caption>
      </captionObject>
      <captionObject>
         <Time>731.100000</Time>
         <Caption><![CDATA[This is the end of Lesson 10. I&apos;m Mark Dexter <BR>saying so long for now. <BR>]]></Caption>
      </captionObject>
      <captionObject>
         <Time>736.533333</Time>
         <Caption><![CDATA[(Closing music ...)<BR><BR>]]></Caption>
      </captionObject>
   </array>
</CaptionXML>
</Caption_Array_Object>
</CaptionPlayerXML_Array>
<CaptionFontHeight>23</CaptionFontHeight>
<MaxCaptionsCharsPerLine>50</MaxCaptionsCharsPerLine>
<TimelineCaptionCount>80</TimelineCaptionCount>
<CaptionHeight>0</CaptionHeight>
<CloseCaptions_Array>
<captionObject>
<Time>0.000000</Time>
<Caption><![CDATA[(Opening music ...)<BR><BR>]]></Caption>
</captionObject>
<captionObject>
<Time>9.633333</Time>
<Caption><![CDATA[Hello again. Welcome back to Eclipse and Java for <BR>Total Beginners. In this lesson, we&apos;re going to <BR>create our library class. ]]></Caption>
</captionObject>
<captionObject>
<Time>17.300000</Time>
<Caption><![CDATA[This class is going to hold lists of Book and <BR>Person objects, representing the books we own and <BR>the people who might borrow the books.]]></Caption>
</captionObject>
<captionObject>
<Time>25.733333</Time>
<Caption><![CDATA[Now, the word &quot;library&quot; is not a reserved word in <BR>Java, so we could call our class “library”. <BR>]]></Caption>
</captionObject>
<captionObject>
<Time>32.633333</Time>
<Caption><![CDATA[However, a library in Java refers to a set of <BR>packages. So to avoid any confusion, we&apos;ll call <BR>our class “MyLibrary”.  ]]></Caption>
</captionObject>
<captionObject>
<Time>43.600000</Time>
<Caption><![CDATA[We&apos;ll continue with the test-first approach we <BR>used to create our Book class. <BR>]]></Caption>
</captionObject>
<captionObject>
<Time>49.033333</Time>
<Caption><![CDATA[The first step is to create the MyLibraryTest <BR>class in the test folder. So we&apos;ll open up the <BR>project. We&apos;ll open up the test folder. ]]></Caption>
</captionObject>
<captionObject>
<Time>57.600000</Time>
<Caption><![CDATA[We&apos;ll highlight the package and select File / New <BR>/ JUnit Test Case. And we&apos;ll call it <BR>&quot;MyLibraryTest&quot;. ]]></Caption>
</captionObject>
<captionObject>
<Time>77.500000</Time>
<Caption><![CDATA[Press Finish ... and we have our new test class. <BR>Now let&apos;s write our constructor test method. <BR>]]></Caption>
</captionObject>
<captionObject>
<Time>91.600000</Time>
<Caption><![CDATA[First, we&apos;ll put in a comment saying &quot;test <BR>constructor&quot;. <BR>]]></Caption>
</captionObject>
<captionObject>
<Time>97.100000</Time>
<Caption><![CDATA[Then we&apos;ll create the test constructor method, <BR>which is &quot;public void testMyLibrary() {&quot;<BR>		]]></Caption>
</captionObject>
<captionObject>
<Time>103.833333</Time>
<Caption><![CDATA[And the first line just creates a new MyLibrary <BR>object. So we use Code Assist to type <BR>&quot;MyLibrary ml = new MyLibrary(&quot; ]]></Caption>
</captionObject>
<captionObject>
<Time>114.233333</Time>
<Caption><![CDATA[and we&apos;ll give it the name &quot;Test&quot;. We&apos;ll double-<BR>click to give ourselves more space.<BR>]]></Caption>
</captionObject>
<captionObject>
<Time>121.000000</Time>
<Caption><![CDATA[Now, this first assert statement is the same as <BR>we&apos;ve seen before: &quot;assertEquals(&quot;. <BR>]]></Caption>
</captionObject>
<captionObject>
<Time>128.133333</Time>
<Caption><![CDATA[And we&apos;re going to say that the expected is the <BR>string &quot;Test&quot;, and the actual is &quot;ml.name&quot;.<BR>]]></Caption>
</captionObject>
<captionObject>
<Time>134.700000</Time>
<Caption><![CDATA[So we&apos;re going to pass in the name of the <BR>MyLibrary object in the constructor. <BR>]]></Caption>
</captionObject>
<captionObject>
<Time>142.500000</Time>
<Caption><![CDATA[Now, this next line is a new method -- <BR>&quot;assertTrue()&quot;. <BR>]]></Caption>
</captionObject>
<captionObject>
<Time>146.633333</Time>
<Caption><![CDATA[This method takes a boolean value, so in this case <BR>we&apos;ll say ml.books is an instance of ArrayList. <BR>We&apos;ll talk more about this in a minute. ]]></Caption>
</captionObject>
<captionObject>
<Time>158.900000</Time>
<Caption><![CDATA[The second line is very similar. We&apos;ll assertTrue <BR>that ml.people is an instance of ArrayList.  <BR>]]></Caption>
</captionObject>
<captionObject>
<Time>172.333333</Time>
<Caption><![CDATA[Let&apos;s look at these last two lines. A boolean is a <BR>type that evaluates to true or false. <BR>]]></Caption>
</captionObject>
<captionObject>
<Time>181.633333</Time>
<Caption><![CDATA[The assertTrue() method succeeds if the value <BR>inside the () evaluates to true. <BR>]]></Caption>
</captionObject>
<captionObject>
<Time>190.700000</Time>
<Caption><![CDATA[We are also using a new operator called <BR>“instanceof”. This tests whether an object is an <BR>instance of a type ]]></Caption>
</captionObject>
<captionObject>
<Time>199.133333</Time>
<Caption><![CDATA[(e.g., &quot;ml.books instanceof ArrayList&quot;).  This <BR>will return true if ml.books is an ArrayList. And, <BR>in the next line, if ml.people is an ArrayList.  ]]></Caption>
</captionObject>
<captionObject>
<Time>214.800000</Time>
<Caption><![CDATA[So we are simply asserting that ml.books and <BR>ml.people are both ArrayLists. <BR>]]></Caption>
</captionObject>
<captionObject>
<Time>221.800000</Time>
<Caption><![CDATA[Now, let&apos;s use Quick Fix to help us create the <BR>MyLibary class.  If we click on the first error, <BR>it says &quot;MyLibrary cannot be resolved to a type&quot;. ]]></Caption>
</captionObject>
<captionObject>
<Time>232.200000</Time>
<Caption><![CDATA[Remember from before that, if we press Ctrl+1, the <BR>first option is to create a class called <BR>MyLibrary. ]]></Caption>
</captionObject>
<captionObject>
<Time>239.700000</Time>
<Caption><![CDATA[We need to remember to put it in the src folder, <BR>not the test folder. So we&apos;ll change this to <BR>&quot;src&quot;, press Finish, ]]></Caption>
</captionObject>
<captionObject>
<Time>249.100000</Time>
<Caption><![CDATA[and now Eclipse has created an empty MyLibrary <BR>class for us. <BR>]]></Caption>
</captionObject>
<captionObject>
<Time>257.300000</Time>
<Caption><![CDATA[Next, we&apos;ll use Quick Fix to create the <BR>constructor for us. If we hit Ctrl+1, the second <BR>option is &quot;Create constructor MyLibrary(String)&quot;. ]]></Caption>
</captionObject>
<captionObject>
<Time>267.900000</Time>
<Caption><![CDATA[We&apos;ll double-click, and Eclipse has created the <BR>constructor for us. <BR>]]></Caption>
</captionObject>
<captionObject>
<Time>273.400000</Time>
<Caption><![CDATA[Next, we&apos;ll continue working through the compiler <BR>errors in the test class and, in the process, <BR>create our fields using Quick Fix.]]></Caption>
</captionObject>
<captionObject>
<Time>283.300000</Time>
<Caption><![CDATA[First, we&apos;ll come down to the compiler error on <BR>name, hit Ctrl+1, and it says &quot;create field name <BR>in MyLibrary&quot;. ]]></Caption>
</captionObject>
<captionObject>
<Time>295.100000</Time>
<Caption><![CDATA[Now, we&apos;re going to remember to save as we go back <BR>and forth so that these classes are compiled as we <BR>go. ]]></Caption>
</captionObject>
<captionObject>
<Time>305.233333</Time>
<Caption><![CDATA[Now, we&apos;ll do the same thing. We&apos;ll click on <BR>books, go Ctrl+1, and it will create a field <BR>called books. ]]></Caption>
</captionObject>
<captionObject>
<Time>314.900000</Time>
<Caption><![CDATA[Notice that it created the field as an Object <BR>type, so we&apos;ll have to come back and look at that. <BR>Again, we&apos;ll save. ]]></Caption>
</captionObject>
<captionObject>
<Time>319.033333</Time>
<Caption><![CDATA[We&apos;ll go back. We&apos;ve got an error on ArrayList. <BR>Let&apos;s see that that is. If I hit Ctrl+1, it says <BR>we need to import, so we&apos;ll do that. ]]></Caption>
</captionObject>
<captionObject>
<Time>328.700000</Time>
<Caption><![CDATA[And that adds the import statement to our test <BR>class. <BR>]]></Caption>
</captionObject>
<captionObject>
<Time>332.800000</Time>
<Caption><![CDATA[Now, we&apos;ll come down to the second field, Ctrl+1, <BR>create field, and now our test class compiles. <BR>]]></Caption>
</captionObject>
<captionObject>
<Time>348.000000</Time>
<Caption><![CDATA[Another way to check that our project doesn&apos;t have <BR>any compiler errors is to use the problems view. <BR>]]></Caption>
</captionObject>
<captionObject>
<Time>353.700000</Time>
<Caption><![CDATA[If we double-click, we can check the Problems <BR>view. We have one warning, but we have no compiler <BR>errors. ]]></Caption>
</captionObject>
<captionObject>
<Time>364.000000</Time>
<Caption><![CDATA[At this point, we&apos;re ready to finish the <BR>constructor method in our MyLibrary class.<BR>]]></Caption>
</captionObject>
<captionObject>
<Time>371.200000</Time>
<Caption><![CDATA[First, let&apos;s remove the public access modifier on <BR>the fields. Remember that, if we leave out the <BR>access modifier, it means “package-protected”. ]]></Caption>
</captionObject>
<captionObject>
<Time>385.100000</Time>
<Caption><![CDATA[So other classes inside the <BR>org.totalbeginner.tutorial package can access the <BR>fields ]]></Caption>
</captionObject>
<captionObject>
<Time>392.433333</Time>
<Caption><![CDATA[so our MyLibraryTest class can access these fields <BR>directly. But other classes outside the package <BR>cannot.  ]]></Caption>
</captionObject>
<captionObject>
<Time>400.700000</Time>
<Caption><![CDATA[Notice that Quick Fix set the type of books to <BR>object. I think that&apos;s because we didn&apos;t have the <BR>ArrayList import in at that point. ]]></Caption>
</captionObject>
<captionObject>
<Time>411.000000</Time>
<Caption><![CDATA[And people was set up as an ArrayList, but it <BR>didn&apos;t specify the type. <BR>]]></Caption>
</captionObject>
<captionObject>
<Time>416.733333</Time>
<Caption><![CDATA[We&apos;ll change these to say &quot;ArrayList&lt;Book&gt;&quot; and <BR>&quot;ArrayList&lt;Person&gt;&quot;. Notice that Eclipse added the <BR>&quot;import java.util&quot; statement for us.]]></Caption>
</captionObject>
<captionObject>
<Time>434.033333</Time>
<Caption><![CDATA[Now, let&apos;s code the rest of the constructor. Let&apos;s <BR>change this local variable to &quot;name&quot;. I think that <BR>is clearer.  ]]></Caption>
</captionObject>
<captionObject>
<Time>445.600000</Time>
<Caption><![CDATA[And then we&apos;ll say &quot;this.name = name;&quot;. This is <BR>familiar to you by now. <BR>]]></Caption>
</captionObject>
<captionObject>
<Time>451.833333</Time>
<Caption><![CDATA[This is saying that the field &quot;name&quot; is being set <BR>to the value of this parameter &quot;name&quot;. <BR>]]></Caption>
</captionObject>
<captionObject>
<Time>460.200000</Time>
<Caption><![CDATA[Now we need to create empty ArrayList objects. The <BR>first line will be: &quot;books = new ArrayList&lt;Book&gt;<BR>();&quot;]]></Caption>
</captionObject>
<captionObject>
<Time>476.433333</Time>
<Caption><![CDATA[And then similarly: &quot;people = new ArrayList<BR>&lt;Person&gt;();&quot;<BR>]]></Caption>
</captionObject>
<captionObject>
<Time>483.300000</Time>
<Caption><![CDATA[Now, there are a few things to note about these <BR>two lines. We&apos;re calling the ArrayList constructor <BR>using the &quot;new&quot; command ]]></Caption>
</captionObject>
<captionObject>
<Time>494.100000</Time>
<Caption><![CDATA[and we&apos;re using the Generics feature in Java to <BR>restrict the type of objects that can go into <BR>these ArrayLists -- Book or Person.  ]]></Caption>
</captionObject>
<captionObject>
<Time>504.200000</Time>
<Caption><![CDATA[This syntax might seem a little confusing. We&apos;re <BR>putting the parentheses at the end <BR>]]></Caption>
</captionObject>
<captionObject>
<Time>510.400000</Time>
<Caption><![CDATA[because we need to include empty parentheses <BR>whenever we call constructors and methods that <BR>have no parameters. ]]></Caption>
</captionObject>
<captionObject>
<Time>518.100000</Time>
<Caption><![CDATA[Notice that, up here, when we name the fields, <BR>we&apos;re putting in &quot;ArrayList&lt;Book&gt;&quot; and &quot;ArrayList<BR>&lt;Person&gt;&quot;, we&apos;re declaring the type of the fields.]]></Caption>
</captionObject>
<captionObject>
<Time>528.133333</Time>
<Caption><![CDATA[And then, down here, when we use these fields, <BR>we&apos;re leaving the type declaration off.  <BR>]]></Caption>
</captionObject>
<captionObject>
<Time>534.133333</Time>
<Caption><![CDATA[An easy mistake to make in Java is to put the type <BR>in down here when you use the field.  <BR>]]></Caption>
</captionObject>
<captionObject>
<Time>542.900000</Time>
<Caption><![CDATA[Let&apos;s try this, just to see what happens. So we&apos;ll <BR>say &quot;ArrayList&lt;Book&gt; books&quot;. <BR>]]></Caption>
</captionObject>
<captionObject>
<Time>555.033333</Time>
<Caption><![CDATA[Notice that this is now telling us that books is a <BR>local variable that&apos;s never read. <BR>]]></Caption>
</captionObject>
<captionObject>
<Time>566.000000</Time>
<Caption><![CDATA[By putting this &quot;ArrayList&lt;Book&gt;&quot; in front of the <BR>word books, we are telling the compiler that we&apos;re <BR>declaring a NEW local variable, ]]></Caption>
</captionObject>
<captionObject>
<Time>573.633333</Time>
<Caption><![CDATA[instead of using a field that we&apos;ve declared <BR>already up here. <BR>]]></Caption>
</captionObject>
<captionObject>
<Time>578.333333</Time>
<Caption><![CDATA[This is an easy mistake to make. Make sure to <BR>declare each variable only once. If you try to <BR>declare it again, you can get into trouble. ]]></Caption>
</captionObject>
<captionObject>
<Time>591.500000</Time>
<Caption><![CDATA[So let&apos;s take this out. Notice that &quot;books&quot; now <BR>turns blue, so it knows it&apos;s the same field as up <BR>there. ]]></Caption>
</captionObject>
<captionObject>
<Time>601.800000</Time>
<Caption><![CDATA[We will save it. Now, let&apos;s run our test to test <BR>the constructor. We&apos;ll go back to the test class. <BR>We&apos;ll go Run / Run As / JUnit Test.  ]]></Caption>
</captionObject>
<captionObject>
<Time>615.533333</Time>
<Caption><![CDATA[And it succeeds with no errors.<BR><BR>]]></Caption>
</captionObject>
<captionObject>
<Time>620.900000</Time>
<Caption><![CDATA[Now, one thing to note about JUnit tests is that <BR>all test methods have to start with the word <BR>&quot;test&quot;. ]]></Caption>
</captionObject>
<captionObject>
<Time>631.400000</Time>
<Caption><![CDATA[For example, if I were to change this method name <BR>to “myLibraryTest”, and re-run the test, <BR>]]></Caption>
</captionObject>
<captionObject>
<Time>646.000000</Time>
<Caption><![CDATA[I get a warning saying no tests were found in the <BR>test class. The reason is that it only looks for <BR>methods that start with the word &quot;test&quot;. ]]></Caption>
</captionObject>
<captionObject>
<Time>665.100000</Time>
<Caption><![CDATA[We&apos;ll change it back, and re-run it, and we&apos;re <BR>good.<BR>]]></Caption>
</captionObject>
<captionObject>
<Time>671.933333</Time>
<Caption><![CDATA[Now, let&apos;s try one more thing. Remember that we <BR>added the restriction to only allow Book types to <BR>the books list. ]]></Caption>
</captionObject>
<captionObject>
<Time>682.033333</Time>
<Caption><![CDATA[Let&apos;s see what happens if we try to add a <BR>different type to the list. <BR>]]></Caption>
</captionObject>
<captionObject>
<Time>686.900000</Time>
<Caption><![CDATA[So let&apos;s type &quot;ml.books&quot; which gives us an <BR>ArrayList, &quot;.add(&quot;, and let&apos;s try adding a String. <BR>]]></Caption>
</captionObject>
<captionObject>
<Time>696.800000</Time>
<Caption><![CDATA[We get a compiler error saying the method &quot;add<BR>(Book) is not applicable for the arguments <BR>(String)&quot;, just like we got in the scrapbook. ]]></Caption>
</captionObject>
<captionObject>
<Time>706.300000</Time>
<Caption><![CDATA[So, we&apos;ll remove this line, and save our file. <BR>Let&apos;s re-run the test one more time. Again it <BR>succeeds. ]]></Caption>
</captionObject>
<captionObject>
<Time>719.500000</Time>
<Caption><![CDATA[At this point, we&apos;ve got a working constructor for <BR>our Mylibrary class. <BR>]]></Caption>
</captionObject>
<captionObject>
<Time>726.600000</Time>
<Caption><![CDATA[In the next lesson, we&apos;ll start adding other <BR>methods to this class. <BR>]]></Caption>
</captionObject>
<captionObject>
<Time>731.100000</Time>
<Caption><![CDATA[This is the end of Lesson 10. I&apos;m Mark Dexter <BR>saying so long for now. <BR>]]></Caption>
</captionObject>
<captionObject>
<Time>736.533333</Time>
<Caption><![CDATA[(Closing music ...)<BR><BR>]]></Caption>
</captionObject>
</CloseCaptions_Array>
<NumMetaDataTypes>34</NumMetaDataTypes>
<MetaData_Array>
<MetaData_Object>
<MetaDataType>Creator</MetaDataType>
<MetaDataValue>Mark Dexter</MetaDataValue>
<MetaDataEmbedName>DC.creator</MetaDataEmbedName>
</MetaData_Object>
</MetaData_Array>
<NumFileTypesUsedByProduction>4</NumFileTypesUsedByProduction>
<FileTypesUsed_Array>
<FileTypeUsed_Object>
<FileTypeName>Video</FileTypeName>
</FileTypeUsed_Object>
<FileTypeUsed_Object>
<FileTypeName>HTMLFile</FileTypeName>
</FileTypeUsed_Object>
<FileTypeUsed_Object>
<FileTypeName>EmbededPlayerJS</FileTypeName>
</FileTypeUsed_Object>
<FileTypeUsed_Object>
<FileTypeName>ProductionInfoXML</FileTypeName>
</FileTypeUsed_Object>
</FileTypesUsed_Array>
<NumFilesTotal>4</NumFilesTotal>
<ProducedFiles_Array>
<ProducedFile_Object>
<FileName>C:\Documents and Settings\Mark\My Documents\Camtasia Studio\Total Beginners\output-200711\lesson10\lesson10.swf</FileName>
<FileSize>13693515</FileSize>
<FileType>Video</FileType>
<WhichFilesOfCurType>0</WhichFilesOfCurType>
<TotalFilesOfCurType>1</TotalFilesOfCurType>
</ProducedFile_Object>
<ProducedFile_Object>
<FileName>C:\Documents and Settings\Mark\My Documents\Camtasia Studio\Total Beginners\output-200711\lesson10\lesson10.html</FileName>
<FileSize>0</FileSize>
<FileType>HTMLFile</FileType>
<WhichFilesOfCurType>0</WhichFilesOfCurType>
<TotalFilesOfCurType>1</TotalFilesOfCurType>
</ProducedFile_Object>
<ProducedFile_Object>
<FileName>C:\Documents and Settings\Mark\My Documents\Camtasia Studio\Total Beginners\output-200711\lesson10\swfobject.js</FileName>
<FileSize>0</FileSize>
<FileType>EmbededPlayerJS</FileType>
<WhichFilesOfCurType>0</WhichFilesOfCurType>
<TotalFilesOfCurType>1</TotalFilesOfCurType>
</ProducedFile_Object>
<ProducedFile_Object>
<FileName>C:\Documents and Settings\Mark\My Documents\Camtasia Studio\Total Beginners\output-200711\lesson10\ProductionInfo.xml</FileName>
<FileSize>0</FileSize>
<FileType>ProductionInfoXML</FileType>
<WhichFilesOfCurType>0</WhichFilesOfCurType>
<TotalFilesOfCurType>1</TotalFilesOfCurType>
</ProducedFile_Object>
</ProducedFiles_Array>
<OutputBasePath>C:\Documents and Settings\Mark\My Documents\Camtasia Studio\Total Beginners\output-200711\lesson10\</OutputBasePath>
<ProductionFormat>SWF</ProductionFormat>
<NumVideoSegments>1</NumVideoSegments>
<NumHTMLFiles>1</NumHTMLFiles>
<TotalProductionSize>13693515</TotalProductionSize>
<m_cf_rtRenderRangeStart>-1</m_cf_rtRenderRangeStart>
<m_cf_rtRenderRangeStop>-1</m_cf_rtRenderRangeStop>
<m_cf_strTempDir>C:\DOCUME~1\Mark\LOCALS~1\Temp\</m_cf_strTempDir>
<m_cf_bWritePIPFile>0</m_cf_bWritePIPFile>
<m_cf_bDisablePIPVideo>1</m_cf_bDisablePIPVideo>
<m_cf_bWriteIndex>1</m_cf_bWriteIndex>
<m_cf_bWriteMultipleFiles>0</m_cf_bWriteMultipleFiles>
<m_cf_strHTMLTemplateName>Template.htm</m_cf_strHTMLTemplateName>
<m_cf_HTMLAlignment>1</m_cf_HTMLAlignment>
<m_cf_bSCORMOutput>0</m_cf_bSCORMOutput>
<m_cf_bController>1</m_cf_bController>
<m_cf_bAutoPlay>1</m_cf_bAutoPlay>
<m_cf_bNumberIndexMarkers>0</m_cf_bNumberIndexMarkers>
<m_cf_bShortenIndexNames>1</m_cf_bShortenIndexNames>
<m_cf_nShortenedIndexLength>17</m_cf_nShortenedIndexLength>
<m_cf_bQuizShowFeedback>1</m_cf_bQuizShowFeedback>
<m_cf_bEMailQuizResults>0</m_cf_bEMailQuizResults>
<m_cf_bEMailIncludeScore>0</m_cf_bEMailIncludeScore>
<m_cf_bJavaScriptQuizResults>0</m_cf_bJavaScriptQuizResults>
<m_cf_bHTMLOutput>1</m_cf_bHTMLOutput>
<m_cf_SCORMVersion>0</m_cf_SCORMVersion>
<m_cf_strManifestID>ID-9305653E-3CA3-49D4-8C95-A18B8F0E5D55</m_cf_strManifestID>
<m_cf_strManifestTitle></m_cf_strManifestTitle>
<m_cf_strDuration>0:13:59.01</m_cf_strDuration>
<m_cf_strSubject></m_cf_strSubject>
<m_cf_strManifestDescription></m_cf_strManifestDescription>
<m_cf_strLanguage>en</m_cf_strLanguage>
<m_cf_SCORMPackage>2</m_cf_SCORMPackage>
<m_cf_strSCOTitle></m_cf_strSCOTitle>
<m_cf_ProductionFormat>8</m_cf_ProductionFormat>
<m_cf_strTitle></m_cf_strTitle>
<m_cf_strAuthor>Mark Dexter</m_cf_strAuthor>
<m_cf_strCopyright></m_cf_strCopyright>
<m_cf_strDescription></m_cf_strDescription>
<m_cf_MultiFileOutputStyle>0</m_cf_MultiFileOutputStyle>
<m_cf_strVideoCompressor>Techsmith Screen Capture Codec</m_cf_strVideoCompressor>
<m_cf_bAddCaption>0</m_cf_bAddCaption>
<m_cf_bWriteCCInfo>1</m_cf_bWriteCCInfo>
<m_cf_bOverlayCaption>1</m_cf_bOverlayCaption>
<m_cf_strCaptionFontFamily>Microsoft Sans Serif</m_cf_strCaptionFontFamily>
<m_cf_bAddIPODFileToProduction>0</m_cf_bAddIPODFileToProduction>
<m_cf_bAddMP3FileToProduction>0</m_cf_bAddMP3FileToProduction>
<m_cf_bAddPPTFileToProduction>0</m_cf_bAddPPTFileToProduction>
<m_cf_strPPTFileToAddToProduction></m_cf_strPPTFileToAddToProduction>
<m_cf_bAviEncodeAudio>1</m_cf_bAviEncodeAudio>
<m_cf_AVIFrameRate>10</m_cf_AVIFrameRate>
<m_cf_nKeyFrameRate>30</m_cf_nKeyFrameRate>
<m_cf_PIP_nKeyFrameRate>30</m_cf_PIP_nKeyFrameRate>
<m_cf_PIP_AVIFrameRate>0</m_cf_PIP_AVIFrameRate>
<m_cf_SwfPlaybackControls>0</m_cf_SwfPlaybackControls>
<m_cf_strControllerSkinName>glass</m_cf_strControllerSkinName>
<m_cf_nSwfTargetVersion>7</m_cf_nSwfTargetVersion>
<m_cf_bSwfMatchPreloadMovieSize>0</m_cf_bSwfMatchPreloadMovieSize>
<m_cf_bSwfPauseAtStart>1</m_cf_bSwfPauseAtStart>
<m_cf_bSwfPreloadAdvanced>1</m_cf_bSwfPreloadAdvanced>
<m_cf_bSwfSingleSWF>1</m_cf_bSwfSingleSWF>
<m_cf_nSwfMainMovieLoadPercent>10</m_cf_nSwfMainMovieLoadPercent>
<m_cf_nSwfPreloadMinDisplayTime>3</m_cf_nSwfPreloadMinDisplayTime>
<m_cf_clrSwfControlColor>0x00C0C0C0</m_cf_clrSwfControlColor>
<m_cf_bSwfShowAboutBtn>1</m_cf_bSwfShowAboutBtn>
<m_cf_strSwfAboutBoxTxt>Copyright (c) 2007 Mark Dexter. Licensed under the Educational Community License version 1.0.</m_cf_strSwfAboutBoxTxt>
<m_cf_strSwfAboutBoxInfoTxt></m_cf_strSwfAboutBoxInfoTxt>
<m_cf_strSwfAboutTitle>Total Beginners</m_cf_strSwfAboutTitle>
<m_cf_strSwfStartTxt>Eclipse and Java for Total Beginners</m_cf_strSwfStartTxt>
<m_cf_SwfAboutBoxWidth>336</m_cf_SwfAboutBoxWidth>
<m_cf_SwfAboutBoxHeight>270</m_cf_SwfAboutBoxHeight>
<m_cf_bSwfAboutBoxTabSelected>1</m_cf_bSwfAboutBoxTabSelected>
<m_cf_strSwfTimeDisplayFormat>MM:SS</m_cf_strSwfTimeDisplayFormat>
<m_cf_bSwfCCInitiallyVisible>0</m_cf_bSwfCCInitiallyVisible>
<m_cf_bSwfFullScreen>0</m_cf_bSwfFullScreen>
<m_cf_bSwfAllowResizing>1</m_cf_bSwfAllowResizing>
<m_cf_nSwfVolueme>50</m_cf_nSwfVolueme>
<m_cf_bSwfBrandContextMenu>0</m_cf_bSwfBrandContextMenu>
<m_cf_SwfTOCType>1</m_cf_SwfTOCType>
<m_cf_SwfTOCTitle></m_cf_SwfTOCTitle>
<m_cf_bSwfShowMovieDuration>1</m_cf_bSwfShowMovieDuration>
<m_cf_bSwfShowTimeElapsed>1</m_cf_bSwfShowTimeElapsed>
<m_cf_strSwfTimeFont>Arial</m_cf_strSwfTimeFont>
<m_cf_clrSwfTimeFontColor>0x00000000</m_cf_clrSwfTimeFontColor>
<m_cf_SwfEndAction>0</m_cf_SwfEndAction>
<m_cf_strSwfEndActionUrl>http://</m_cf_strSwfEndActionUrl>
<m_cf_nSwfEndActionTarget>0</m_cf_nSwfEndActionTarget>
<m_cf_bPauseAfterJump>1</m_cf_bPauseAfterJump>
<m_cf_rtJumpPoint>0</m_cf_rtJumpPoint>
<m_cf_strSwfStartLogo></m_cf_strSwfStartLogo>
<m_cf_strSwfEndLogo>EndLogo</m_cf_strSwfEndLogo>
<m_cf_strSwfAboutLogo></m_cf_strSwfAboutLogo>
<m_cf_strSwfAboutTitleLogo></m_cf_strSwfAboutTitleLogo>
<m_cf_strSwfTocLogo></m_cf_strSwfTocLogo>
</Production_Data>
